2025-12-23 23:52:17,384 - asyncio - ERROR - Task exception was never retrieved
future: <Task finished name='Task-548' coro=<TikTokLiveClient._ws_client_loop() done, defined at C:\Users\zilai\AppData\Local\Programs\Python\Python311\Lib\site-packages\TikTokLive\client\client.py:308> exception=TimeoutError()>
Traceback (most recent call last):
  File "C:\Users\zilai\AppData\Local\Programs\Python\Python311\Lib\site-packages\websockets\legacy\client.py", line 652, in __await_impl__
    _transport, protocol = await self._create_connection()
                           ^^^^^^^^^^^^^^^^^^^^^^^^^^^^^^^
  File "C:\Users\zilai\AppData\Local\Programs\Python\Python311\Lib\asyncio\base_events.py", line 1070, in create_connection
    sock = await self._connect_sock(
           ^^^^^^^^^^^^^^^^^^^^^^^^^
  File "C:\Users\zilai\AppData\Local\Programs\Python\Python311\Lib\asyncio\base_events.py", line 974, in _connect_sock
    await self.sock_connect(sock, address)
  File "C:\Users\zilai\AppData\Local\Programs\Python\Python311\Lib\asyncio\proactor_events.py", line 726, in sock_connect
    return await self._proactor.connect(sock, address)
           ^^^^^^^^^^^^^^^^^^^^^^^^^^^^^^^^^^^^^^^^^^^
asyncio.exceptions.CancelledError

The above exception was the direct cause of the following exception:

Traceback (most recent call last):
  File "C:\Users\zilai\AppData\Local\Programs\Python\Python311\Lib\site-packages\TikTokLive\client\client.py", line 325, in _ws_client_loop
    async for webcast_response in self._ws.connect(
  File "C:\Users\zilai\AppData\Local\Programs\Python\Python311\Lib\site-packages\TikTokLive\client\ws\ws_client.py", line 256, in connect
    async for webcast_push_frame, webcast_response in typing.cast(WebcastIterator, self._connection_generator):
  File "C:\Users\zilai\AppData\Local\Programs\Python\Python311\Lib\site-packages\TikTokLive\client\ws\ws_connect.py", line 83, in __aiter__
    async with self as protocol:
  File "C:\Users\zilai\AppData\Local\Programs\Python\Python311\Lib\site-packages\websockets\legacy\client.py", line 633, in __aenter__
    return await self
           ^^^^^^^^^^
  File "C:\Users\zilai\AppData\Local\Programs\Python\Python311\Lib\site-packages\websockets\legacy\client.py", line 650, in __await_impl__
    async with asyncio_timeout(self.open_timeout):
  File "C:\Users\zilai\AppData\Local\Programs\Python\Python311\Lib\asyncio\timeouts.py", line 115, in __aexit__
    raise TimeoutError from exc_val
TimeoutError
2025-12-23 23:52:17,392 - asyncio - ERROR - Task exception was never retrieved
future: <Task finished name='Task-546' coro=<TikTokLiveClient._ws_client_loop() done, defined at C:\Users\zilai\AppData\Local\Programs\Python\Python311\Lib\site-packages\TikTokLive\client\client.py:308> exception=TimeoutError()>
Traceback (most recent call last):
  File "C:\Users\zilai\AppData\Local\Programs\Python\Python311\Lib\site-packages\websockets\legacy\client.py", line 652, in __await_impl__
    _transport, protocol = await self._create_connection()
                           ^^^^^^^^^^^^^^^^^^^^^^^^^^^^^^^
  File "C:\Users\zilai\AppData\Local\Programs\Python\Python311\Lib\asyncio\base_events.py", line 1070, in create_connection
    sock = await self._connect_sock(
           ^^^^^^^^^^^^^^^^^^^^^^^^^
  File "C:\Users\zilai\AppData\Local\Programs\Python\Python311\Lib\asyncio\base_events.py", line 974, in _connect_sock
    await self.sock_connect(sock, address)
  File "C:\Users\zilai\AppData\Local\Programs\Python\Python311\Lib\asyncio\proactor_events.py", line 726, in sock_connect
    return await self._proactor.connect(sock, address)
           ^^^^^^^^^^^^^^^^^^^^^^^^^^^^^^^^^^^^^^^^^^^
asyncio.exceptions.CancelledError

The above exception was the direct cause of the following exception:

Traceback (most recent call last):
  File "C:\Users\zilai\AppData\Local\Programs\Python\Python311\Lib\site-packages\TikTokLive\client\client.py", line 325, in _ws_client_loop
    async for webcast_response in self._ws.connect(
  File "C:\Users\zilai\AppData\Local\Programs\Python\Python311\Lib\site-packages\TikTokLive\client\ws\ws_client.py", line 256, in connect
    async for webcast_push_frame, webcast_response in typing.cast(WebcastIterator, self._connection_generator):
  File "C:\Users\zilai\AppData\Local\Programs\Python\Python311\Lib\site-packages\TikTokLive\client\ws\ws_connect.py", line 83, in __aiter__
    async with self as protocol:
  File "C:\Users\zilai\AppData\Local\Programs\Python\Python311\Lib\site-packages\websockets\legacy\client.py", line 633, in __aenter__
    return await self
           ^^^^^^^^^^
  File "C:\Users\zilai\AppData\Local\Programs\Python\Python311\Lib\site-packages\websockets\legacy\client.py", line 650, in __await_impl__
    async with asyncio_timeout(self.open_timeout):
  File "C:\Users\zilai\AppData\Local\Programs\Python\Python311\Lib\asyncio\timeouts.py", line 115, in __aexit__
    raise TimeoutError from exc_val
TimeoutError
2025-12-23 23:52:17,395 - asyncio - ERROR - Task exception was never retrieved
future: <Task finished name='Task-549' coro=<TikTokLiveClient._ws_client_loop() done, defined at C:\Users\zilai\AppData\Local\Programs\Python\Python311\Lib\site-packages\TikTokLive\client\client.py:308> exception=TimeoutError()>
Traceback (most recent call last):
  File "C:\Users\zilai\AppData\Local\Programs\Python\Python311\Lib\site-packages\websockets\legacy\client.py", line 652, in __await_impl__
    _transport, protocol = await self._create_connection()
                           ^^^^^^^^^^^^^^^^^^^^^^^^^^^^^^^
  File "C:\Users\zilai\AppData\Local\Programs\Python\Python311\Lib\asyncio\base_events.py", line 1070, in create_connection
    sock = await self._connect_sock(
           ^^^^^^^^^^^^^^^^^^^^^^^^^
  File "C:\Users\zilai\AppData\Local\Programs\Python\Python311\Lib\asyncio\base_events.py", line 974, in _connect_sock
    await self.sock_connect(sock, address)
  File "C:\Users\zilai\AppData\Local\Programs\Python\Python311\Lib\asyncio\proactor_events.py", line 726, in sock_connect
    return await self._proactor.connect(sock, address)
           ^^^^^^^^^^^^^^^^^^^^^^^^^^^^^^^^^^^^^^^^^^^
asyncio.exceptions.CancelledError

The above exception was the direct cause of the following exception:

Traceback (most recent call last):
  File "C:\Users\zilai\AppData\Local\Programs\Python\Python311\Lib\site-packages\TikTokLive\client\client.py", line 325, in _ws_client_loop
    async for webcast_response in self._ws.connect(
  File "C:\Users\zilai\AppData\Local\Programs\Python\Python311\Lib\site-packages\TikTokLive\client\ws\ws_client.py", line 256, in connect
    async for webcast_push_frame, webcast_response in typing.cast(WebcastIterator, self._connection_generator):
  File "C:\Users\zilai\AppData\Local\Programs\Python\Python311\Lib\site-packages\TikTokLive\client\ws\ws_connect.py", line 83, in __aiter__
    async with self as protocol:
  File "C:\Users\zilai\AppData\Local\Programs\Python\Python311\Lib\site-packages\websockets\legacy\client.py", line 633, in __aenter__
    return await self
           ^^^^^^^^^^
  File "C:\Users\zilai\AppData\Local\Programs\Python\Python311\Lib\site-packages\websockets\legacy\client.py", line 650, in __await_impl__
    async with asyncio_timeout(self.open_timeout):
  File "C:\Users\zilai\AppData\Local\Programs\Python\Python311\Lib\asyncio\timeouts.py", line 115, in __aexit__
    raise TimeoutError from exc_val
TimeoutError
2025-12-23 23:52:17,397 - asyncio - ERROR - Task exception was never retrieved
future: <Task finished name='Task-551' coro=<TikTokLiveClient._ws_client_loop() done, defined at C:\Users\zilai\AppData\Local\Programs\Python\Python311\Lib\site-packages\TikTokLive\client\client.py:308> exception=TimeoutError()>
Traceback (most recent call last):
  File "C:\Users\zilai\AppData\Local\Programs\Python\Python311\Lib\site-packages\websockets\legacy\client.py", line 652, in __await_impl__
    _transport, protocol = await self._create_connection()
                           ^^^^^^^^^^^^^^^^^^^^^^^^^^^^^^^
  File "C:\Users\zilai\AppData\Local\Programs\Python\Python311\Lib\asyncio\base_events.py", line 1070, in create_connection
    sock = await self._connect_sock(
           ^^^^^^^^^^^^^^^^^^^^^^^^^
  File "C:\Users\zilai\AppData\Local\Programs\Python\Python311\Lib\asyncio\base_events.py", line 974, in _connect_sock
    await self.sock_connect(sock, address)
  File "C:\Users\zilai\AppData\Local\Programs\Python\Python311\Lib\asyncio\proactor_events.py", line 726, in sock_connect
    return await self._proactor.connect(sock, address)
           ^^^^^^^^^^^^^^^^^^^^^^^^^^^^^^^^^^^^^^^^^^^
asyncio.exceptions.CancelledError

The above exception was the direct cause of the following exception:

Traceback (most recent call last):
  File "C:\Users\zilai\AppData\Local\Programs\Python\Python311\Lib\site-packages\TikTokLive\client\client.py", line 325, in _ws_client_loop
    async for webcast_response in self._ws.connect(
  File "C:\Users\zilai\AppData\Local\Programs\Python\Python311\Lib\site-packages\TikTokLive\client\ws\ws_client.py", line 256, in connect
    async for webcast_push_frame, webcast_response in typing.cast(WebcastIterator, self._connection_generator):
  File "C:\Users\zilai\AppData\Local\Programs\Python\Python311\Lib\site-packages\TikTokLive\client\ws\ws_connect.py", line 83, in __aiter__
    async with self as protocol:
  File "C:\Users\zilai\AppData\Local\Programs\Python\Python311\Lib\site-packages\websockets\legacy\client.py", line 633, in __aenter__
    return await self
           ^^^^^^^^^^
  File "C:\Users\zilai\AppData\Local\Programs\Python\Python311\Lib\site-packages\websockets\legacy\client.py", line 650, in __await_impl__
    async with asyncio_timeout(self.open_timeout):
  File "C:\Users\zilai\AppData\Local\Programs\Python\Python311\Lib\asyncio\timeouts.py", line 115, in __aexit__
    raise TimeoutError from exc_val
TimeoutError
2025-12-23 23:52:17,404 - __main__ - INFO - 检查 @user9836661800791 是否在直播...
2025-12-23 23:52:17,404 - __main__ - INFO - 开始监控 @user9836661800791 的直播...
2025-12-23 23:52:17,720 - httpx - INFO - HTTP Request: GET https://webcast.tiktok.com/webcast/room/check_alive/?aid=1988&app_language=en&app_name=tiktok_web&browser_language=en-JM&browser_name=Mozilla&browser_online=true&browser_platform=MacIntel&browser_version=5.0%20%28Macintosh%3B%20Intel%20Mac%20OS%20X%2010_15_7%29%20AppleWebKit%2F537.36%20%28KHTML%2C%20like%20Gecko%29%20Chrome%2F129.0.0.0%20Safari%2F537.36%20Edg%2F128.0.2739.79&cookie_enabled=true&device_platform=web_pc&focus_state=true&from_page=&history_len=5&is_fullscreen=false&is_page_visible=true&screen_height=2048&screen_width=1152&tz_name=America/Jamaica&channel=tiktok_web&data_collection_enabled=true&os=mac&priority_region=JM&region=JM&user_is_login=false&webcast_language=en&msToken=&referer=https://www.tiktok.com/@user9836661800791/live&root_referer=https://www.tiktok.com/@user9836661800791/live&device_id=80096378347986870456&room_id=7587003846677777173&room_ids=7587003846677777173 "HTTP/1.1 200 OK"
2025-12-23 23:52:18,217 - httpx - INFO - HTTP Request: GET https://webcast.tiktok.com/webcast/room/info/?aid=1988&app_language=en&app_name=tiktok_web&browser_language=en-JM&browser_name=Mozilla&browser_online=true&browser_platform=MacIntel&browser_version=5.0%20%28Macintosh%3B%20Intel%20Mac%20OS%20X%2010_15_7%29%20AppleWebKit%2F537.36%20%28KHTML%2C%20like%20Gecko%29%20Chrome%2F129.0.0.0%20Safari%2F537.36%20Edg%2F128.0.2739.79&cookie_enabled=true&device_platform=web_pc&focus_state=true&from_page=&history_len=5&is_fullscreen=false&is_page_visible=true&screen_height=2048&screen_width=1152&tz_name=America/Jamaica&channel=tiktok_web&data_collection_enabled=true&os=mac&priority_region=JM&region=JM&user_is_login=false&webcast_language=en&msToken=&referer=https://www.tiktok.com/@user9836661800791/live&root_referer=https://www.tiktok.com/@user9836661800791/live&device_id=24536098174781095582&room_id=7587003846677777173 "HTTP/1.1 200 OK"
2025-12-23 23:52:18,793 - httpx - INFO - HTTP Request: GET https://webcast.tiktok.com/webcast/gift/list/?aid=1988&app_language=en&app_name=tiktok_web&browser_language=en-JM&browser_name=Mozilla&browser_online=true&browser_platform=MacIntel&browser_version=5.0%20%28Macintosh%3B%20Intel%20Mac%20OS%20X%2010_15_7%29%20AppleWebKit%2F537.36%20%28KHTML%2C%20like%20Gecko%29%20Chrome%2F129.0.0.0%20Safari%2F537.36%20Edg%2F128.0.2739.79&cookie_enabled=true&device_platform=web_pc&focus_state=true&from_page=&history_len=5&is_fullscreen=false&is_page_visible=true&screen_height=2048&screen_width=1152&tz_name=America/Jamaica&channel=tiktok_web&data_collection_enabled=true&os=mac&priority_region=JM&region=JM&user_is_login=false&webcast_language=en&msToken=&referer=https://www.tiktok.com/@user9836661800791/live&root_referer=https://www.tiktok.com/@user9836661800791/live&device_id=18914331943155204171&room_id=7587003846677777173 "HTTP/1.1 200 OK"
2025-12-23 23:52:20,200 - httpx - INFO - HTTP Request: GET https://tiktok.eulerstream.com/webcast/fetch/?client=ttlive-python&room_id=7587003846677777173&user_agent=Mozilla%2F5.0+%28Macintosh%3B+Intel+Mac+OS+X+10_15_7%29+AppleWebKit%2F537.36+%28KHTML%2C+like+Gecko%29+Chrome%2F129.0.0.0+Safari%2F537.36+Edg%2F128.0.2739.79&platform=web&client_enter=true "HTTP/1.1 200 OK"
2025-12-23 23:52:20,368 - __main__ - INFO - @user9836661800791 连接成功，开始监控
2025-12-23 23:52:20,828 - httpx - INFO - HTTP Request: GET https://www.tiktok.com/@user9836661800791/live? "HTTP/1.1 200 OK"
2025-12-23 23:52:21,471 - httpx - INFO - HTTP Request: GET https://webcast.tiktok.com/webcast/room/info/?aid=1988&app_language=en&app_name=tiktok_web&browser_language=en-JM&browser_name=Mozilla&browser_online=true&browser_platform=MacIntel&browser_version=5.0%20%28Macintosh%3B%20Intel%20Mac%20OS%20X%2010_15_7%29%20AppleWebKit%2F537.36%20%28KHTML%2C%20like%20Gecko%29%20Chrome%2F129.0.0.0%20Safari%2F537.36%20Edg%2F128.0.2739.79&cookie_enabled=true&device_platform=web_pc&focus_state=true&from_page=&history_len=5&is_fullscreen=false&is_page_visible=true&screen_height=2048&screen_width=1152&tz_name=America/Jamaica&channel=tiktok_web&data_collection_enabled=true&os=mac&priority_region=JM&region=JM&user_is_login=false&webcast_language=en&msToken=&referer=https://www.tiktok.com/@user9836661800791/live&root_referer=https://www.tiktok.com/@user9836661800791/live&device_id=19524573766072783306&room_id=7587003846677777173 "HTTP/1.1 200 OK"
2025-12-23 23:52:22,105 - httpx - INFO - HTTP Request: GET https://webcast.tiktok.com/webcast/gift/list/?aid=1988&app_language=en&app_name=tiktok_web&browser_language=en-JM&browser_name=Mozilla&browser_online=true&browser_platform=MacIntel&browser_version=5.0%20%28Macintosh%3B%20Intel%20Mac%20OS%20X%2010_15_7%29%20AppleWebKit%2F537.36%20%28KHTML%2C%20like%20Gecko%29%20Chrome%2F129.0.0.0%20Safari%2F537.36%20Edg%2F128.0.2739.79&cookie_enabled=true&device_platform=web_pc&focus_state=true&from_page=&history_len=5&is_fullscreen=false&is_page_visible=true&screen_height=2048&screen_width=1152&tz_name=America/Jamaica&channel=tiktok_web&data_collection_enabled=true&os=mac&priority_region=JM&region=JM&user_is_login=false&webcast_language=en&msToken=&referer=https://www.tiktok.com/@user9836661800791/live&root_referer=https://www.tiktok.com/@user9836661800791/live&device_id=21876504818186393057&room_id=7587003846677777173 "HTTP/1.1 200 OK"
2025-12-23 23:52:22,178 - __main__ - INFO - 检查 @user9836661800791 是否在直播...
2025-12-23 23:52:22,179 - __main__ - INFO - 开始监控 @user9836661800791 的直播...
2025-12-23 23:52:22,554 - httpx - INFO - HTTP Request: GET https://webcast.tiktok.com/webcast/room/check_alive/?aid=1988&app_language=en&app_name=tiktok_web&browser_language=en-JM&browser_name=Mozilla&browser_online=true&browser_platform=MacIntel&browser_version=5.0%20%28Macintosh%3B%20Intel%20Mac%20OS%20X%2010_15_7%29%20AppleWebKit%2F537.36%20%28KHTML%2C%20like%20Gecko%29%20Chrome%2F129.0.0.0%20Safari%2F537.36%20Edg%2F128.0.2739.79&cookie_enabled=true&device_platform=web_pc&focus_state=true&from_page=&history_len=5&is_fullscreen=false&is_page_visible=true&screen_height=2048&screen_width=1152&tz_name=America/Jamaica&channel=tiktok_web&data_collection_enabled=true&os=mac&priority_region=JM&region=JM&user_is_login=false&webcast_language=en&msToken=&referer=https://www.tiktok.com/@user9836661800791/live&root_referer=https://www.tiktok.com/@user9836661800791/live&device_id=62523810886564664776&room_id=7587003846677777173&room_ids=7587003846677777173 "HTTP/1.1 200 OK"
2025-12-23 23:52:23,002 - httpx - INFO - HTTP Request: GET https://webcast.tiktok.com/webcast/room/info/?aid=1988&app_language=en&app_name=tiktok_web&browser_language=en-JM&browser_name=Mozilla&browser_online=true&browser_platform=MacIntel&browser_version=5.0%20%28Macintosh%3B%20Intel%20Mac%20OS%20X%2010_15_7%29%20AppleWebKit%2F537.36%20%28KHTML%2C%20like%20Gecko%29%20Chrome%2F129.0.0.0%20Safari%2F537.36%20Edg%2F128.0.2739.79&cookie_enabled=true&device_platform=web_pc&focus_state=true&from_page=&history_len=5&is_fullscreen=false&is_page_visible=true&screen_height=2048&screen_width=1152&tz_name=America/Jamaica&channel=tiktok_web&data_collection_enabled=true&os=mac&priority_region=JM&region=JM&user_is_login=false&webcast_language=en&msToken=&referer=https://www.tiktok.com/@user9836661800791/live&root_referer=https://www.tiktok.com/@user9836661800791/live&device_id=82859590869311174689&room_id=7587003846677777173 "HTTP/1.1 200 OK"
2025-12-23 23:52:23,643 - httpx - INFO - HTTP Request: GET https://webcast.tiktok.com/webcast/gift/list/?aid=1988&app_language=en&app_name=tiktok_web&browser_language=en-JM&browser_name=Mozilla&browser_online=true&browser_platform=MacIntel&browser_version=5.0%20%28Macintosh%3B%20Intel%20Mac%20OS%20X%2010_15_7%29%20AppleWebKit%2F537.36%20%28KHTML%2C%20like%20Gecko%29%20Chrome%2F129.0.0.0%20Safari%2F537.36%20Edg%2F128.0.2739.79&cookie_enabled=true&device_platform=web_pc&focus_state=true&from_page=&history_len=5&is_fullscreen=false&is_page_visible=true&screen_height=2048&screen_width=1152&tz_name=America/Jamaica&channel=tiktok_web&data_collection_enabled=true&os=mac&priority_region=JM&region=JM&user_is_login=false&webcast_language=en&msToken=&referer=https://www.tiktok.com/@user9836661800791/live&root_referer=https://www.tiktok.com/@user9836661800791/live&device_id=55604944407769090585&room_id=7587003846677777173 "HTTP/1.1 200 OK"
2025-12-23 23:52:25,114 - httpx - INFO - HTTP Request: GET https://tiktok.eulerstream.com/webcast/fetch/?client=ttlive-python&room_id=7587003846677777173&user_agent=Mozilla%2F5.0+%28Macintosh%3B+Intel+Mac+OS+X+10_15_7%29+AppleWebKit%2F537.36+%28KHTML%2C+like+Gecko%29+Chrome%2F129.0.0.0+Safari%2F537.36+Edg%2F128.0.2739.79&platform=web&client_enter=true "HTTP/1.1 200 OK"
2025-12-23 23:52:25,232 - __main__ - INFO - @user9836661800791 连接成功，开始监控
2025-12-23 23:52:25,785 - httpx - INFO - HTTP Request: GET https://www.tiktok.com/@user9836661800791/live? "HTTP/1.1 200 OK"
2025-12-23 23:52:26,285 - httpx - INFO - HTTP Request: GET https://webcast.tiktok.com/webcast/room/info/?aid=1988&app_language=en&app_name=tiktok_web&browser_language=en-JM&browser_name=Mozilla&browser_online=true&browser_platform=MacIntel&browser_version=5.0%20%28Macintosh%3B%20Intel%20Mac%20OS%20X%2010_15_7%29%20AppleWebKit%2F537.36%20%28KHTML%2C%20like%20Gecko%29%20Chrome%2F129.0.0.0%20Safari%2F537.36%20Edg%2F128.0.2739.79&cookie_enabled=true&device_platform=web_pc&focus_state=true&from_page=&history_len=5&is_fullscreen=false&is_page_visible=true&screen_height=2048&screen_width=1152&tz_name=America/Jamaica&channel=tiktok_web&data_collection_enabled=true&os=mac&priority_region=JM&region=JM&user_is_login=false&webcast_language=en&msToken=&referer=https://www.tiktok.com/@user9836661800791/live&root_referer=https://www.tiktok.com/@user9836661800791/live&device_id=28057382403420429938&room_id=7587003846677777173 "HTTP/1.1 200 OK"
2025-12-23 23:52:26,909 - httpx - INFO - HTTP Request: GET https://webcast.tiktok.com/webcast/gift/list/?aid=1988&app_language=en&app_name=tiktok_web&browser_language=en-JM&browser_name=Mozilla&browser_online=true&browser_platform=MacIntel&browser_version=5.0%20%28Macintosh%3B%20Intel%20Mac%20OS%20X%2010_15_7%29%20AppleWebKit%2F537.36%20%28KHTML%2C%20like%20Gecko%29%20Chrome%2F129.0.0.0%20Safari%2F537.36%20Edg%2F128.0.2739.79&cookie_enabled=true&device_platform=web_pc&focus_state=true&from_page=&history_len=5&is_fullscreen=false&is_page_visible=true&screen_height=2048&screen_width=1152&tz_name=America/Jamaica&channel=tiktok_web&data_collection_enabled=true&os=mac&priority_region=JM&region=JM&user_is_login=false&webcast_language=en&msToken=&referer=https://www.tiktok.com/@user9836661800791/live&root_referer=https://www.tiktok.com/@user9836661800791/live&device_id=94493257277066732619&room_id=7587003846677777173 "HTTP/1.1 200 OK"
2025-12-23 23:52:27,096 - __main__ - INFO - 检查 @user9836661800791 是否在直播...
2025-12-23 23:52:27,097 - __main__ - INFO - 开始监控 @user9836661800791 的直播...
2025-12-23 23:52:27,540 - httpx - INFO - HTTP Request: GET https://webcast.tiktok.com/webcast/room/check_alive/?aid=1988&app_language=en&app_name=tiktok_web&browser_language=en-JM&browser_name=Mozilla&browser_online=true&browser_platform=MacIntel&browser_version=5.0%20%28Macintosh%3B%20Intel%20Mac%20OS%20X%2010_15_7%29%20AppleWebKit%2F537.36%20%28KHTML%2C%20like%20Gecko%29%20Chrome%2F129.0.0.0%20Safari%2F537.36%20Edg%2F128.0.2739.79&cookie_enabled=true&device_platform=web_pc&focus_state=true&from_page=&history_len=5&is_fullscreen=false&is_page_visible=true&screen_height=2048&screen_width=1152&tz_name=America/Jamaica&channel=tiktok_web&data_collection_enabled=true&os=mac&priority_region=JM&region=JM&user_is_login=false&webcast_language=en&msToken=&referer=https://www.tiktok.com/@user9836661800791/live&root_referer=https://www.tiktok.com/@user9836661800791/live&device_id=91934871925584452193&room_id=7587003846677777173&room_ids=7587003846677777173 "HTTP/1.1 200 OK"
2025-12-23 23:52:27,923 - httpx - INFO - HTTP Request: GET https://webcast.tiktok.com/webcast/room/info/?aid=1988&app_language=en&app_name=tiktok_web&browser_language=en-JM&browser_name=Mozilla&browser_online=true&browser_platform=MacIntel&browser_version=5.0%20%28Macintosh%3B%20Intel%20Mac%20OS%20X%2010_15_7%29%20AppleWebKit%2F537.36%20%28KHTML%2C%20like%20Gecko%29%20Chrome%2F129.0.0.0%20Safari%2F537.36%20Edg%2F128.0.2739.79&cookie_enabled=true&device_platform=web_pc&focus_state=true&from_page=&history_len=5&is_fullscreen=false&is_page_visible=true&screen_height=2048&screen_width=1152&tz_name=America/Jamaica&channel=tiktok_web&data_collection_enabled=true&os=mac&priority_region=JM&region=JM&user_is_login=false&webcast_language=en&msToken=&referer=https://www.tiktok.com/@user9836661800791/live&root_referer=https://www.tiktok.com/@user9836661800791/live&device_id=36485825100697227869&room_id=7587003846677777173 "HTTP/1.1 200 OK"
2025-12-23 23:52:28,558 - httpx - INFO - HTTP Request: GET https://webcast.tiktok.com/webcast/gift/list/?aid=1988&app_language=en&app_name=tiktok_web&browser_language=en-JM&browser_name=Mozilla&browser_online=true&browser_platform=MacIntel&browser_version=5.0%20%28Macintosh%3B%20Intel%20Mac%20OS%20X%2010_15_7%29%20AppleWebKit%2F537.36%20%28KHTML%2C%20like%20Gecko%29%20Chrome%2F129.0.0.0%20Safari%2F537.36%20Edg%2F128.0.2739.79&cookie_enabled=true&device_platform=web_pc&focus_state=true&from_page=&history_len=5&is_fullscreen=false&is_page_visible=true&screen_height=2048&screen_width=1152&tz_name=America/Jamaica&channel=tiktok_web&data_collection_enabled=true&os=mac&priority_region=JM&region=JM&user_is_login=false&webcast_language=en&msToken=&referer=https://www.tiktok.com/@user9836661800791/live&root_referer=https://www.tiktok.com/@user9836661800791/live&device_id=55749267165238302854&room_id=7587003846677777173 "HTTP/1.1 200 OK"
2025-12-23 23:52:30,231 - httpx - INFO - HTTP Request: GET https://tiktok.eulerstream.com/webcast/fetch/?client=ttlive-python&room_id=7587003846677777173&user_agent=Mozilla%2F5.0+%28Macintosh%3B+Intel+Mac+OS+X+10_15_7%29+AppleWebKit%2F537.36+%28KHTML%2C+like+Gecko%29+Chrome%2F129.0.0.0+Safari%2F537.36+Edg%2F128.0.2739.79&platform=web&client_enter=true "HTTP/1.1 200 OK"
2025-12-23 23:52:30,248 - __main__ - INFO - @user9836661800791 连接成功，开始监控
2025-12-23 23:52:31,448 - httpx - INFO - HTTP Request: GET https://www.tiktok.com/@user9836661800791/live? "HTTP/1.1 200 OK"
2025-12-23 23:52:31,975 - httpx - INFO - HTTP Request: GET https://webcast.tiktok.com/webcast/room/info/?aid=1988&app_language=en&app_name=tiktok_web&browser_language=en-JM&browser_name=Mozilla&browser_online=true&browser_platform=MacIntel&browser_version=5.0%20%28Macintosh%3B%20Intel%20Mac%20OS%20X%2010_15_7%29%20AppleWebKit%2F537.36%20%28KHTML%2C%20like%20Gecko%29%20Chrome%2F129.0.0.0%20Safari%2F537.36%20Edg%2F128.0.2739.79&cookie_enabled=true&device_platform=web_pc&focus_state=true&from_page=&history_len=5&is_fullscreen=false&is_page_visible=true&screen_height=2048&screen_width=1152&tz_name=America/Jamaica&channel=tiktok_web&data_collection_enabled=true&os=mac&priority_region=JM&region=JM&user_is_login=false&webcast_language=en&msToken=&referer=https://www.tiktok.com/@user9836661800791/live&root_referer=https://www.tiktok.com/@user9836661800791/live&device_id=18876172454860655829&room_id=7587003846677777173 "HTTP/1.1 200 OK"
2025-12-23 23:52:32,558 - httpx - INFO - HTTP Request: GET https://webcast.tiktok.com/webcast/gift/list/?aid=1988&app_language=en&app_name=tiktok_web&browser_language=en-JM&browser_name=Mozilla&browser_online=true&browser_platform=MacIntel&browser_version=5.0%20%28Macintosh%3B%20Intel%20Mac%20OS%20X%2010_15_7%29%20AppleWebKit%2F537.36%20%28KHTML%2C%20like%20Gecko%29%20Chrome%2F129.0.0.0%20Safari%2F537.36%20Edg%2F128.0.2739.79&cookie_enabled=true&device_platform=web_pc&focus_state=true&from_page=&history_len=5&is_fullscreen=false&is_page_visible=true&screen_height=2048&screen_width=1152&tz_name=America/Jamaica&channel=tiktok_web&data_collection_enabled=true&os=mac&priority_region=JM&region=JM&user_is_login=false&webcast_language=en&msToken=&referer=https://www.tiktok.com/@user9836661800791/live&root_referer=https://www.tiktok.com/@user9836661800791/live&device_id=84613428761952343057&room_id=7587003846677777173 "HTTP/1.1 200 OK"
2025-12-23 23:52:32,620 - __main__ - INFO - 检查 @user9836661800791 是否在直播...
2025-12-23 23:52:32,624 - __main__ - INFO - 开始监控 @user9836661800791 的直播...
2025-12-23 23:52:32,925 - httpx - INFO - HTTP Request: GET https://webcast.tiktok.com/webcast/room/check_alive/?aid=1988&app_language=en&app_name=tiktok_web&browser_language=en-JM&browser_name=Mozilla&browser_online=true&browser_platform=MacIntel&browser_version=5.0%20%28Macintosh%3B%20Intel%20Mac%20OS%20X%2010_15_7%29%20AppleWebKit%2F537.36%20%28KHTML%2C%20like%20Gecko%29%20Chrome%2F129.0.0.0%20Safari%2F537.36%20Edg%2F128.0.2739.79&cookie_enabled=true&device_platform=web_pc&focus_state=true&from_page=&history_len=5&is_fullscreen=false&is_page_visible=true&screen_height=2048&screen_width=1152&tz_name=America/Jamaica&channel=tiktok_web&data_collection_enabled=true&os=mac&priority_region=JM&region=JM&user_is_login=false&webcast_language=en&msToken=&referer=https://www.tiktok.com/@user9836661800791/live&root_referer=https://www.tiktok.com/@user9836661800791/live&device_id=85034229744971115914&room_id=7587003846677777173&room_ids=7587003846677777173 "HTTP/1.1 200 OK"
2025-12-23 23:52:33,309 - httpx - INFO - HTTP Request: GET https://webcast.tiktok.com/webcast/room/info/?aid=1988&app_language=en&app_name=tiktok_web&browser_language=en-JM&browser_name=Mozilla&browser_online=true&browser_platform=MacIntel&browser_version=5.0%20%28Macintosh%3B%20Intel%20Mac%20OS%20X%2010_15_7%29%20AppleWebKit%2F537.36%20%28KHTML%2C%20like%20Gecko%29%20Chrome%2F129.0.0.0%20Safari%2F537.36%20Edg%2F128.0.2739.79&cookie_enabled=true&device_platform=web_pc&focus_state=true&from_page=&history_len=5&is_fullscreen=false&is_page_visible=true&screen_height=2048&screen_width=1152&tz_name=America/Jamaica&channel=tiktok_web&data_collection_enabled=true&os=mac&priority_region=JM&region=JM&user_is_login=false&webcast_language=en&msToken=&referer=https://www.tiktok.com/@user9836661800791/live&root_referer=https://www.tiktok.com/@user9836661800791/live&device_id=64203492534833325574&room_id=7587003846677777173 "HTTP/1.1 200 OK"
2025-12-23 23:52:33,826 - httpx - INFO - HTTP Request: GET https://webcast.tiktok.com/webcast/gift/list/?aid=1988&app_language=en&app_name=tiktok_web&browser_language=en-JM&browser_name=Mozilla&browser_online=true&browser_platform=MacIntel&browser_version=5.0%20%28Macintosh%3B%20Intel%20Mac%20OS%20X%2010_15_7%29%20AppleWebKit%2F537.36%20%28KHTML%2C%20like%20Gecko%29%20Chrome%2F129.0.0.0%20Safari%2F537.36%20Edg%2F128.0.2739.79&cookie_enabled=true&device_platform=web_pc&focus_state=true&from_page=&history_len=5&is_fullscreen=false&is_page_visible=true&screen_height=2048&screen_width=1152&tz_name=America/Jamaica&channel=tiktok_web&data_collection_enabled=true&os=mac&priority_region=JM&region=JM&user_is_login=false&webcast_language=en&msToken=&referer=https://www.tiktok.com/@user9836661800791/live&root_referer=https://www.tiktok.com/@user9836661800791/live&device_id=52521632164203701486&room_id=7587003846677777173 "HTTP/1.1 200 OK"
2025-12-23 23:52:35,350 - httpx - INFO - HTTP Request: GET https://tiktok.eulerstream.com/webcast/fetch/?client=ttlive-python&room_id=7587003846677777173&user_agent=Mozilla%2F5.0+%28Macintosh%3B+Intel+Mac+OS+X+10_15_7%29+AppleWebKit%2F537.36+%28KHTML%2C+like+Gecko%29+Chrome%2F129.0.0.0+Safari%2F537.36+Edg%2F128.0.2739.79&platform=web&client_enter=true "HTTP/1.1 200 OK"
2025-12-23 23:52:35,547 - __main__ - INFO - @user9836661800791 连接成功，开始监控
2025-12-23 23:52:35,983 - httpx - INFO - HTTP Request: GET https://www.tiktok.com/@user9836661800791/live? "HTTP/1.1 200 OK"
2025-12-23 23:52:36,551 - httpx - INFO - HTTP Request: GET https://webcast.tiktok.com/webcast/room/info/?aid=1988&app_language=en&app_name=tiktok_web&browser_language=en-JM&browser_name=Mozilla&browser_online=true&browser_platform=MacIntel&browser_version=5.0%20%28Macintosh%3B%20Intel%20Mac%20OS%20X%2010_15_7%29%20AppleWebKit%2F537.36%20%28KHTML%2C%20like%20Gecko%29%20Chrome%2F129.0.0.0%20Safari%2F537.36%20Edg%2F128.0.2739.79&cookie_enabled=true&device_platform=web_pc&focus_state=true&from_page=&history_len=5&is_fullscreen=false&is_page_visible=true&screen_height=2048&screen_width=1152&tz_name=America/Jamaica&channel=tiktok_web&data_collection_enabled=true&os=mac&priority_region=JM&region=JM&user_is_login=false&webcast_language=en&msToken=&referer=https://www.tiktok.com/@user9836661800791/live&root_referer=https://www.tiktok.com/@user9836661800791/live&device_id=69316220216552685497&room_id=7587003846677777173 "HTTP/1.1 200 OK"
2025-12-23 23:52:37,091 - httpx - INFO - HTTP Request: GET https://webcast.tiktok.com/webcast/gift/list/?aid=1988&app_language=en&app_name=tiktok_web&browser_language=en-JM&browser_name=Mozilla&browser_online=true&browser_platform=MacIntel&browser_version=5.0%20%28Macintosh%3B%20Intel%20Mac%20OS%20X%2010_15_7%29%20AppleWebKit%2F537.36%20%28KHTML%2C%20like%20Gecko%29%20Chrome%2F129.0.0.0%20Safari%2F537.36%20Edg%2F128.0.2739.79&cookie_enabled=true&device_platform=web_pc&focus_state=true&from_page=&history_len=5&is_fullscreen=false&is_page_visible=true&screen_height=2048&screen_width=1152&tz_name=America/Jamaica&channel=tiktok_web&data_collection_enabled=true&os=mac&priority_region=JM&region=JM&user_is_login=false&webcast_language=en&msToken=&referer=https://www.tiktok.com/@user9836661800791/live&root_referer=https://www.tiktok.com/@user9836661800791/live&device_id=81115572032037485467&room_id=7587003846677777173 "HTTP/1.1 200 OK"
2025-12-23 23:52:37,184 - asyncio - ERROR - Task exception was never retrieved
future: <Task finished name='Task-553' coro=<TikTokLiveClient._ws_client_loop() done, defined at C:\Users\zilai\AppData\Local\Programs\Python\Python311\Lib\site-packages\TikTokLive\client\client.py:308> exception=TimeoutError()>
Traceback (most recent call last):
  File "C:\Users\zilai\AppData\Local\Programs\Python\Python311\Lib\site-packages\websockets\legacy\client.py", line 652, in __await_impl__
    _transport, protocol = await self._create_connection()
                           ^^^^^^^^^^^^^^^^^^^^^^^^^^^^^^^
  File "C:\Users\zilai\AppData\Local\Programs\Python\Python311\Lib\asyncio\base_events.py", line 1070, in create_connection
    sock = await self._connect_sock(
           ^^^^^^^^^^^^^^^^^^^^^^^^^
  File "C:\Users\zilai\AppData\Local\Programs\Python\Python311\Lib\asyncio\base_events.py", line 974, in _connect_sock
    await self.sock_connect(sock, address)
  File "C:\Users\zilai\AppData\Local\Programs\Python\Python311\Lib\asyncio\proactor_events.py", line 726, in sock_connect
    return await self._proactor.connect(sock, address)
           ^^^^^^^^^^^^^^^^^^^^^^^^^^^^^^^^^^^^^^^^^^^
asyncio.exceptions.CancelledError

The above exception was the direct cause of the following exception:

Traceback (most recent call last):
  File "C:\Users\zilai\AppData\Local\Programs\Python\Python311\Lib\site-packages\TikTokLive\client\client.py", line 325, in _ws_client_loop
    async for webcast_response in self._ws.connect(
  File "C:\Users\zilai\AppData\Local\Programs\Python\Python311\Lib\site-packages\TikTokLive\client\ws\ws_client.py", line 256, in connect
    async for webcast_push_frame, webcast_response in typing.cast(WebcastIterator, self._connection_generator):
  File "C:\Users\zilai\AppData\Local\Programs\Python\Python311\Lib\site-packages\TikTokLive\client\ws\ws_connect.py", line 83, in __aiter__
    async with self as protocol:
  File "C:\Users\zilai\AppData\Local\Programs\Python\Python311\Lib\site-packages\websockets\legacy\client.py", line 633, in __aenter__
    return await self
           ^^^^^^^^^^
  File "C:\Users\zilai\AppData\Local\Programs\Python\Python311\Lib\site-packages\websockets\legacy\client.py", line 650, in __await_impl__
    async with asyncio_timeout(self.open_timeout):
  File "C:\Users\zilai\AppData\Local\Programs\Python\Python311\Lib\asyncio\timeouts.py", line 115, in __aexit__
    raise TimeoutError from exc_val
TimeoutError
2025-12-23 23:52:37,185 - asyncio - ERROR - Task exception was never retrieved
future: <Task finished name='Task-552' coro=<TikTokLiveClient._ws_client_loop() done, defined at C:\Users\zilai\AppData\Local\Programs\Python\Python311\Lib\site-packages\TikTokLive\client\client.py:308> exception=TimeoutError()>
Traceback (most recent call last):
  File "C:\Users\zilai\AppData\Local\Programs\Python\Python311\Lib\site-packages\websockets\legacy\client.py", line 652, in __await_impl__
    _transport, protocol = await self._create_connection()
                           ^^^^^^^^^^^^^^^^^^^^^^^^^^^^^^^
  File "C:\Users\zilai\AppData\Local\Programs\Python\Python311\Lib\asyncio\base_events.py", line 1070, in create_connection
    sock = await self._connect_sock(
           ^^^^^^^^^^^^^^^^^^^^^^^^^
  File "C:\Users\zilai\AppData\Local\Programs\Python\Python311\Lib\asyncio\base_events.py", line 974, in _connect_sock
    await self.sock_connect(sock, address)
  File "C:\Users\zilai\AppData\Local\Programs\Python\Python311\Lib\asyncio\proactor_events.py", line 726, in sock_connect
    return await self._proactor.connect(sock, address)
           ^^^^^^^^^^^^^^^^^^^^^^^^^^^^^^^^^^^^^^^^^^^
asyncio.exceptions.CancelledError

The above exception was the direct cause of the following exception:

Traceback (most recent call last):
  File "C:\Users\zilai\AppData\Local\Programs\Python\Python311\Lib\site-packages\TikTokLive\client\client.py", line 325, in _ws_client_loop
    async for webcast_response in self._ws.connect(
  File "C:\Users\zilai\AppData\Local\Programs\Python\Python311\Lib\site-packages\TikTokLive\client\ws\ws_client.py", line 256, in connect
    async for webcast_push_frame, webcast_response in typing.cast(WebcastIterator, self._connection_generator):
  File "C:\Users\zilai\AppData\Local\Programs\Python\Python311\Lib\site-packages\TikTokLive\client\ws\ws_connect.py", line 83, in __aiter__
    async with self as protocol:
  File "C:\Users\zilai\AppData\Local\Programs\Python\Python311\Lib\site-packages\websockets\legacy\client.py", line 633, in __aenter__
    return await self
           ^^^^^^^^^^
  File "C:\Users\zilai\AppData\Local\Programs\Python\Python311\Lib\site-packages\websockets\legacy\client.py", line 650, in __await_impl__
    async with asyncio_timeout(self.open_timeout):
  File "C:\Users\zilai\AppData\Local\Programs\Python\Python311\Lib\asyncio\timeouts.py", line 115, in __aexit__
    raise TimeoutError from exc_val
TimeoutError
2025-12-23 23:52:37,187 - asyncio - ERROR - Task exception was never retrieved
future: <Task finished name='Task-554' coro=<TikTokLiveClient._ws_client_loop() done, defined at C:\Users\zilai\AppData\Local\Programs\Python\Python311\Lib\site-packages\TikTokLive\client\client.py:308> exception=TimeoutError()>
Traceback (most recent call last):
  File "C:\Users\zilai\AppData\Local\Programs\Python\Python311\Lib\site-packages\websockets\legacy\client.py", line 652, in __await_impl__
    _transport, protocol = await self._create_connection()
                           ^^^^^^^^^^^^^^^^^^^^^^^^^^^^^^^
  File "C:\Users\zilai\AppData\Local\Programs\Python\Python311\Lib\asyncio\base_events.py", line 1070, in create_connection
    sock = await self._connect_sock(
           ^^^^^^^^^^^^^^^^^^^^^^^^^
  File "C:\Users\zilai\AppData\Local\Programs\Python\Python311\Lib\asyncio\base_events.py", line 974, in _connect_sock
    await self.sock_connect(sock, address)
  File "C:\Users\zilai\AppData\Local\Programs\Python\Python311\Lib\asyncio\proactor_events.py", line 726, in sock_connect
    return await self._proactor.connect(sock, address)
           ^^^^^^^^^^^^^^^^^^^^^^^^^^^^^^^^^^^^^^^^^^^
asyncio.exceptions.CancelledError

The above exception was the direct cause of the following exception:

Traceback (most recent call last):
  File "C:\Users\zilai\AppData\Local\Programs\Python\Python311\Lib\site-packages\TikTokLive\client\client.py", line 325, in _ws_client_loop
    async for webcast_response in self._ws.connect(
  File "C:\Users\zilai\AppData\Local\Programs\Python\Python311\Lib\site-packages\TikTokLive\client\ws\ws_client.py", line 256, in connect
    async for webcast_push_frame, webcast_response in typing.cast(WebcastIterator, self._connection_generator):
  File "C:\Users\zilai\AppData\Local\Programs\Python\Python311\Lib\site-packages\TikTokLive\client\ws\ws_connect.py", line 83, in __aiter__
    async with self as protocol:
  File "C:\Users\zilai\AppData\Local\Programs\Python\Python311\Lib\site-packages\websockets\legacy\client.py", line 633, in __aenter__
    return await self
           ^^^^^^^^^^
  File "C:\Users\zilai\AppData\Local\Programs\Python\Python311\Lib\site-packages\websockets\legacy\client.py", line 650, in __await_impl__
    async with asyncio_timeout(self.open_timeout):
  File "C:\Users\zilai\AppData\Local\Programs\Python\Python311\Lib\asyncio\timeouts.py", line 115, in __aexit__
    raise TimeoutError from exc_val
TimeoutError
2025-12-23 23:52:37,191 - asyncio - ERROR - Task exception was never retrieved
future: <Task finished name='Task-555' coro=<TikTokLiveClient._ws_client_loop() done, defined at C:\Users\zilai\AppData\Local\Programs\Python\Python311\Lib\site-packages\TikTokLive\client\client.py:308> exception=TimeoutError()>
Traceback (most recent call last):
  File "C:\Users\zilai\AppData\Local\Programs\Python\Python311\Lib\site-packages\websockets\legacy\client.py", line 652, in __await_impl__
    _transport, protocol = await self._create_connection()
                           ^^^^^^^^^^^^^^^^^^^^^^^^^^^^^^^
  File "C:\Users\zilai\AppData\Local\Programs\Python\Python311\Lib\asyncio\base_events.py", line 1070, in create_connection
    sock = await self._connect_sock(
           ^^^^^^^^^^^^^^^^^^^^^^^^^
  File "C:\Users\zilai\AppData\Local\Programs\Python\Python311\Lib\asyncio\base_events.py", line 974, in _connect_sock
    await self.sock_connect(sock, address)
  File "C:\Users\zilai\AppData\Local\Programs\Python\Python311\Lib\asyncio\proactor_events.py", line 726, in sock_connect
    return await self._proactor.connect(sock, address)
           ^^^^^^^^^^^^^^^^^^^^^^^^^^^^^^^^^^^^^^^^^^^
asyncio.exceptions.CancelledError

The above exception was the direct cause of the following exception:

Traceback (most recent call last):
  File "C:\Users\zilai\AppData\Local\Programs\Python\Python311\Lib\site-packages\TikTokLive\client\client.py", line 325, in _ws_client_loop
    async for webcast_response in self._ws.connect(
  File "C:\Users\zilai\AppData\Local\Programs\Python\Python311\Lib\site-packages\TikTokLive\client\ws\ws_client.py", line 256, in connect
    async for webcast_push_frame, webcast_response in typing.cast(WebcastIterator, self._connection_generator):
  File "C:\Users\zilai\AppData\Local\Programs\Python\Python311\Lib\site-packages\TikTokLive\client\ws\ws_connect.py", line 83, in __aiter__
    async with self as protocol:
  File "C:\Users\zilai\AppData\Local\Programs\Python\Python311\Lib\site-packages\websockets\legacy\client.py", line 633, in __aenter__
    return await self
           ^^^^^^^^^^
  File "C:\Users\zilai\AppData\Local\Programs\Python\Python311\Lib\site-packages\websockets\legacy\client.py", line 650, in __await_impl__
    async with asyncio_timeout(self.open_timeout):
  File "C:\Users\zilai\AppData\Local\Programs\Python\Python311\Lib\asyncio\timeouts.py", line 115, in __aexit__
    raise TimeoutError from exc_val
TimeoutError
2025-12-23 23:52:37,211 - __main__ - INFO - 检查 @user9836661800791 是否在直播...
2025-12-23 23:52:37,213 - __main__ - INFO - 开始监控 @user9836661800791 的直播...
2025-12-23 23:52:37,519 - httpx - INFO - HTTP Request: GET https://webcast.tiktok.com/webcast/room/check_alive/?aid=1988&app_language=en&app_name=tiktok_web&browser_language=en-JM&browser_name=Mozilla&browser_online=true&browser_platform=MacIntel&browser_version=5.0%20%28Macintosh%3B%20Intel%20Mac%20OS%20X%2010_15_7%29%20AppleWebKit%2F537.36%20%28KHTML%2C%20like%20Gecko%29%20Chrome%2F129.0.0.0%20Safari%2F537.36%20Edg%2F128.0.2739.79&cookie_enabled=true&device_platform=web_pc&focus_state=true&from_page=&history_len=5&is_fullscreen=false&is_page_visible=true&screen_height=2048&screen_width=1152&tz_name=America/Jamaica&channel=tiktok_web&data_collection_enabled=true&os=mac&priority_region=JM&region=JM&user_is_login=false&webcast_language=en&msToken=&referer=https://www.tiktok.com/@user9836661800791/live&root_referer=https://www.tiktok.com/@user9836661800791/live&device_id=37830132319439207638&room_id=7587003846677777173&room_ids=7587003846677777173 "HTTP/1.1 200 OK"
2025-12-23 23:52:37,905 - httpx - INFO - HTTP Request: GET https://webcast.tiktok.com/webcast/room/info/?aid=1988&app_language=en&app_name=tiktok_web&browser_language=en-JM&browser_name=Mozilla&browser_online=true&browser_platform=MacIntel&browser_version=5.0%20%28Macintosh%3B%20Intel%20Mac%20OS%20X%2010_15_7%29%20AppleWebKit%2F537.36%20%28KHTML%2C%20like%20Gecko%29%20Chrome%2F129.0.0.0%20Safari%2F537.36%20Edg%2F128.0.2739.79&cookie_enabled=true&device_platform=web_pc&focus_state=true&from_page=&history_len=5&is_fullscreen=false&is_page_visible=true&screen_height=2048&screen_width=1152&tz_name=America/Jamaica&channel=tiktok_web&data_collection_enabled=true&os=mac&priority_region=JM&region=JM&user_is_login=false&webcast_language=en&msToken=&referer=https://www.tiktok.com/@user9836661800791/live&root_referer=https://www.tiktok.com/@user9836661800791/live&device_id=25024592118667899259&room_id=7587003846677777173 "HTTP/1.1 200 OK"
2025-12-23 23:52:38,557 - httpx - INFO - HTTP Request: GET https://webcast.tiktok.com/webcast/gift/list/?aid=1988&app_language=en&app_name=tiktok_web&browser_language=en-JM&browser_name=Mozilla&browser_online=true&browser_platform=MacIntel&browser_version=5.0%20%28Macintosh%3B%20Intel%20Mac%20OS%20X%2010_15_7%29%20AppleWebKit%2F537.36%20%28KHTML%2C%20like%20Gecko%29%20Chrome%2F129.0.0.0%20Safari%2F537.36%20Edg%2F128.0.2739.79&cookie_enabled=true&device_platform=web_pc&focus_state=true&from_page=&history_len=5&is_fullscreen=false&is_page_visible=true&screen_height=2048&screen_width=1152&tz_name=America/Jamaica&channel=tiktok_web&data_collection_enabled=true&os=mac&priority_region=JM&region=JM&user_is_login=false&webcast_language=en&msToken=&referer=https://www.tiktok.com/@user9836661800791/live&root_referer=https://www.tiktok.com/@user9836661800791/live&device_id=79143854499166753939&room_id=7587003846677777173 "HTTP/1.1 200 OK"
2025-12-23 23:52:39,811 - httpx - INFO - HTTP Request: GET https://tiktok.eulerstream.com/webcast/fetch/?client=ttlive-python&room_id=7587003846677777173&user_agent=Mozilla%2F5.0+%28Macintosh%3B+Intel+Mac+OS+X+10_15_7%29+AppleWebKit%2F537.36+%28KHTML%2C+like+Gecko%29+Chrome%2F129.0.0.0+Safari%2F537.36+Edg%2F128.0.2739.79&platform=web&client_enter=true "HTTP/1.1 200 OK"
2025-12-23 23:52:39,901 - __main__ - INFO - @user9836661800791 连接成功，开始监控
2025-12-23 23:52:40,643 - httpx - INFO - HTTP Request: GET https://www.tiktok.com/@user9836661800791/live? "HTTP/1.1 200 OK"
2025-12-23 23:52:41,026 - httpx - INFO - HTTP Request: GET https://webcast.tiktok.com/webcast/room/info/?aid=1988&app_language=en&app_name=tiktok_web&browser_language=en-JM&browser_name=Mozilla&browser_online=true&browser_platform=MacIntel&browser_version=5.0%20%28Macintosh%3B%20Intel%20Mac%20OS%20X%2010_15_7%29%20AppleWebKit%2F537.36%20%28KHTML%2C%20like%20Gecko%29%20Chrome%2F129.0.0.0%20Safari%2F537.36%20Edg%2F128.0.2739.79&cookie_enabled=true&device_platform=web_pc&focus_state=true&from_page=&history_len=5&is_fullscreen=false&is_page_visible=true&screen_height=2048&screen_width=1152&tz_name=America/Jamaica&channel=tiktok_web&data_collection_enabled=true&os=mac&priority_region=JM&region=JM&user_is_login=false&webcast_language=en&msToken=&referer=https://www.tiktok.com/@user9836661800791/live&root_referer=https://www.tiktok.com/@user9836661800791/live&device_id=26841065044694831873&room_id=7587003846677777173 "HTTP/1.1 200 OK"
2025-12-23 23:52:41,586 - httpx - INFO - HTTP Request: GET https://webcast.tiktok.com/webcast/gift/list/?aid=1988&app_language=en&app_name=tiktok_web&browser_language=en-JM&browser_name=Mozilla&browser_online=true&browser_platform=MacIntel&browser_version=5.0%20%28Macintosh%3B%20Intel%20Mac%20OS%20X%2010_15_7%29%20AppleWebKit%2F537.36%20%28KHTML%2C%20like%20Gecko%29%20Chrome%2F129.0.0.0%20Safari%2F537.36%20Edg%2F128.0.2739.79&cookie_enabled=true&device_platform=web_pc&focus_state=true&from_page=&history_len=5&is_fullscreen=false&is_page_visible=true&screen_height=2048&screen_width=1152&tz_name=America/Jamaica&channel=tiktok_web&data_collection_enabled=true&os=mac&priority_region=JM&region=JM&user_is_login=false&webcast_language=en&msToken=&referer=https://www.tiktok.com/@user9836661800791/live&root_referer=https://www.tiktok.com/@user9836661800791/live&device_id=82341113416480303117&room_id=7587003846677777173 "HTTP/1.1 200 OK"
2025-12-23 23:52:41,948 - __main__ - INFO - 检查 @user9836661800791 是否在直播...
2025-12-23 23:52:41,950 - __main__ - INFO - 开始监控 @user9836661800791 的直播...
2025-12-23 23:52:42,333 - httpx - INFO - HTTP Request: GET https://webcast.tiktok.com/webcast/room/check_alive/?aid=1988&app_language=en&app_name=tiktok_web&browser_language=en-JM&browser_name=Mozilla&browser_online=true&browser_platform=MacIntel&browser_version=5.0%20%28Macintosh%3B%20Intel%20Mac%20OS%20X%2010_15_7%29%20AppleWebKit%2F537.36%20%28KHTML%2C%20like%20Gecko%29%20Chrome%2F129.0.0.0%20Safari%2F537.36%20Edg%2F128.0.2739.79&cookie_enabled=true&device_platform=web_pc&focus_state=true&from_page=&history_len=5&is_fullscreen=false&is_page_visible=true&screen_height=2048&screen_width=1152&tz_name=America/Jamaica&channel=tiktok_web&data_collection_enabled=true&os=mac&priority_region=JM&region=JM&user_is_login=false&webcast_language=en&msToken=&referer=https://www.tiktok.com/@user9836661800791/live&root_referer=https://www.tiktok.com/@user9836661800791/live&device_id=87506603347026912742&room_id=7587003846677777173&room_ids=7587003846677777173 "HTTP/1.1 200 OK"
2025-12-23 23:52:42,710 - httpx - INFO - HTTP Request: GET https://webcast.tiktok.com/webcast/room/info/?aid=1988&app_language=en&app_name=tiktok_web&browser_language=en-JM&browser_name=Mozilla&browser_online=true&browser_platform=MacIntel&browser_version=5.0%20%28Macintosh%3B%20Intel%20Mac%20OS%20X%2010_15_7%29%20AppleWebKit%2F537.36%20%28KHTML%2C%20like%20Gecko%29%20Chrome%2F129.0.0.0%20Safari%2F537.36%20Edg%2F128.0.2739.79&cookie_enabled=true&device_platform=web_pc&focus_state=true&from_page=&history_len=5&is_fullscreen=false&is_page_visible=true&screen_height=2048&screen_width=1152&tz_name=America/Jamaica&channel=tiktok_web&data_collection_enabled=true&os=mac&priority_region=JM&region=JM&user_is_login=false&webcast_language=en&msToken=&referer=https://www.tiktok.com/@user9836661800791/live&root_referer=https://www.tiktok.com/@user9836661800791/live&device_id=18159275189723518762&room_id=7587003846677777173 "HTTP/1.1 200 OK"
2025-12-23 23:52:43,295 - httpx - INFO - HTTP Request: GET https://webcast.tiktok.com/webcast/gift/list/?aid=1988&app_language=en&app_name=tiktok_web&browser_language=en-JM&browser_name=Mozilla&browser_online=true&browser_platform=MacIntel&browser_version=5.0%20%28Macintosh%3B%20Intel%20Mac%20OS%20X%2010_15_7%29%20AppleWebKit%2F537.36%20%28KHTML%2C%20like%20Gecko%29%20Chrome%2F129.0.0.0%20Safari%2F537.36%20Edg%2F128.0.2739.79&cookie_enabled=true&device_platform=web_pc&focus_state=true&from_page=&history_len=5&is_fullscreen=false&is_page_visible=true&screen_height=2048&screen_width=1152&tz_name=America/Jamaica&channel=tiktok_web&data_collection_enabled=true&os=mac&priority_region=JM&region=JM&user_is_login=false&webcast_language=en&msToken=&referer=https://www.tiktok.com/@user9836661800791/live&root_referer=https://www.tiktok.com/@user9836661800791/live&device_id=90505783315481762557&room_id=7587003846677777173 "HTTP/1.1 200 OK"
2025-12-23 23:52:43,887 - httpx - INFO - HTTP Request: GET https://tiktok.eulerstream.com/webcast/fetch/?client=ttlive-python&room_id=7587003846677777173&user_agent=Mozilla%2F5.0+%28Macintosh%3B+Intel+Mac+OS+X+10_15_7%29+AppleWebKit%2F537.36+%28KHTML%2C+like+Gecko%29+Chrome%2F129.0.0.0+Safari%2F537.36+Edg%2F128.0.2739.79&platform=web&client_enter=true "HTTP/1.1 429 Too Many Requests"
2025-12-23 23:52:43,890 - __main__ - ERROR - 连接直播间失败: TikTokLive v6.6.5 -> [RATE_LIMIT] (rate_limit_account_minute) Too many connections started, try again in 0 seconds. 
	|
	+---------------------------------------- SIGN SERVER MESSAGE ----------------------------------------+
	| You have reached the rate limit. Sign up for a free API key at https://www.eulerstream.com/pricing. |
	+-----------------------------------------------------------------------------------------------------+
2025-12-23 23:52:43,891 - __main__ - INFO - @user9836661800791 连接失败，30秒后重试 (连续失败: 1次)
2025-12-23 23:53:14,739 - httpx - INFO - HTTP Request: GET https://www.tiktok.com/@user9836661800791/live? "HTTP/1.1 200 OK"
2025-12-23 23:53:15,613 - httpx - INFO - HTTP Request: GET https://webcast.tiktok.com/webcast/room/info/?aid=1988&app_language=en&app_name=tiktok_web&browser_language=en-JM&browser_name=Mozilla&browser_online=true&browser_platform=MacIntel&browser_version=5.0%20%28Macintosh%3B%20Intel%20Mac%20OS%20X%2010_15_7%29%20AppleWebKit%2F537.36%20%28KHTML%2C%20like%20Gecko%29%20Chrome%2F129.0.0.0%20Safari%2F537.36%20Edg%2F128.0.2739.79&cookie_enabled=true&device_platform=web_pc&focus_state=true&from_page=&history_len=5&is_fullscreen=false&is_page_visible=true&screen_height=2048&screen_width=1152&tz_name=America/Jamaica&channel=tiktok_web&data_collection_enabled=true&os=mac&priority_region=JM&region=JM&user_is_login=false&webcast_language=en&msToken=&referer=https://www.tiktok.com/@user9836661800791/live&root_referer=https://www.tiktok.com/@user9836661800791/live&device_id=58145630118760101909&room_id=7587003846677777173 "HTTP/1.1 200 OK"
2025-12-23 23:53:16,162 - httpx - INFO - HTTP Request: GET https://webcast.tiktok.com/webcast/gift/list/?aid=1988&app_language=en&app_name=tiktok_web&browser_language=en-JM&browser_name=Mozilla&browser_online=true&browser_platform=MacIntel&browser_version=5.0%20%28Macintosh%3B%20Intel%20Mac%20OS%20X%2010_15_7%29%20AppleWebKit%2F537.36%20%28KHTML%2C%20like%20Gecko%29%20Chrome%2F129.0.0.0%20Safari%2F537.36%20Edg%2F128.0.2739.79&cookie_enabled=true&device_platform=web_pc&focus_state=true&from_page=&history_len=5&is_fullscreen=false&is_page_visible=true&screen_height=2048&screen_width=1152&tz_name=America/Jamaica&channel=tiktok_web&data_collection_enabled=true&os=mac&priority_region=JM&region=JM&user_is_login=false&webcast_language=en&msToken=&referer=https://www.tiktok.com/@user9836661800791/live&root_referer=https://www.tiktok.com/@user9836661800791/live&device_id=63193654669394375922&room_id=7587003846677777173 "HTTP/1.1 200 OK"
2025-12-23 23:53:16,470 - __main__ - INFO - 检查 @user9836661800791 是否在直播...
2025-12-23 23:53:16,471 - __main__ - INFO - 开始监控 @user9836661800791 的直播...
2025-12-23 23:53:16,773 - httpx - INFO - HTTP Request: GET https://webcast.tiktok.com/webcast/room/check_alive/?aid=1988&app_language=en&app_name=tiktok_web&browser_language=en-JM&browser_name=Mozilla&browser_online=true&browser_platform=MacIntel&browser_version=5.0%20%28Macintosh%3B%20Intel%20Mac%20OS%20X%2010_15_7%29%20AppleWebKit%2F537.36%20%28KHTML%2C%20like%20Gecko%29%20Chrome%2F129.0.0.0%20Safari%2F537.36%20Edg%2F128.0.2739.79&cookie_enabled=true&device_platform=web_pc&focus_state=true&from_page=&history_len=5&is_fullscreen=false&is_page_visible=true&screen_height=2048&screen_width=1152&tz_name=America/Jamaica&channel=tiktok_web&data_collection_enabled=true&os=mac&priority_region=JM&region=JM&user_is_login=false&webcast_language=en&msToken=&referer=https://www.tiktok.com/@user9836661800791/live&root_referer=https://www.tiktok.com/@user9836661800791/live&device_id=24805070777952881378&room_id=7587003846677777173&room_ids=7587003846677777173 "HTTP/1.1 200 OK"
2025-12-23 23:53:17,158 - httpx - INFO - HTTP Request: GET https://webcast.tiktok.com/webcast/room/info/?aid=1988&app_language=en&app_name=tiktok_web&browser_language=en-JM&browser_name=Mozilla&browser_online=true&browser_platform=MacIntel&browser_version=5.0%20%28Macintosh%3B%20Intel%20Mac%20OS%20X%2010_15_7%29%20AppleWebKit%2F537.36%20%28KHTML%2C%20like%20Gecko%29%20Chrome%2F129.0.0.0%20Safari%2F537.36%20Edg%2F128.0.2739.79&cookie_enabled=true&device_platform=web_pc&focus_state=true&from_page=&history_len=5&is_fullscreen=false&is_page_visible=true&screen_height=2048&screen_width=1152&tz_name=America/Jamaica&channel=tiktok_web&data_collection_enabled=true&os=mac&priority_region=JM&region=JM&user_is_login=false&webcast_language=en&msToken=&referer=https://www.tiktok.com/@user9836661800791/live&root_referer=https://www.tiktok.com/@user9836661800791/live&device_id=66487747300761619091&room_id=7587003846677777173 "HTTP/1.1 200 OK"
2025-12-23 23:53:17,711 - httpx - INFO - HTTP Request: GET https://webcast.tiktok.com/webcast/gift/list/?aid=1988&app_language=en&app_name=tiktok_web&browser_language=en-JM&browser_name=Mozilla&browser_online=true&browser_platform=MacIntel&browser_version=5.0%20%28Macintosh%3B%20Intel%20Mac%20OS%20X%2010_15_7%29%20AppleWebKit%2F537.36%20%28KHTML%2C%20like%20Gecko%29%20Chrome%2F129.0.0.0%20Safari%2F537.36%20Edg%2F128.0.2739.79&cookie_enabled=true&device_platform=web_pc&focus_state=true&from_page=&history_len=5&is_fullscreen=false&is_page_visible=true&screen_height=2048&screen_width=1152&tz_name=America/Jamaica&channel=tiktok_web&data_collection_enabled=true&os=mac&priority_region=JM&region=JM&user_is_login=false&webcast_language=en&msToken=&referer=https://www.tiktok.com/@user9836661800791/live&root_referer=https://www.tiktok.com/@user9836661800791/live&device_id=23906538660173996086&room_id=7587003846677777173 "HTTP/1.1 200 OK"
2025-12-23 23:53:22,082 - httpx - INFO - HTTP Request: GET https://tiktok.eulerstream.com/webcast/fetch/?client=ttlive-python&room_id=7587003846677777173&user_agent=Mozilla%2F5.0+%28Macintosh%3B+Intel+Mac+OS+X+10_15_7%29+AppleWebKit%2F537.36+%28KHTML%2C+like+Gecko%29+Chrome%2F129.0.0.0+Safari%2F537.36+Edg%2F128.0.2739.79&platform=web&client_enter=true "HTTP/1.1 200 OK"
2025-12-23 23:53:22,285 - __main__ - INFO - @user9836661800791 连接成功，开始监控
2025-12-23 23:53:23,813 - httpx - INFO - HTTP Request: GET https://www.tiktok.com/@user9836661800791/live? "HTTP/1.1 200 OK"
2025-12-23 23:53:24,829 - httpx - INFO - HTTP Request: GET https://webcast.tiktok.com/webcast/room/info/?aid=1988&app_language=en&app_name=tiktok_web&browser_language=en-JM&browser_name=Mozilla&browser_online=true&browser_platform=MacIntel&browser_version=5.0%20%28Macintosh%3B%20Intel%20Mac%20OS%20X%2010_15_7%29%20AppleWebKit%2F537.36%20%28KHTML%2C%20like%20Gecko%29%20Chrome%2F129.0.0.0%20Safari%2F537.36%20Edg%2F128.0.2739.79&cookie_enabled=true&device_platform=web_pc&focus_state=true&from_page=&history_len=5&is_fullscreen=false&is_page_visible=true&screen_height=2048&screen_width=1152&tz_name=America/Jamaica&channel=tiktok_web&data_collection_enabled=true&os=mac&priority_region=JM&region=JM&user_is_login=false&webcast_language=en&msToken=&referer=https://www.tiktok.com/@user9836661800791/live&root_referer=https://www.tiktok.com/@user9836661800791/live&device_id=34580066062307695897&room_id=7587003846677777173 "HTTP/1.1 200 OK"
2025-12-23 23:53:25,476 - httpx - INFO - HTTP Request: GET https://webcast.tiktok.com/webcast/gift/list/?aid=1988&app_language=en&app_name=tiktok_web&browser_language=en-JM&browser_name=Mozilla&browser_online=true&browser_platform=MacIntel&browser_version=5.0%20%28Macintosh%3B%20Intel%20Mac%20OS%20X%2010_15_7%29%20AppleWebKit%2F537.36%20%28KHTML%2C%20like%20Gecko%29%20Chrome%2F129.0.0.0%20Safari%2F537.36%20Edg%2F128.0.2739.79&cookie_enabled=true&device_platform=web_pc&focus_state=true&from_page=&history_len=5&is_fullscreen=false&is_page_visible=true&screen_height=2048&screen_width=1152&tz_name=America/Jamaica&channel=tiktok_web&data_collection_enabled=true&os=mac&priority_region=JM&region=JM&user_is_login=false&webcast_language=en&msToken=&referer=https://www.tiktok.com/@user9836661800791/live&root_referer=https://www.tiktok.com/@user9836661800791/live&device_id=41515454400643338952&room_id=7587003846677777173 "HTTP/1.1 200 OK"
2025-12-23 23:53:25,770 - __main__ - INFO - 检查 @user9836661800791 是否在直播...
2025-12-23 23:53:25,772 - __main__ - INFO - 开始监控 @user9836661800791 的直播...
2025-12-23 23:53:26,202 - httpx - INFO - HTTP Request: GET https://webcast.tiktok.com/webcast/room/check_alive/?aid=1988&app_language=en&app_name=tiktok_web&browser_language=en-JM&browser_name=Mozilla&browser_online=true&browser_platform=MacIntel&browser_version=5.0%20%28Macintosh%3B%20Intel%20Mac%20OS%20X%2010_15_7%29%20AppleWebKit%2F537.36%20%28KHTML%2C%20like%20Gecko%29%20Chrome%2F129.0.0.0%20Safari%2F537.36%20Edg%2F128.0.2739.79&cookie_enabled=true&device_platform=web_pc&focus_state=true&from_page=&history_len=5&is_fullscreen=false&is_page_visible=true&screen_height=2048&screen_width=1152&tz_name=America/Jamaica&channel=tiktok_web&data_collection_enabled=true&os=mac&priority_region=JM&region=JM&user_is_login=false&webcast_language=en&msToken=&referer=https://www.tiktok.com/@user9836661800791/live&root_referer=https://www.tiktok.com/@user9836661800791/live&device_id=65863288526310966351&room_id=7587003846677777173&room_ids=7587003846677777173 "HTTP/1.1 200 OK"
2025-12-23 23:53:26,577 - httpx - INFO - HTTP Request: GET https://webcast.tiktok.com/webcast/room/info/?aid=1988&app_language=en&app_name=tiktok_web&browser_language=en-JM&browser_name=Mozilla&browser_online=true&browser_platform=MacIntel&browser_version=5.0%20%28Macintosh%3B%20Intel%20Mac%20OS%20X%2010_15_7%29%20AppleWebKit%2F537.36%20%28KHTML%2C%20like%20Gecko%29%20Chrome%2F129.0.0.0%20Safari%2F537.36%20Edg%2F128.0.2739.79&cookie_enabled=true&device_platform=web_pc&focus_state=true&from_page=&history_len=5&is_fullscreen=false&is_page_visible=true&screen_height=2048&screen_width=1152&tz_name=America/Jamaica&channel=tiktok_web&data_collection_enabled=true&os=mac&priority_region=JM&region=JM&user_is_login=false&webcast_language=en&msToken=&referer=https://www.tiktok.com/@user9836661800791/live&root_referer=https://www.tiktok.com/@user9836661800791/live&device_id=74849618791688974491&room_id=7587003846677777173 "HTTP/1.1 200 OK"
2025-12-23 23:53:27,117 - httpx - INFO - HTTP Request: GET https://webcast.tiktok.com/webcast/gift/list/?aid=1988&app_language=en&app_name=tiktok_web&browser_language=en-JM&browser_name=Mozilla&browser_online=true&browser_platform=MacIntel&browser_version=5.0%20%28Macintosh%3B%20Intel%20Mac%20OS%20X%2010_15_7%29%20AppleWebKit%2F537.36%20%28KHTML%2C%20like%20Gecko%29%20Chrome%2F129.0.0.0%20Safari%2F537.36%20Edg%2F128.0.2739.79&cookie_enabled=true&device_platform=web_pc&focus_state=true&from_page=&history_len=5&is_fullscreen=false&is_page_visible=true&screen_height=2048&screen_width=1152&tz_name=America/Jamaica&channel=tiktok_web&data_collection_enabled=true&os=mac&priority_region=JM&region=JM&user_is_login=false&webcast_language=en&msToken=&referer=https://www.tiktok.com/@user9836661800791/live&root_referer=https://www.tiktok.com/@user9836661800791/live&device_id=66950749529539885038&room_id=7587003846677777173 "HTTP/1.1 200 OK"
2025-12-23 23:53:29,410 - httpx - INFO - HTTP Request: GET https://tiktok.eulerstream.com/webcast/fetch/?client=ttlive-python&room_id=7587003846677777173&user_agent=Mozilla%2F5.0+%28Macintosh%3B+Intel+Mac+OS+X+10_15_7%29+AppleWebKit%2F537.36+%28KHTML%2C+like+Gecko%29+Chrome%2F129.0.0.0+Safari%2F537.36+Edg%2F128.0.2739.79&platform=web&client_enter=true "HTTP/1.1 200 OK"
2025-12-23 23:53:29,733 - __main__ - INFO - @user9836661800791 连接成功，开始监控
2025-12-23 23:53:30,546 - httpx - INFO - HTTP Request: GET https://www.tiktok.com/@user9836661800791/live? "HTTP/1.1 200 OK"
2025-12-23 23:53:31,113 - httpx - INFO - HTTP Request: GET https://webcast.tiktok.com/webcast/room/info/?aid=1988&app_language=en&app_name=tiktok_web&browser_language=en-JM&browser_name=Mozilla&browser_online=true&browser_platform=MacIntel&browser_version=5.0%20%28Macintosh%3B%20Intel%20Mac%20OS%20X%2010_15_7%29%20AppleWebKit%2F537.36%20%28KHTML%2C%20like%20Gecko%29%20Chrome%2F129.0.0.0%20Safari%2F537.36%20Edg%2F128.0.2739.79&cookie_enabled=true&device_platform=web_pc&focus_state=true&from_page=&history_len=5&is_fullscreen=false&is_page_visible=true&screen_height=2048&screen_width=1152&tz_name=America/Jamaica&channel=tiktok_web&data_collection_enabled=true&os=mac&priority_region=JM&region=JM&user_is_login=false&webcast_language=en&msToken=&referer=https://www.tiktok.com/@user9836661800791/live&root_referer=https://www.tiktok.com/@user9836661800791/live&device_id=95596590998767827411&room_id=7587003846677777173 "HTTP/1.1 200 OK"
2025-12-23 23:53:31,692 - httpx - INFO - HTTP Request: GET https://webcast.tiktok.com/webcast/gift/list/?aid=1988&app_language=en&app_name=tiktok_web&browser_language=en-JM&browser_name=Mozilla&browser_online=true&browser_platform=MacIntel&browser_version=5.0%20%28Macintosh%3B%20Intel%20Mac%20OS%20X%2010_15_7%29%20AppleWebKit%2F537.36%20%28KHTML%2C%20like%20Gecko%29%20Chrome%2F129.0.0.0%20Safari%2F537.36%20Edg%2F128.0.2739.79&cookie_enabled=true&device_platform=web_pc&focus_state=true&from_page=&history_len=5&is_fullscreen=false&is_page_visible=true&screen_height=2048&screen_width=1152&tz_name=America/Jamaica&channel=tiktok_web&data_collection_enabled=true&os=mac&priority_region=JM&region=JM&user_is_login=false&webcast_language=en&msToken=&referer=https://www.tiktok.com/@user9836661800791/live&root_referer=https://www.tiktok.com/@user9836661800791/live&device_id=46940864805969604437&room_id=7587003846677777173 "HTTP/1.1 200 OK"
2025-12-23 23:53:31,857 - asyncio - ERROR - Task exception was never retrieved
future: <Task finished name='Task-557' coro=<TikTokLiveClient._ws_client_loop() done, defined at C:\Users\zilai\AppData\Local\Programs\Python\Python311\Lib\site-packages\TikTokLive\client\client.py:308> exception=TimeoutError()>
Traceback (most recent call last):
  File "C:\Users\zilai\AppData\Local\Programs\Python\Python311\Lib\site-packages\websockets\legacy\client.py", line 652, in __await_impl__
    _transport, protocol = await self._create_connection()
                           ^^^^^^^^^^^^^^^^^^^^^^^^^^^^^^^
  File "C:\Users\zilai\AppData\Local\Programs\Python\Python311\Lib\asyncio\base_events.py", line 1070, in create_connection
    sock = await self._connect_sock(
           ^^^^^^^^^^^^^^^^^^^^^^^^^
  File "C:\Users\zilai\AppData\Local\Programs\Python\Python311\Lib\asyncio\base_events.py", line 974, in _connect_sock
    await self.sock_connect(sock, address)
  File "C:\Users\zilai\AppData\Local\Programs\Python\Python311\Lib\asyncio\proactor_events.py", line 726, in sock_connect
    return await self._proactor.connect(sock, address)
           ^^^^^^^^^^^^^^^^^^^^^^^^^^^^^^^^^^^^^^^^^^^
asyncio.exceptions.CancelledError

The above exception was the direct cause of the following exception:

Traceback (most recent call last):
  File "C:\Users\zilai\AppData\Local\Programs\Python\Python311\Lib\site-packages\TikTokLive\client\client.py", line 325, in _ws_client_loop
    async for webcast_response in self._ws.connect(
  File "C:\Users\zilai\AppData\Local\Programs\Python\Python311\Lib\site-packages\TikTokLive\client\ws\ws_client.py", line 256, in connect
    async for webcast_push_frame, webcast_response in typing.cast(WebcastIterator, self._connection_generator):
  File "C:\Users\zilai\AppData\Local\Programs\Python\Python311\Lib\site-packages\TikTokLive\client\ws\ws_connect.py", line 83, in __aiter__
    async with self as protocol:
  File "C:\Users\zilai\AppData\Local\Programs\Python\Python311\Lib\site-packages\websockets\legacy\client.py", line 633, in __aenter__
    return await self
           ^^^^^^^^^^
  File "C:\Users\zilai\AppData\Local\Programs\Python\Python311\Lib\site-packages\websockets\legacy\client.py", line 650, in __await_impl__
    async with asyncio_timeout(self.open_timeout):
  File "C:\Users\zilai\AppData\Local\Programs\Python\Python311\Lib\asyncio\timeouts.py", line 115, in __aexit__
    raise TimeoutError from exc_val
TimeoutError
2025-12-23 23:53:31,860 - asyncio - ERROR - Task exception was never retrieved
future: <Task finished name='Task-556' coro=<TikTokLiveClient._ws_client_loop() done, defined at C:\Users\zilai\AppData\Local\Programs\Python\Python311\Lib\site-packages\TikTokLive\client\client.py:308> exception=TimeoutError()>
Traceback (most recent call last):
  File "C:\Users\zilai\AppData\Local\Programs\Python\Python311\Lib\site-packages\websockets\legacy\client.py", line 652, in __await_impl__
    _transport, protocol = await self._create_connection()
                           ^^^^^^^^^^^^^^^^^^^^^^^^^^^^^^^
  File "C:\Users\zilai\AppData\Local\Programs\Python\Python311\Lib\asyncio\base_events.py", line 1070, in create_connection
    sock = await self._connect_sock(
           ^^^^^^^^^^^^^^^^^^^^^^^^^
  File "C:\Users\zilai\AppData\Local\Programs\Python\Python311\Lib\asyncio\base_events.py", line 974, in _connect_sock
    await self.sock_connect(sock, address)
  File "C:\Users\zilai\AppData\Local\Programs\Python\Python311\Lib\asyncio\proactor_events.py", line 726, in sock_connect
    return await self._proactor.connect(sock, address)
           ^^^^^^^^^^^^^^^^^^^^^^^^^^^^^^^^^^^^^^^^^^^
asyncio.exceptions.CancelledError

The above exception was the direct cause of the following exception:

Traceback (most recent call last):
  File "C:\Users\zilai\AppData\Local\Programs\Python\Python311\Lib\site-packages\TikTokLive\client\client.py", line 325, in _ws_client_loop
    async for webcast_response in self._ws.connect(
  File "C:\Users\zilai\AppData\Local\Programs\Python\Python311\Lib\site-packages\TikTokLive\client\ws\ws_client.py", line 256, in connect
    async for webcast_push_frame, webcast_response in typing.cast(WebcastIterator, self._connection_generator):
  File "C:\Users\zilai\AppData\Local\Programs\Python\Python311\Lib\site-packages\TikTokLive\client\ws\ws_connect.py", line 83, in __aiter__
    async with self as protocol:
  File "C:\Users\zilai\AppData\Local\Programs\Python\Python311\Lib\site-packages\websockets\legacy\client.py", line 633, in __aenter__
    return await self
           ^^^^^^^^^^
  File "C:\Users\zilai\AppData\Local\Programs\Python\Python311\Lib\site-packages\websockets\legacy\client.py", line 650, in __await_impl__
    async with asyncio_timeout(self.open_timeout):
  File "C:\Users\zilai\AppData\Local\Programs\Python\Python311\Lib\asyncio\timeouts.py", line 115, in __aexit__
    raise TimeoutError from exc_val
TimeoutError
2025-12-23 23:53:31,862 - asyncio - ERROR - Task exception was never retrieved
future: <Task finished name='Task-558' coro=<TikTokLiveClient._ws_client_loop() done, defined at C:\Users\zilai\AppData\Local\Programs\Python\Python311\Lib\site-packages\TikTokLive\client\client.py:308> exception=TimeoutError()>
Traceback (most recent call last):
  File "C:\Users\zilai\AppData\Local\Programs\Python\Python311\Lib\site-packages\websockets\legacy\client.py", line 652, in __await_impl__
    _transport, protocol = await self._create_connection()
                           ^^^^^^^^^^^^^^^^^^^^^^^^^^^^^^^
  File "C:\Users\zilai\AppData\Local\Programs\Python\Python311\Lib\asyncio\base_events.py", line 1070, in create_connection
    sock = await self._connect_sock(
           ^^^^^^^^^^^^^^^^^^^^^^^^^
  File "C:\Users\zilai\AppData\Local\Programs\Python\Python311\Lib\asyncio\base_events.py", line 974, in _connect_sock
    await self.sock_connect(sock, address)
  File "C:\Users\zilai\AppData\Local\Programs\Python\Python311\Lib\asyncio\proactor_events.py", line 726, in sock_connect
    return await self._proactor.connect(sock, address)
           ^^^^^^^^^^^^^^^^^^^^^^^^^^^^^^^^^^^^^^^^^^^
asyncio.exceptions.CancelledError

The above exception was the direct cause of the following exception:

Traceback (most recent call last):
  File "C:\Users\zilai\AppData\Local\Programs\Python\Python311\Lib\site-packages\TikTokLive\client\client.py", line 325, in _ws_client_loop
    async for webcast_response in self._ws.connect(
  File "C:\Users\zilai\AppData\Local\Programs\Python\Python311\Lib\site-packages\TikTokLive\client\ws\ws_client.py", line 256, in connect
    async for webcast_push_frame, webcast_response in typing.cast(WebcastIterator, self._connection_generator):
  File "C:\Users\zilai\AppData\Local\Programs\Python\Python311\Lib\site-packages\TikTokLive\client\ws\ws_connect.py", line 83, in __aiter__
    async with self as protocol:
  File "C:\Users\zilai\AppData\Local\Programs\Python\Python311\Lib\site-packages\websockets\legacy\client.py", line 633, in __aenter__
    return await self
           ^^^^^^^^^^
  File "C:\Users\zilai\AppData\Local\Programs\Python\Python311\Lib\site-packages\websockets\legacy\client.py", line 650, in __await_impl__
    async with asyncio_timeout(self.open_timeout):
  File "C:\Users\zilai\AppData\Local\Programs\Python\Python311\Lib\asyncio\timeouts.py", line 115, in __aexit__
    raise TimeoutError from exc_val
TimeoutError
2025-12-23 23:53:31,886 - __main__ - INFO - 检查 @user9836661800791 是否在直播...
2025-12-23 23:53:31,889 - __main__ - INFO - 开始监控 @user9836661800791 的直播...
2025-12-23 23:53:32,207 - httpx - INFO - HTTP Request: GET https://webcast.tiktok.com/webcast/room/check_alive/?aid=1988&app_language=en&app_name=tiktok_web&browser_language=en-JM&browser_name=Mozilla&browser_online=true&browser_platform=MacIntel&browser_version=5.0%20%28Macintosh%3B%20Intel%20Mac%20OS%20X%2010_15_7%29%20AppleWebKit%2F537.36%20%28KHTML%2C%20like%20Gecko%29%20Chrome%2F129.0.0.0%20Safari%2F537.36%20Edg%2F128.0.2739.79&cookie_enabled=true&device_platform=web_pc&focus_state=true&from_page=&history_len=5&is_fullscreen=false&is_page_visible=true&screen_height=2048&screen_width=1152&tz_name=America/Jamaica&channel=tiktok_web&data_collection_enabled=true&os=mac&priority_region=JM&region=JM&user_is_login=false&webcast_language=en&msToken=&referer=https://www.tiktok.com/@user9836661800791/live&root_referer=https://www.tiktok.com/@user9836661800791/live&device_id=47640263450731799859&room_id=7587003846677777173&room_ids=7587003846677777173 "HTTP/1.1 200 OK"
2025-12-23 23:53:32,607 - httpx - INFO - HTTP Request: GET https://webcast.tiktok.com/webcast/room/info/?aid=1988&app_language=en&app_name=tiktok_web&browser_language=en-JM&browser_name=Mozilla&browser_online=true&browser_platform=MacIntel&browser_version=5.0%20%28Macintosh%3B%20Intel%20Mac%20OS%20X%2010_15_7%29%20AppleWebKit%2F537.36%20%28KHTML%2C%20like%20Gecko%29%20Chrome%2F129.0.0.0%20Safari%2F537.36%20Edg%2F128.0.2739.79&cookie_enabled=true&device_platform=web_pc&focus_state=true&from_page=&history_len=5&is_fullscreen=false&is_page_visible=true&screen_height=2048&screen_width=1152&tz_name=America/Jamaica&channel=tiktok_web&data_collection_enabled=true&os=mac&priority_region=JM&region=JM&user_is_login=false&webcast_language=en&msToken=&referer=https://www.tiktok.com/@user9836661800791/live&root_referer=https://www.tiktok.com/@user9836661800791/live&device_id=35016269517001538736&room_id=7587003846677777173 "HTTP/1.1 200 OK"
2025-12-23 23:53:33,516 - httpx - INFO - HTTP Request: GET https://webcast.tiktok.com/webcast/gift/list/?aid=1988&app_language=en&app_name=tiktok_web&browser_language=en-JM&browser_name=Mozilla&browser_online=true&browser_platform=MacIntel&browser_version=5.0%20%28Macintosh%3B%20Intel%20Mac%20OS%20X%2010_15_7%29%20AppleWebKit%2F537.36%20%28KHTML%2C%20like%20Gecko%29%20Chrome%2F129.0.0.0%20Safari%2F537.36%20Edg%2F128.0.2739.79&cookie_enabled=true&device_platform=web_pc&focus_state=true&from_page=&history_len=5&is_fullscreen=false&is_page_visible=true&screen_height=2048&screen_width=1152&tz_name=America/Jamaica&channel=tiktok_web&data_collection_enabled=true&os=mac&priority_region=JM&region=JM&user_is_login=false&webcast_language=en&msToken=&referer=https://www.tiktok.com/@user9836661800791/live&root_referer=https://www.tiktok.com/@user9836661800791/live&device_id=84147763658885278859&room_id=7587003846677777173 "HTTP/1.1 200 OK"
2025-12-23 23:53:35,558 - httpx - INFO - HTTP Request: GET https://tiktok.eulerstream.com/webcast/fetch/?client=ttlive-python&room_id=7587003846677777173&user_agent=Mozilla%2F5.0+%28Macintosh%3B+Intel+Mac+OS+X+10_15_7%29+AppleWebKit%2F537.36+%28KHTML%2C+like+Gecko%29+Chrome%2F129.0.0.0+Safari%2F537.36+Edg%2F128.0.2739.79&platform=web&client_enter=true "HTTP/1.1 200 OK"
2025-12-23 23:53:35,720 - __main__ - INFO - @user9836661800791 连接成功，开始监控
2025-12-23 23:53:36,351 - httpx - INFO - HTTP Request: GET https://www.tiktok.com/@user9836661800791/live? "HTTP/1.1 200 OK"
2025-12-23 23:53:36,742 - httpx - INFO - HTTP Request: GET https://webcast.tiktok.com/webcast/room/info/?aid=1988&app_language=en&app_name=tiktok_web&browser_language=en-JM&browser_name=Mozilla&browser_online=true&browser_platform=MacIntel&browser_version=5.0%20%28Macintosh%3B%20Intel%20Mac%20OS%20X%2010_15_7%29%20AppleWebKit%2F537.36%20%28KHTML%2C%20like%20Gecko%29%20Chrome%2F129.0.0.0%20Safari%2F537.36%20Edg%2F128.0.2739.79&cookie_enabled=true&device_platform=web_pc&focus_state=true&from_page=&history_len=5&is_fullscreen=false&is_page_visible=true&screen_height=2048&screen_width=1152&tz_name=America/Jamaica&channel=tiktok_web&data_collection_enabled=true&os=mac&priority_region=JM&region=JM&user_is_login=false&webcast_language=en&msToken=&referer=https://www.tiktok.com/@user9836661800791/live&root_referer=https://www.tiktok.com/@user9836661800791/live&device_id=47258111395358958120&room_id=7587003846677777173 "HTTP/1.1 200 OK"
2025-12-23 23:53:37,299 - httpx - INFO - HTTP Request: GET https://webcast.tiktok.com/webcast/gift/list/?aid=1988&app_language=en&app_name=tiktok_web&browser_language=en-JM&browser_name=Mozilla&browser_online=true&browser_platform=MacIntel&browser_version=5.0%20%28Macintosh%3B%20Intel%20Mac%20OS%20X%2010_15_7%29%20AppleWebKit%2F537.36%20%28KHTML%2C%20like%20Gecko%29%20Chrome%2F129.0.0.0%20Safari%2F537.36%20Edg%2F128.0.2739.79&cookie_enabled=true&device_platform=web_pc&focus_state=true&from_page=&history_len=5&is_fullscreen=false&is_page_visible=true&screen_height=2048&screen_width=1152&tz_name=America/Jamaica&channel=tiktok_web&data_collection_enabled=true&os=mac&priority_region=JM&region=JM&user_is_login=false&webcast_language=en&msToken=&referer=https://www.tiktok.com/@user9836661800791/live&root_referer=https://www.tiktok.com/@user9836661800791/live&device_id=60746786023648919835&room_id=7587003846677777173 "HTTP/1.1 200 OK"
2025-12-23 23:53:37,472 - __main__ - INFO - 检查 @user9836661800791 是否在直播...
2025-12-23 23:53:37,473 - __main__ - INFO - 开始监控 @user9836661800791 的直播...
2025-12-23 23:53:37,774 - httpx - INFO - HTTP Request: GET https://webcast.tiktok.com/webcast/room/check_alive/?aid=1988&app_language=en&app_name=tiktok_web&browser_language=en-JM&browser_name=Mozilla&browser_online=true&browser_platform=MacIntel&browser_version=5.0%20%28Macintosh%3B%20Intel%20Mac%20OS%20X%2010_15_7%29%20AppleWebKit%2F537.36%20%28KHTML%2C%20like%20Gecko%29%20Chrome%2F129.0.0.0%20Safari%2F537.36%20Edg%2F128.0.2739.79&cookie_enabled=true&device_platform=web_pc&focus_state=true&from_page=&history_len=5&is_fullscreen=false&is_page_visible=true&screen_height=2048&screen_width=1152&tz_name=America/Jamaica&channel=tiktok_web&data_collection_enabled=true&os=mac&priority_region=JM&region=JM&user_is_login=false&webcast_language=en&msToken=&referer=https://www.tiktok.com/@user9836661800791/live&root_referer=https://www.tiktok.com/@user9836661800791/live&device_id=21545264054430869864&room_id=7587003846677777173&room_ids=7587003846677777173 "HTTP/1.1 200 OK"
2025-12-23 23:53:38,204 - httpx - INFO - HTTP Request: GET https://webcast.tiktok.com/webcast/room/info/?aid=1988&app_language=en&app_name=tiktok_web&browser_language=en-JM&browser_name=Mozilla&browser_online=true&browser_platform=MacIntel&browser_version=5.0%20%28Macintosh%3B%20Intel%20Mac%20OS%20X%2010_15_7%29%20AppleWebKit%2F537.36%20%28KHTML%2C%20like%20Gecko%29%20Chrome%2F129.0.0.0%20Safari%2F537.36%20Edg%2F128.0.2739.79&cookie_enabled=true&device_platform=web_pc&focus_state=true&from_page=&history_len=5&is_fullscreen=false&is_page_visible=true&screen_height=2048&screen_width=1152&tz_name=America/Jamaica&channel=tiktok_web&data_collection_enabled=true&os=mac&priority_region=JM&region=JM&user_is_login=false&webcast_language=en&msToken=&referer=https://www.tiktok.com/@user9836661800791/live&root_referer=https://www.tiktok.com/@user9836661800791/live&device_id=20395644022364836721&room_id=7587003846677777173 "HTTP/1.1 200 OK"
2025-12-23 23:53:38,795 - httpx - INFO - HTTP Request: GET https://webcast.tiktok.com/webcast/gift/list/?aid=1988&app_language=en&app_name=tiktok_web&browser_language=en-JM&browser_name=Mozilla&browser_online=true&browser_platform=MacIntel&browser_version=5.0%20%28Macintosh%3B%20Intel%20Mac%20OS%20X%2010_15_7%29%20AppleWebKit%2F537.36%20%28KHTML%2C%20like%20Gecko%29%20Chrome%2F129.0.0.0%20Safari%2F537.36%20Edg%2F128.0.2739.79&cookie_enabled=true&device_platform=web_pc&focus_state=true&from_page=&history_len=5&is_fullscreen=false&is_page_visible=true&screen_height=2048&screen_width=1152&tz_name=America/Jamaica&channel=tiktok_web&data_collection_enabled=true&os=mac&priority_region=JM&region=JM&user_is_login=false&webcast_language=en&msToken=&referer=https://www.tiktok.com/@user9836661800791/live&root_referer=https://www.tiktok.com/@user9836661800791/live&device_id=13315318630796392712&room_id=7587003846677777173 "HTTP/1.1 200 OK"
2025-12-23 23:53:40,174 - httpx - INFO - HTTP Request: GET https://tiktok.eulerstream.com/webcast/fetch/?client=ttlive-python&room_id=7587003846677777173&user_agent=Mozilla%2F5.0+%28Macintosh%3B+Intel+Mac+OS+X+10_15_7%29+AppleWebKit%2F537.36+%28KHTML%2C+like+Gecko%29+Chrome%2F129.0.0.0+Safari%2F537.36+Edg%2F128.0.2739.79&platform=web&client_enter=true "HTTP/1.1 200 OK"
2025-12-23 23:53:40,303 - __main__ - INFO - @user9836661800791 连接成功，开始监控
2025-12-23 23:53:40,716 - httpx - INFO - HTTP Request: GET https://www.tiktok.com/@user9836661800791/live? "HTTP/1.1 200 OK"
2025-12-23 23:53:41,330 - httpx - INFO - HTTP Request: GET https://webcast.tiktok.com/webcast/room/info/?aid=1988&app_language=en&app_name=tiktok_web&browser_language=en-JM&browser_name=Mozilla&browser_online=true&browser_platform=MacIntel&browser_version=5.0%20%28Macintosh%3B%20Intel%20Mac%20OS%20X%2010_15_7%29%20AppleWebKit%2F537.36%20%28KHTML%2C%20like%20Gecko%29%20Chrome%2F129.0.0.0%20Safari%2F537.36%20Edg%2F128.0.2739.79&cookie_enabled=true&device_platform=web_pc&focus_state=true&from_page=&history_len=5&is_fullscreen=false&is_page_visible=true&screen_height=2048&screen_width=1152&tz_name=America/Jamaica&channel=tiktok_web&data_collection_enabled=true&os=mac&priority_region=JM&region=JM&user_is_login=false&webcast_language=en&msToken=&referer=https://www.tiktok.com/@user9836661800791/live&root_referer=https://www.tiktok.com/@user9836661800791/live&device_id=33003833195276512614&room_id=7587003846677777173 "HTTP/1.1 200 OK"
2025-12-23 23:53:41,994 - httpx - INFO - HTTP Request: GET https://webcast.tiktok.com/webcast/gift/list/?aid=1988&app_language=en&app_name=tiktok_web&browser_language=en-JM&browser_name=Mozilla&browser_online=true&browser_platform=MacIntel&browser_version=5.0%20%28Macintosh%3B%20Intel%20Mac%20OS%20X%2010_15_7%29%20AppleWebKit%2F537.36%20%28KHTML%2C%20like%20Gecko%29%20Chrome%2F129.0.0.0%20Safari%2F537.36%20Edg%2F128.0.2739.79&cookie_enabled=true&device_platform=web_pc&focus_state=true&from_page=&history_len=5&is_fullscreen=false&is_page_visible=true&screen_height=2048&screen_width=1152&tz_name=America/Jamaica&channel=tiktok_web&data_collection_enabled=true&os=mac&priority_region=JM&region=JM&user_is_login=false&webcast_language=en&msToken=&referer=https://www.tiktok.com/@user9836661800791/live&root_referer=https://www.tiktok.com/@user9836661800791/live&device_id=60034183225181172415&room_id=7587003846677777173 "HTTP/1.1 200 OK"
2025-12-23 23:53:42,057 - __main__ - INFO - 检查 @user9836661800791 是否在直播...
2025-12-23 23:53:42,060 - __main__ - INFO - 开始监控 @user9836661800791 的直播...
2025-12-23 23:53:42,360 - httpx - INFO - HTTP Request: GET https://webcast.tiktok.com/webcast/room/check_alive/?aid=1988&app_language=en&app_name=tiktok_web&browser_language=en-JM&browser_name=Mozilla&browser_online=true&browser_platform=MacIntel&browser_version=5.0%20%28Macintosh%3B%20Intel%20Mac%20OS%20X%2010_15_7%29%20AppleWebKit%2F537.36%20%28KHTML%2C%20like%20Gecko%29%20Chrome%2F129.0.0.0%20Safari%2F537.36%20Edg%2F128.0.2739.79&cookie_enabled=true&device_platform=web_pc&focus_state=true&from_page=&history_len=5&is_fullscreen=false&is_page_visible=true&screen_height=2048&screen_width=1152&tz_name=America/Jamaica&channel=tiktok_web&data_collection_enabled=true&os=mac&priority_region=JM&region=JM&user_is_login=false&webcast_language=en&msToken=&referer=https://www.tiktok.com/@user9836661800791/live&root_referer=https://www.tiktok.com/@user9836661800791/live&device_id=73884707562364193221&room_id=7587003846677777173&room_ids=7587003846677777173 "HTTP/1.1 200 OK"
2025-12-23 23:53:43,004 - httpx - INFO - HTTP Request: GET https://webcast.tiktok.com/webcast/room/info/?aid=1988&app_language=en&app_name=tiktok_web&browser_language=en-JM&browser_name=Mozilla&browser_online=true&browser_platform=MacIntel&browser_version=5.0%20%28Macintosh%3B%20Intel%20Mac%20OS%20X%2010_15_7%29%20AppleWebKit%2F537.36%20%28KHTML%2C%20like%20Gecko%29%20Chrome%2F129.0.0.0%20Safari%2F537.36%20Edg%2F128.0.2739.79&cookie_enabled=true&device_platform=web_pc&focus_state=true&from_page=&history_len=5&is_fullscreen=false&is_page_visible=true&screen_height=2048&screen_width=1152&tz_name=America/Jamaica&channel=tiktok_web&data_collection_enabled=true&os=mac&priority_region=JM&region=JM&user_is_login=false&webcast_language=en&msToken=&referer=https://www.tiktok.com/@user9836661800791/live&root_referer=https://www.tiktok.com/@user9836661800791/live&device_id=64433282786272867372&room_id=7587003846677777173 "HTTP/1.1 200 OK"
2025-12-23 23:53:43,542 - httpx - INFO - HTTP Request: GET https://webcast.tiktok.com/webcast/gift/list/?aid=1988&app_language=en&app_name=tiktok_web&browser_language=en-JM&browser_name=Mozilla&browser_online=true&browser_platform=MacIntel&browser_version=5.0%20%28Macintosh%3B%20Intel%20Mac%20OS%20X%2010_15_7%29%20AppleWebKit%2F537.36%20%28KHTML%2C%20like%20Gecko%29%20Chrome%2F129.0.0.0%20Safari%2F537.36%20Edg%2F128.0.2739.79&cookie_enabled=true&device_platform=web_pc&focus_state=true&from_page=&history_len=5&is_fullscreen=false&is_page_visible=true&screen_height=2048&screen_width=1152&tz_name=America/Jamaica&channel=tiktok_web&data_collection_enabled=true&os=mac&priority_region=JM&region=JM&user_is_login=false&webcast_language=en&msToken=&referer=https://www.tiktok.com/@user9836661800791/live&root_referer=https://www.tiktok.com/@user9836661800791/live&device_id=17887146845486017019&room_id=7587003846677777173 "HTTP/1.1 200 OK"
2025-12-23 23:53:44,830 - httpx - INFO - HTTP Request: GET https://tiktok.eulerstream.com/webcast/fetch/?client=ttlive-python&room_id=7587003846677777173&user_agent=Mozilla%2F5.0+%28Macintosh%3B+Intel+Mac+OS+X+10_15_7%29+AppleWebKit%2F537.36+%28KHTML%2C+like+Gecko%29+Chrome%2F129.0.0.0+Safari%2F537.36+Edg%2F128.0.2739.79&platform=web&client_enter=true "HTTP/1.1 200 OK"
2025-12-23 23:53:44,919 - __main__ - INFO - @user9836661800791 连接成功，开始监控
2025-12-23 23:53:45,623 - httpx - INFO - HTTP Request: GET https://www.tiktok.com/@user9836661800791/live? "HTTP/1.1 200 OK"
2025-12-23 23:53:46,086 - httpx - INFO - HTTP Request: GET https://webcast.tiktok.com/webcast/room/info/?aid=1988&app_language=en&app_name=tiktok_web&browser_language=en-JM&browser_name=Mozilla&browser_online=true&browser_platform=MacIntel&browser_version=5.0%20%28Macintosh%3B%20Intel%20Mac%20OS%20X%2010_15_7%29%20AppleWebKit%2F537.36%20%28KHTML%2C%20like%20Gecko%29%20Chrome%2F129.0.0.0%20Safari%2F537.36%20Edg%2F128.0.2739.79&cookie_enabled=true&device_platform=web_pc&focus_state=true&from_page=&history_len=5&is_fullscreen=false&is_page_visible=true&screen_height=2048&screen_width=1152&tz_name=America/Jamaica&channel=tiktok_web&data_collection_enabled=true&os=mac&priority_region=JM&region=JM&user_is_login=false&webcast_language=en&msToken=&referer=https://www.tiktok.com/@user9836661800791/live&root_referer=https://www.tiktok.com/@user9836661800791/live&device_id=96584140501954027903&room_id=7587003846677777173 "HTTP/1.1 200 OK"
2025-12-23 23:53:46,617 - httpx - INFO - HTTP Request: GET https://webcast.tiktok.com/webcast/gift/list/?aid=1988&app_language=en&app_name=tiktok_web&browser_language=en-JM&browser_name=Mozilla&browser_online=true&browser_platform=MacIntel&browser_version=5.0%20%28Macintosh%3B%20Intel%20Mac%20OS%20X%2010_15_7%29%20AppleWebKit%2F537.36%20%28KHTML%2C%20like%20Gecko%29%20Chrome%2F129.0.0.0%20Safari%2F537.36%20Edg%2F128.0.2739.79&cookie_enabled=true&device_platform=web_pc&focus_state=true&from_page=&history_len=5&is_fullscreen=false&is_page_visible=true&screen_height=2048&screen_width=1152&tz_name=America/Jamaica&channel=tiktok_web&data_collection_enabled=true&os=mac&priority_region=JM&region=JM&user_is_login=false&webcast_language=en&msToken=&referer=https://www.tiktok.com/@user9836661800791/live&root_referer=https://www.tiktok.com/@user9836661800791/live&device_id=64203561310336934548&room_id=7587003846677777173 "HTTP/1.1 200 OK"
2025-12-23 23:53:46,801 - __main__ - INFO - 检查 @user9836661800791 是否在直播...
2025-12-23 23:53:46,803 - __main__ - INFO - 开始监控 @user9836661800791 的直播...
2025-12-23 23:53:47,090 - httpx - INFO - HTTP Request: GET https://webcast.tiktok.com/webcast/room/check_alive/?aid=1988&app_language=en&app_name=tiktok_web&browser_language=en-JM&browser_name=Mozilla&browser_online=true&browser_platform=MacIntel&browser_version=5.0%20%28Macintosh%3B%20Intel%20Mac%20OS%20X%2010_15_7%29%20AppleWebKit%2F537.36%20%28KHTML%2C%20like%20Gecko%29%20Chrome%2F129.0.0.0%20Safari%2F537.36%20Edg%2F128.0.2739.79&cookie_enabled=true&device_platform=web_pc&focus_state=true&from_page=&history_len=5&is_fullscreen=false&is_page_visible=true&screen_height=2048&screen_width=1152&tz_name=America/Jamaica&channel=tiktok_web&data_collection_enabled=true&os=mac&priority_region=JM&region=JM&user_is_login=false&webcast_language=en&msToken=&referer=https://www.tiktok.com/@user9836661800791/live&root_referer=https://www.tiktok.com/@user9836661800791/live&device_id=77641453850064669689&room_id=7587003846677777173&room_ids=7587003846677777173 "HTTP/1.1 200 OK"
2025-12-23 23:53:47,470 - httpx - INFO - HTTP Request: GET https://webcast.tiktok.com/webcast/room/info/?aid=1988&app_language=en&app_name=tiktok_web&browser_language=en-JM&browser_name=Mozilla&browser_online=true&browser_platform=MacIntel&browser_version=5.0%20%28Macintosh%3B%20Intel%20Mac%20OS%20X%2010_15_7%29%20AppleWebKit%2F537.36%20%28KHTML%2C%20like%20Gecko%29%20Chrome%2F129.0.0.0%20Safari%2F537.36%20Edg%2F128.0.2739.79&cookie_enabled=true&device_platform=web_pc&focus_state=true&from_page=&history_len=5&is_fullscreen=false&is_page_visible=true&screen_height=2048&screen_width=1152&tz_name=America/Jamaica&channel=tiktok_web&data_collection_enabled=true&os=mac&priority_region=JM&region=JM&user_is_login=false&webcast_language=en&msToken=&referer=https://www.tiktok.com/@user9836661800791/live&root_referer=https://www.tiktok.com/@user9836661800791/live&device_id=91160315094183032804&room_id=7587003846677777173 "HTTP/1.1 200 OK"
2025-12-23 23:53:48,235 - httpx - INFO - HTTP Request: GET https://webcast.tiktok.com/webcast/gift/list/?aid=1988&app_language=en&app_name=tiktok_web&browser_language=en-JM&browser_name=Mozilla&browser_online=true&browser_platform=MacIntel&browser_version=5.0%20%28Macintosh%3B%20Intel%20Mac%20OS%20X%2010_15_7%29%20AppleWebKit%2F537.36%20%28KHTML%2C%20like%20Gecko%29%20Chrome%2F129.0.0.0%20Safari%2F537.36%20Edg%2F128.0.2739.79&cookie_enabled=true&device_platform=web_pc&focus_state=true&from_page=&history_len=5&is_fullscreen=false&is_page_visible=true&screen_height=2048&screen_width=1152&tz_name=America/Jamaica&channel=tiktok_web&data_collection_enabled=true&os=mac&priority_region=JM&region=JM&user_is_login=false&webcast_language=en&msToken=&referer=https://www.tiktok.com/@user9836661800791/live&root_referer=https://www.tiktok.com/@user9836661800791/live&device_id=71530638725127004073&room_id=7587003846677777173 "HTTP/1.1 200 OK"
2025-12-23 23:53:49,729 - httpx - INFO - HTTP Request: GET https://tiktok.eulerstream.com/webcast/fetch/?client=ttlive-python&room_id=7587003846677777173&user_agent=Mozilla%2F5.0+%28Macintosh%3B+Intel+Mac+OS+X+10_15_7%29+AppleWebKit%2F537.36+%28KHTML%2C+like+Gecko%29+Chrome%2F129.0.0.0+Safari%2F537.36+Edg%2F128.0.2739.79&platform=web&client_enter=true "HTTP/1.1 200 OK"
2025-12-23 23:53:49,813 - __main__ - INFO - @user9836661800791 连接成功，开始监控
2025-12-23 23:53:50,335 - httpx - INFO - HTTP Request: GET https://www.tiktok.com/@user9836661800791/live? "HTTP/1.1 200 OK"
2025-12-23 23:53:50,748 - httpx - INFO - HTTP Request: GET https://webcast.tiktok.com/webcast/room/info/?aid=1988&app_language=en&app_name=tiktok_web&browser_language=en-JM&browser_name=Mozilla&browser_online=true&browser_platform=MacIntel&browser_version=5.0%20%28Macintosh%3B%20Intel%20Mac%20OS%20X%2010_15_7%29%20AppleWebKit%2F537.36%20%28KHTML%2C%20like%20Gecko%29%20Chrome%2F129.0.0.0%20Safari%2F537.36%20Edg%2F128.0.2739.79&cookie_enabled=true&device_platform=web_pc&focus_state=true&from_page=&history_len=5&is_fullscreen=false&is_page_visible=true&screen_height=2048&screen_width=1152&tz_name=America/Jamaica&channel=tiktok_web&data_collection_enabled=true&os=mac&priority_region=JM&region=JM&user_is_login=false&webcast_language=en&msToken=&referer=https://www.tiktok.com/@user9836661800791/live&root_referer=https://www.tiktok.com/@user9836661800791/live&device_id=22230458903812945158&room_id=7587003846677777173 "HTTP/1.1 200 OK"
2025-12-23 23:53:51,441 - httpx - INFO - HTTP Request: GET https://webcast.tiktok.com/webcast/gift/list/?aid=1988&app_language=en&app_name=tiktok_web&browser_language=en-JM&browser_name=Mozilla&browser_online=true&browser_platform=MacIntel&browser_version=5.0%20%28Macintosh%3B%20Intel%20Mac%20OS%20X%2010_15_7%29%20AppleWebKit%2F537.36%20%28KHTML%2C%20like%20Gecko%29%20Chrome%2F129.0.0.0%20Safari%2F537.36%20Edg%2F128.0.2739.79&cookie_enabled=true&device_platform=web_pc&focus_state=true&from_page=&history_len=5&is_fullscreen=false&is_page_visible=true&screen_height=2048&screen_width=1152&tz_name=America/Jamaica&channel=tiktok_web&data_collection_enabled=true&os=mac&priority_region=JM&region=JM&user_is_login=false&webcast_language=en&msToken=&referer=https://www.tiktok.com/@user9836661800791/live&root_referer=https://www.tiktok.com/@user9836661800791/live&device_id=69623536943991776997&room_id=7587003846677777173 "HTTP/1.1 200 OK"
2025-12-23 23:53:51,537 - asyncio - ERROR - Task exception was never retrieved
future: <Task finished name='Task-566' coro=<TikTokLiveClient._ws_client_loop() done, defined at C:\Users\zilai\AppData\Local\Programs\Python\Python311\Lib\site-packages\TikTokLive\client\client.py:308> exception=TimeoutError()>
Traceback (most recent call last):
  File "C:\Users\zilai\AppData\Local\Programs\Python\Python311\Lib\site-packages\websockets\legacy\client.py", line 652, in __await_impl__
    _transport, protocol = await self._create_connection()
                           ^^^^^^^^^^^^^^^^^^^^^^^^^^^^^^^
  File "C:\Users\zilai\AppData\Local\Programs\Python\Python311\Lib\asyncio\base_events.py", line 1070, in create_connection
    sock = await self._connect_sock(
           ^^^^^^^^^^^^^^^^^^^^^^^^^
  File "C:\Users\zilai\AppData\Local\Programs\Python\Python311\Lib\asyncio\base_events.py", line 974, in _connect_sock
    await self.sock_connect(sock, address)
  File "C:\Users\zilai\AppData\Local\Programs\Python\Python311\Lib\asyncio\proactor_events.py", line 726, in sock_connect
    return await self._proactor.connect(sock, address)
           ^^^^^^^^^^^^^^^^^^^^^^^^^^^^^^^^^^^^^^^^^^^
asyncio.exceptions.CancelledError

The above exception was the direct cause of the following exception:

Traceback (most recent call last):
  File "C:\Users\zilai\AppData\Local\Programs\Python\Python311\Lib\site-packages\TikTokLive\client\client.py", line 325, in _ws_client_loop
    async for webcast_response in self._ws.connect(
  File "C:\Users\zilai\AppData\Local\Programs\Python\Python311\Lib\site-packages\TikTokLive\client\ws\ws_client.py", line 256, in connect
    async for webcast_push_frame, webcast_response in typing.cast(WebcastIterator, self._connection_generator):
  File "C:\Users\zilai\AppData\Local\Programs\Python\Python311\Lib\site-packages\TikTokLive\client\ws\ws_connect.py", line 83, in __aiter__
    async with self as protocol:
  File "C:\Users\zilai\AppData\Local\Programs\Python\Python311\Lib\site-packages\websockets\legacy\client.py", line 633, in __aenter__
    return await self
           ^^^^^^^^^^
  File "C:\Users\zilai\AppData\Local\Programs\Python\Python311\Lib\site-packages\websockets\legacy\client.py", line 650, in __await_impl__
    async with asyncio_timeout(self.open_timeout):
  File "C:\Users\zilai\AppData\Local\Programs\Python\Python311\Lib\asyncio\timeouts.py", line 115, in __aexit__
    raise TimeoutError from exc_val
TimeoutError
2025-12-23 23:53:51,545 - asyncio - ERROR - Task exception was never retrieved
future: <Task finished name='Task-562' coro=<TikTokLiveClient._ws_client_loop() done, defined at C:\Users\zilai\AppData\Local\Programs\Python\Python311\Lib\site-packages\TikTokLive\client\client.py:308> exception=TimeoutError()>
Traceback (most recent call last):
  File "C:\Users\zilai\AppData\Local\Programs\Python\Python311\Lib\site-packages\websockets\legacy\client.py", line 652, in __await_impl__
    _transport, protocol = await self._create_connection()
                           ^^^^^^^^^^^^^^^^^^^^^^^^^^^^^^^
  File "C:\Users\zilai\AppData\Local\Programs\Python\Python311\Lib\asyncio\base_events.py", line 1070, in create_connection
    sock = await self._connect_sock(
           ^^^^^^^^^^^^^^^^^^^^^^^^^
  File "C:\Users\zilai\AppData\Local\Programs\Python\Python311\Lib\asyncio\base_events.py", line 974, in _connect_sock
    await self.sock_connect(sock, address)
  File "C:\Users\zilai\AppData\Local\Programs\Python\Python311\Lib\asyncio\proactor_events.py", line 726, in sock_connect
    return await self._proactor.connect(sock, address)
           ^^^^^^^^^^^^^^^^^^^^^^^^^^^^^^^^^^^^^^^^^^^
asyncio.exceptions.CancelledError

The above exception was the direct cause of the following exception:

Traceback (most recent call last):
  File "C:\Users\zilai\AppData\Local\Programs\Python\Python311\Lib\site-packages\TikTokLive\client\client.py", line 325, in _ws_client_loop
    async for webcast_response in self._ws.connect(
  File "C:\Users\zilai\AppData\Local\Programs\Python\Python311\Lib\site-packages\TikTokLive\client\ws\ws_client.py", line 256, in connect
    async for webcast_push_frame, webcast_response in typing.cast(WebcastIterator, self._connection_generator):
  File "C:\Users\zilai\AppData\Local\Programs\Python\Python311\Lib\site-packages\TikTokLive\client\ws\ws_connect.py", line 83, in __aiter__
    async with self as protocol:
  File "C:\Users\zilai\AppData\Local\Programs\Python\Python311\Lib\site-packages\websockets\legacy\client.py", line 633, in __aenter__
    return await self
           ^^^^^^^^^^
  File "C:\Users\zilai\AppData\Local\Programs\Python\Python311\Lib\site-packages\websockets\legacy\client.py", line 650, in __await_impl__
    async with asyncio_timeout(self.open_timeout):
  File "C:\Users\zilai\AppData\Local\Programs\Python\Python311\Lib\asyncio\timeouts.py", line 115, in __aexit__
    raise TimeoutError from exc_val
TimeoutError
2025-12-23 23:53:51,552 - asyncio - ERROR - Task exception was never retrieved
future: <Task finished name='Task-568' coro=<TikTokLiveClient._ws_client_loop() done, defined at C:\Users\zilai\AppData\Local\Programs\Python\Python311\Lib\site-packages\TikTokLive\client\client.py:308> exception=TimeoutError()>
Traceback (most recent call last):
  File "C:\Users\zilai\AppData\Local\Programs\Python\Python311\Lib\site-packages\websockets\legacy\client.py", line 652, in __await_impl__
    _transport, protocol = await self._create_connection()
                           ^^^^^^^^^^^^^^^^^^^^^^^^^^^^^^^
  File "C:\Users\zilai\AppData\Local\Programs\Python\Python311\Lib\asyncio\base_events.py", line 1070, in create_connection
    sock = await self._connect_sock(
           ^^^^^^^^^^^^^^^^^^^^^^^^^
  File "C:\Users\zilai\AppData\Local\Programs\Python\Python311\Lib\asyncio\base_events.py", line 974, in _connect_sock
    await self.sock_connect(sock, address)
  File "C:\Users\zilai\AppData\Local\Programs\Python\Python311\Lib\asyncio\proactor_events.py", line 726, in sock_connect
    return await self._proactor.connect(sock, address)
           ^^^^^^^^^^^^^^^^^^^^^^^^^^^^^^^^^^^^^^^^^^^
asyncio.exceptions.CancelledError

The above exception was the direct cause of the following exception:

Traceback (most recent call last):
  File "C:\Users\zilai\AppData\Local\Programs\Python\Python311\Lib\site-packages\TikTokLive\client\client.py", line 325, in _ws_client_loop
    async for webcast_response in self._ws.connect(
  File "C:\Users\zilai\AppData\Local\Programs\Python\Python311\Lib\site-packages\TikTokLive\client\ws\ws_client.py", line 256, in connect
    async for webcast_push_frame, webcast_response in typing.cast(WebcastIterator, self._connection_generator):
  File "C:\Users\zilai\AppData\Local\Programs\Python\Python311\Lib\site-packages\TikTokLive\client\ws\ws_connect.py", line 83, in __aiter__
    async with self as protocol:
  File "C:\Users\zilai\AppData\Local\Programs\Python\Python311\Lib\site-packages\websockets\legacy\client.py", line 633, in __aenter__
    return await self
           ^^^^^^^^^^
  File "C:\Users\zilai\AppData\Local\Programs\Python\Python311\Lib\site-packages\websockets\legacy\client.py", line 650, in __await_impl__
    async with asyncio_timeout(self.open_timeout):
  File "C:\Users\zilai\AppData\Local\Programs\Python\Python311\Lib\asyncio\timeouts.py", line 115, in __aexit__
    raise TimeoutError from exc_val
TimeoutError
2025-12-23 23:53:51,557 - asyncio - ERROR - Task exception was never retrieved
future: <Task finished name='Task-569' coro=<TikTokLiveClient._ws_client_loop() done, defined at C:\Users\zilai\AppData\Local\Programs\Python\Python311\Lib\site-packages\TikTokLive\client\client.py:308> exception=TimeoutError()>
Traceback (most recent call last):
  File "C:\Users\zilai\AppData\Local\Programs\Python\Python311\Lib\site-packages\websockets\legacy\client.py", line 652, in __await_impl__
    _transport, protocol = await self._create_connection()
                           ^^^^^^^^^^^^^^^^^^^^^^^^^^^^^^^
  File "C:\Users\zilai\AppData\Local\Programs\Python\Python311\Lib\asyncio\base_events.py", line 1070, in create_connection
    sock = await self._connect_sock(
           ^^^^^^^^^^^^^^^^^^^^^^^^^
  File "C:\Users\zilai\AppData\Local\Programs\Python\Python311\Lib\asyncio\base_events.py", line 974, in _connect_sock
    await self.sock_connect(sock, address)
  File "C:\Users\zilai\AppData\Local\Programs\Python\Python311\Lib\asyncio\proactor_events.py", line 726, in sock_connect
    return await self._proactor.connect(sock, address)
           ^^^^^^^^^^^^^^^^^^^^^^^^^^^^^^^^^^^^^^^^^^^
asyncio.exceptions.CancelledError

The above exception was the direct cause of the following exception:

Traceback (most recent call last):
  File "C:\Users\zilai\AppData\Local\Programs\Python\Python311\Lib\site-packages\TikTokLive\client\client.py", line 325, in _ws_client_loop
    async for webcast_response in self._ws.connect(
  File "C:\Users\zilai\AppData\Local\Programs\Python\Python311\Lib\site-packages\TikTokLive\client\ws\ws_client.py", line 256, in connect
    async for webcast_push_frame, webcast_response in typing.cast(WebcastIterator, self._connection_generator):
  File "C:\Users\zilai\AppData\Local\Programs\Python\Python311\Lib\site-packages\TikTokLive\client\ws\ws_connect.py", line 83, in __aiter__
    async with self as protocol:
  File "C:\Users\zilai\AppData\Local\Programs\Python\Python311\Lib\site-packages\websockets\legacy\client.py", line 633, in __aenter__
    return await self
           ^^^^^^^^^^
  File "C:\Users\zilai\AppData\Local\Programs\Python\Python311\Lib\site-packages\websockets\legacy\client.py", line 650, in __await_impl__
    async with asyncio_timeout(self.open_timeout):
  File "C:\Users\zilai\AppData\Local\Programs\Python\Python311\Lib\asyncio\timeouts.py", line 115, in __aexit__
    raise TimeoutError from exc_val
TimeoutError
2025-12-23 23:53:51,583 - __main__ - INFO - 检查 @user9836661800791 是否在直播...
2025-12-23 23:53:51,584 - __main__ - INFO - 开始监控 @user9836661800791 的直播...
2025-12-23 23:53:51,901 - httpx - INFO - HTTP Request: GET https://webcast.tiktok.com/webcast/room/check_alive/?aid=1988&app_language=en&app_name=tiktok_web&browser_language=en-JM&browser_name=Mozilla&browser_online=true&browser_platform=MacIntel&browser_version=5.0%20%28Macintosh%3B%20Intel%20Mac%20OS%20X%2010_15_7%29%20AppleWebKit%2F537.36%20%28KHTML%2C%20like%20Gecko%29%20Chrome%2F129.0.0.0%20Safari%2F537.36%20Edg%2F128.0.2739.79&cookie_enabled=true&device_platform=web_pc&focus_state=true&from_page=&history_len=5&is_fullscreen=false&is_page_visible=true&screen_height=2048&screen_width=1152&tz_name=America/Jamaica&channel=tiktok_web&data_collection_enabled=true&os=mac&priority_region=JM&region=JM&user_is_login=false&webcast_language=en&msToken=&referer=https://www.tiktok.com/@user9836661800791/live&root_referer=https://www.tiktok.com/@user9836661800791/live&device_id=73543819154958556812&room_id=7587003846677777173&room_ids=7587003846677777173 "HTTP/1.1 200 OK"
2025-12-23 23:53:52,258 - httpx - INFO - HTTP Request: GET https://webcast.tiktok.com/webcast/room/info/?aid=1988&app_language=en&app_name=tiktok_web&browser_language=en-JM&browser_name=Mozilla&browser_online=true&browser_platform=MacIntel&browser_version=5.0%20%28Macintosh%3B%20Intel%20Mac%20OS%20X%2010_15_7%29%20AppleWebKit%2F537.36%20%28KHTML%2C%20like%20Gecko%29%20Chrome%2F129.0.0.0%20Safari%2F537.36%20Edg%2F128.0.2739.79&cookie_enabled=true&device_platform=web_pc&focus_state=true&from_page=&history_len=5&is_fullscreen=false&is_page_visible=true&screen_height=2048&screen_width=1152&tz_name=America/Jamaica&channel=tiktok_web&data_collection_enabled=true&os=mac&priority_region=JM&region=JM&user_is_login=false&webcast_language=en&msToken=&referer=https://www.tiktok.com/@user9836661800791/live&root_referer=https://www.tiktok.com/@user9836661800791/live&device_id=81374707846897415959&room_id=7587003846677777173 "HTTP/1.1 200 OK"
2025-12-23 23:53:52,776 - httpx - INFO - HTTP Request: GET https://webcast.tiktok.com/webcast/gift/list/?aid=1988&app_language=en&app_name=tiktok_web&browser_language=en-JM&browser_name=Mozilla&browser_online=true&browser_platform=MacIntel&browser_version=5.0%20%28Macintosh%3B%20Intel%20Mac%20OS%20X%2010_15_7%29%20AppleWebKit%2F537.36%20%28KHTML%2C%20like%20Gecko%29%20Chrome%2F129.0.0.0%20Safari%2F537.36%20Edg%2F128.0.2739.79&cookie_enabled=true&device_platform=web_pc&focus_state=true&from_page=&history_len=5&is_fullscreen=false&is_page_visible=true&screen_height=2048&screen_width=1152&tz_name=America/Jamaica&channel=tiktok_web&data_collection_enabled=true&os=mac&priority_region=JM&region=JM&user_is_login=false&webcast_language=en&msToken=&referer=https://www.tiktok.com/@user9836661800791/live&root_referer=https://www.tiktok.com/@user9836661800791/live&device_id=75121991434585822364&room_id=7587003846677777173 "HTTP/1.1 200 OK"
2025-12-23 23:53:53,910 - httpx - INFO - HTTP Request: GET https://tiktok.eulerstream.com/webcast/fetch/?client=ttlive-python&room_id=7587003846677777173&user_agent=Mozilla%2F5.0+%28Macintosh%3B+Intel+Mac+OS+X+10_15_7%29+AppleWebKit%2F537.36+%28KHTML%2C+like+Gecko%29+Chrome%2F129.0.0.0+Safari%2F537.36+Edg%2F128.0.2739.79&platform=web&client_enter=true "HTTP/1.1 200 OK"
2025-12-23 23:53:54,022 - __main__ - INFO - @user9836661800791 连接成功，开始监控
2025-12-23 23:53:54,677 - httpx - INFO - HTTP Request: GET https://www.tiktok.com/@user9836661800791/live? "HTTP/1.1 200 OK"
2025-12-23 23:53:55,094 - httpx - INFO - HTTP Request: GET https://webcast.tiktok.com/webcast/room/info/?aid=1988&app_language=en&app_name=tiktok_web&browser_language=en-JM&browser_name=Mozilla&browser_online=true&browser_platform=MacIntel&browser_version=5.0%20%28Macintosh%3B%20Intel%20Mac%20OS%20X%2010_15_7%29%20AppleWebKit%2F537.36%20%28KHTML%2C%20like%20Gecko%29%20Chrome%2F129.0.0.0%20Safari%2F537.36%20Edg%2F128.0.2739.79&cookie_enabled=true&device_platform=web_pc&focus_state=true&from_page=&history_len=5&is_fullscreen=false&is_page_visible=true&screen_height=2048&screen_width=1152&tz_name=America/Jamaica&channel=tiktok_web&data_collection_enabled=true&os=mac&priority_region=JM&region=JM&user_is_login=false&webcast_language=en&msToken=&referer=https://www.tiktok.com/@user9836661800791/live&root_referer=https://www.tiktok.com/@user9836661800791/live&device_id=57185103003049160833&room_id=7587003846677777173 "HTTP/1.1 200 OK"
2025-12-23 23:53:55,625 - httpx - INFO - HTTP Request: GET https://webcast.tiktok.com/webcast/gift/list/?aid=1988&app_language=en&app_name=tiktok_web&browser_language=en-JM&browser_name=Mozilla&browser_online=true&browser_platform=MacIntel&browser_version=5.0%20%28Macintosh%3B%20Intel%20Mac%20OS%20X%2010_15_7%29%20AppleWebKit%2F537.36%20%28KHTML%2C%20like%20Gecko%29%20Chrome%2F129.0.0.0%20Safari%2F537.36%20Edg%2F128.0.2739.79&cookie_enabled=true&device_platform=web_pc&focus_state=true&from_page=&history_len=5&is_fullscreen=false&is_page_visible=true&screen_height=2048&screen_width=1152&tz_name=America/Jamaica&channel=tiktok_web&data_collection_enabled=true&os=mac&priority_region=JM&region=JM&user_is_login=false&webcast_language=en&msToken=&referer=https://www.tiktok.com/@user9836661800791/live&root_referer=https://www.tiktok.com/@user9836661800791/live&device_id=99883926894501085067&room_id=7587003846677777173 "HTTP/1.1 200 OK"
2025-12-23 23:53:55,801 - __main__ - INFO - 检查 @user9836661800791 是否在直播...
2025-12-23 23:53:55,807 - __main__ - INFO - 开始监控 @user9836661800791 的直播...
2025-12-23 23:53:56,221 - httpx - INFO - HTTP Request: GET https://webcast.tiktok.com/webcast/room/check_alive/?aid=1988&app_language=en&app_name=tiktok_web&browser_language=en-JM&browser_name=Mozilla&browser_online=true&browser_platform=MacIntel&browser_version=5.0%20%28Macintosh%3B%20Intel%20Mac%20OS%20X%2010_15_7%29%20AppleWebKit%2F537.36%20%28KHTML%2C%20like%20Gecko%29%20Chrome%2F129.0.0.0%20Safari%2F537.36%20Edg%2F128.0.2739.79&cookie_enabled=true&device_platform=web_pc&focus_state=true&from_page=&history_len=5&is_fullscreen=false&is_page_visible=true&screen_height=2048&screen_width=1152&tz_name=America/Jamaica&channel=tiktok_web&data_collection_enabled=true&os=mac&priority_region=JM&region=JM&user_is_login=false&webcast_language=en&msToken=&referer=https://www.tiktok.com/@user9836661800791/live&root_referer=https://www.tiktok.com/@user9836661800791/live&device_id=53745193824652327337&room_id=7587003846677777173&room_ids=7587003846677777173 "HTTP/1.1 200 OK"
2025-12-23 23:53:56,607 - httpx - INFO - HTTP Request: GET https://webcast.tiktok.com/webcast/room/info/?aid=1988&app_language=en&app_name=tiktok_web&browser_language=en-JM&browser_name=Mozilla&browser_online=true&browser_platform=MacIntel&browser_version=5.0%20%28Macintosh%3B%20Intel%20Mac%20OS%20X%2010_15_7%29%20AppleWebKit%2F537.36%20%28KHTML%2C%20like%20Gecko%29%20Chrome%2F129.0.0.0%20Safari%2F537.36%20Edg%2F128.0.2739.79&cookie_enabled=true&device_platform=web_pc&focus_state=true&from_page=&history_len=5&is_fullscreen=false&is_page_visible=true&screen_height=2048&screen_width=1152&tz_name=America/Jamaica&channel=tiktok_web&data_collection_enabled=true&os=mac&priority_region=JM&region=JM&user_is_login=false&webcast_language=en&msToken=&referer=https://www.tiktok.com/@user9836661800791/live&root_referer=https://www.tiktok.com/@user9836661800791/live&device_id=57087907796441643495&room_id=7587003846677777173 "HTTP/1.1 200 OK"
2025-12-23 23:53:57,214 - httpx - INFO - HTTP Request: GET https://webcast.tiktok.com/webcast/gift/list/?aid=1988&app_language=en&app_name=tiktok_web&browser_language=en-JM&browser_name=Mozilla&browser_online=true&browser_platform=MacIntel&browser_version=5.0%20%28Macintosh%3B%20Intel%20Mac%20OS%20X%2010_15_7%29%20AppleWebKit%2F537.36%20%28KHTML%2C%20like%20Gecko%29%20Chrome%2F129.0.0.0%20Safari%2F537.36%20Edg%2F128.0.2739.79&cookie_enabled=true&device_platform=web_pc&focus_state=true&from_page=&history_len=5&is_fullscreen=false&is_page_visible=true&screen_height=2048&screen_width=1152&tz_name=America/Jamaica&channel=tiktok_web&data_collection_enabled=true&os=mac&priority_region=JM&region=JM&user_is_login=false&webcast_language=en&msToken=&referer=https://www.tiktok.com/@user9836661800791/live&root_referer=https://www.tiktok.com/@user9836661800791/live&device_id=43115440872277940638&room_id=7587003846677777173 "HTTP/1.1 200 OK"
2025-12-23 23:53:59,102 - httpx - INFO - HTTP Request: GET https://tiktok.eulerstream.com/webcast/fetch/?client=ttlive-python&room_id=7587003846677777173&user_agent=Mozilla%2F5.0+%28Macintosh%3B+Intel+Mac+OS+X+10_15_7%29+AppleWebKit%2F537.36+%28KHTML%2C+like+Gecko%29+Chrome%2F129.0.0.0+Safari%2F537.36+Edg%2F128.0.2739.79&platform=web&client_enter=true "HTTP/1.1 200 OK"
2025-12-23 23:53:59,221 - __main__ - INFO - @user9836661800791 连接成功，开始监控
2025-12-23 23:53:59,633 - httpx - INFO - HTTP Request: GET https://www.tiktok.com/@user9836661800791/live? "HTTP/1.1 200 OK"
2025-12-23 23:54:00,067 - httpx - INFO - HTTP Request: GET https://webcast.tiktok.com/webcast/room/info/?aid=1988&app_language=en&app_name=tiktok_web&browser_language=en-JM&browser_name=Mozilla&browser_online=true&browser_platform=MacIntel&browser_version=5.0%20%28Macintosh%3B%20Intel%20Mac%20OS%20X%2010_15_7%29%20AppleWebKit%2F537.36%20%28KHTML%2C%20like%20Gecko%29%20Chrome%2F129.0.0.0%20Safari%2F537.36%20Edg%2F128.0.2739.79&cookie_enabled=true&device_platform=web_pc&focus_state=true&from_page=&history_len=5&is_fullscreen=false&is_page_visible=true&screen_height=2048&screen_width=1152&tz_name=America/Jamaica&channel=tiktok_web&data_collection_enabled=true&os=mac&priority_region=JM&region=JM&user_is_login=false&webcast_language=en&msToken=&referer=https://www.tiktok.com/@user9836661800791/live&root_referer=https://www.tiktok.com/@user9836661800791/live&device_id=25625466569998113443&room_id=7587003846677777173 "HTTP/1.1 200 OK"
2025-12-23 23:54:00,636 - httpx - INFO - HTTP Request: GET https://webcast.tiktok.com/webcast/gift/list/?aid=1988&app_language=en&app_name=tiktok_web&browser_language=en-JM&browser_name=Mozilla&browser_online=true&browser_platform=MacIntel&browser_version=5.0%20%28Macintosh%3B%20Intel%20Mac%20OS%20X%2010_15_7%29%20AppleWebKit%2F537.36%20%28KHTML%2C%20like%20Gecko%29%20Chrome%2F129.0.0.0%20Safari%2F537.36%20Edg%2F128.0.2739.79&cookie_enabled=true&device_platform=web_pc&focus_state=true&from_page=&history_len=5&is_fullscreen=false&is_page_visible=true&screen_height=2048&screen_width=1152&tz_name=America/Jamaica&channel=tiktok_web&data_collection_enabled=true&os=mac&priority_region=JM&region=JM&user_is_login=false&webcast_language=en&msToken=&referer=https://www.tiktok.com/@user9836661800791/live&root_referer=https://www.tiktok.com/@user9836661800791/live&device_id=97564443109200294748&room_id=7587003846677777173 "HTTP/1.1 200 OK"
2025-12-23 23:54:00,711 - __main__ - INFO - 检查 @user9836661800791 是否在直播...
2025-12-23 23:54:00,714 - __main__ - INFO - 开始监控 @user9836661800791 的直播...
2025-12-23 23:54:01,010 - httpx - INFO - HTTP Request: GET https://webcast.tiktok.com/webcast/room/check_alive/?aid=1988&app_language=en&app_name=tiktok_web&browser_language=en-JM&browser_name=Mozilla&browser_online=true&browser_platform=MacIntel&browser_version=5.0%20%28Macintosh%3B%20Intel%20Mac%20OS%20X%2010_15_7%29%20AppleWebKit%2F537.36%20%28KHTML%2C%20like%20Gecko%29%20Chrome%2F129.0.0.0%20Safari%2F537.36%20Edg%2F128.0.2739.79&cookie_enabled=true&device_platform=web_pc&focus_state=true&from_page=&history_len=5&is_fullscreen=false&is_page_visible=true&screen_height=2048&screen_width=1152&tz_name=America/Jamaica&channel=tiktok_web&data_collection_enabled=true&os=mac&priority_region=JM&region=JM&user_is_login=false&webcast_language=en&msToken=&referer=https://www.tiktok.com/@user9836661800791/live&root_referer=https://www.tiktok.com/@user9836661800791/live&device_id=33635824122964845664&room_id=7587003846677777173&room_ids=7587003846677777173 "HTTP/1.1 200 OK"
2025-12-23 23:54:01,410 - httpx - INFO - HTTP Request: GET https://webcast.tiktok.com/webcast/room/info/?aid=1988&app_language=en&app_name=tiktok_web&browser_language=en-JM&browser_name=Mozilla&browser_online=true&browser_platform=MacIntel&browser_version=5.0%20%28Macintosh%3B%20Intel%20Mac%20OS%20X%2010_15_7%29%20AppleWebKit%2F537.36%20%28KHTML%2C%20like%20Gecko%29%20Chrome%2F129.0.0.0%20Safari%2F537.36%20Edg%2F128.0.2739.79&cookie_enabled=true&device_platform=web_pc&focus_state=true&from_page=&history_len=5&is_fullscreen=false&is_page_visible=true&screen_height=2048&screen_width=1152&tz_name=America/Jamaica&channel=tiktok_web&data_collection_enabled=true&os=mac&priority_region=JM&region=JM&user_is_login=false&webcast_language=en&msToken=&referer=https://www.tiktok.com/@user9836661800791/live&root_referer=https://www.tiktok.com/@user9836661800791/live&device_id=40447215612530496418&room_id=7587003846677777173 "HTTP/1.1 200 OK"
2025-12-23 23:54:02,059 - httpx - INFO - HTTP Request: GET https://webcast.tiktok.com/webcast/gift/list/?aid=1988&app_language=en&app_name=tiktok_web&browser_language=en-JM&browser_name=Mozilla&browser_online=true&browser_platform=MacIntel&browser_version=5.0%20%28Macintosh%3B%20Intel%20Mac%20OS%20X%2010_15_7%29%20AppleWebKit%2F537.36%20%28KHTML%2C%20like%20Gecko%29%20Chrome%2F129.0.0.0%20Safari%2F537.36%20Edg%2F128.0.2739.79&cookie_enabled=true&device_platform=web_pc&focus_state=true&from_page=&history_len=5&is_fullscreen=false&is_page_visible=true&screen_height=2048&screen_width=1152&tz_name=America/Jamaica&channel=tiktok_web&data_collection_enabled=true&os=mac&priority_region=JM&region=JM&user_is_login=false&webcast_language=en&msToken=&referer=https://www.tiktok.com/@user9836661800791/live&root_referer=https://www.tiktok.com/@user9836661800791/live&device_id=31135561488303382243&room_id=7587003846677777173 "HTTP/1.1 200 OK"
2025-12-23 23:54:03,431 - httpx - INFO - HTTP Request: GET https://tiktok.eulerstream.com/webcast/fetch/?client=ttlive-python&room_id=7587003846677777173&user_agent=Mozilla%2F5.0+%28Macintosh%3B+Intel+Mac+OS+X+10_15_7%29+AppleWebKit%2F537.36+%28KHTML%2C+like+Gecko%29+Chrome%2F129.0.0.0+Safari%2F537.36+Edg%2F128.0.2739.79&platform=web&client_enter=true "HTTP/1.1 200 OK"
2025-12-23 23:54:03,552 - __main__ - INFO - @user9836661800791 连接成功，开始监控
2025-12-23 23:54:04,278 - httpx - INFO - HTTP Request: GET https://www.tiktok.com/@user9836661800791/live? "HTTP/1.1 200 OK"
2025-12-23 23:54:04,672 - httpx - INFO - HTTP Request: GET https://webcast.tiktok.com/webcast/room/info/?aid=1988&app_language=en&app_name=tiktok_web&browser_language=en-JM&browser_name=Mozilla&browser_online=true&browser_platform=MacIntel&browser_version=5.0%20%28Macintosh%3B%20Intel%20Mac%20OS%20X%2010_15_7%29%20AppleWebKit%2F537.36%20%28KHTML%2C%20like%20Gecko%29%20Chrome%2F129.0.0.0%20Safari%2F537.36%20Edg%2F128.0.2739.79&cookie_enabled=true&device_platform=web_pc&focus_state=true&from_page=&history_len=5&is_fullscreen=false&is_page_visible=true&screen_height=2048&screen_width=1152&tz_name=America/Jamaica&channel=tiktok_web&data_collection_enabled=true&os=mac&priority_region=JM&region=JM&user_is_login=false&webcast_language=en&msToken=&referer=https://www.tiktok.com/@user9836661800791/live&root_referer=https://www.tiktok.com/@user9836661800791/live&device_id=33113007277006281780&room_id=7587003846677777173 "HTTP/1.1 200 OK"
2025-12-23 23:54:05,227 - httpx - INFO - HTTP Request: GET https://webcast.tiktok.com/webcast/gift/list/?aid=1988&app_language=en&app_name=tiktok_web&browser_language=en-JM&browser_name=Mozilla&browser_online=true&browser_platform=MacIntel&browser_version=5.0%20%28Macintosh%3B%20Intel%20Mac%20OS%20X%2010_15_7%29%20AppleWebKit%2F537.36%20%28KHTML%2C%20like%20Gecko%29%20Chrome%2F129.0.0.0%20Safari%2F537.36%20Edg%2F128.0.2739.79&cookie_enabled=true&device_platform=web_pc&focus_state=true&from_page=&history_len=5&is_fullscreen=false&is_page_visible=true&screen_height=2048&screen_width=1152&tz_name=America/Jamaica&channel=tiktok_web&data_collection_enabled=true&os=mac&priority_region=JM&region=JM&user_is_login=false&webcast_language=en&msToken=&referer=https://www.tiktok.com/@user9836661800791/live&root_referer=https://www.tiktok.com/@user9836661800791/live&device_id=44802723436432203916&room_id=7587003846677777173 "HTTP/1.1 200 OK"
2025-12-23 23:54:05,418 - __main__ - INFO - 检查 @user9836661800791 是否在直播...
2025-12-23 23:54:05,420 - __main__ - INFO - 开始监控 @user9836661800791 的直播...
2025-12-23 23:54:05,538 - httpx - INFO - HTTP Request: GET https://www.tiktok.com/@diyladodo/live? "HTTP/1.1 200 OK"
2025-12-23 23:54:05,733 - httpx - INFO - HTTP Request: GET https://webcast.tiktok.com/webcast/room/check_alive/?aid=1988&app_language=en&app_name=tiktok_web&browser_language=en-JM&browser_name=Mozilla&browser_online=true&browser_platform=MacIntel&browser_version=5.0%20%28Macintosh%3B%20Intel%20Mac%20OS%20X%2010_15_7%29%20AppleWebKit%2F537.36%20%28KHTML%2C%20like%20Gecko%29%20Chrome%2F129.0.0.0%20Safari%2F537.36%20Edg%2F128.0.2739.79&cookie_enabled=true&device_platform=web_pc&focus_state=true&from_page=&history_len=5&is_fullscreen=false&is_page_visible=true&screen_height=2048&screen_width=1152&tz_name=America/Jamaica&channel=tiktok_web&data_collection_enabled=true&os=mac&priority_region=JM&region=JM&user_is_login=false&webcast_language=en&msToken=&referer=https://www.tiktok.com/@user9836661800791/live&root_referer=https://www.tiktok.com/@user9836661800791/live&device_id=25764012324561158998&room_id=7587003846677777173&room_ids=7587003846677777173 "HTTP/1.1 200 OK"
2025-12-23 23:54:05,743 - __main__ - INFO - @diyladodo 当前离线或不存在，10分钟后重试
2025-12-23 23:54:05,743 - __main__ - INFO - @diyladodo 无法获取房间信息
2025-12-23 23:54:05,744 - __main__ - INFO - @diyladodo 连接失败，300秒后重试 (连续失败: 14次)
2025-12-23 23:54:06,173 - httpx - INFO - HTTP Request: GET https://webcast.tiktok.com/webcast/room/info/?aid=1988&app_language=en&app_name=tiktok_web&browser_language=en-JM&browser_name=Mozilla&browser_online=true&browser_platform=MacIntel&browser_version=5.0%20%28Macintosh%3B%20Intel%20Mac%20OS%20X%2010_15_7%29%20AppleWebKit%2F537.36%20%28KHTML%2C%20like%20Gecko%29%20Chrome%2F129.0.0.0%20Safari%2F537.36%20Edg%2F128.0.2739.79&cookie_enabled=true&device_platform=web_pc&focus_state=true&from_page=&history_len=5&is_fullscreen=false&is_page_visible=true&screen_height=2048&screen_width=1152&tz_name=America/Jamaica&channel=tiktok_web&data_collection_enabled=true&os=mac&priority_region=JM&region=JM&user_is_login=false&webcast_language=en&msToken=&referer=https://www.tiktok.com/@user9836661800791/live&root_referer=https://www.tiktok.com/@user9836661800791/live&device_id=94104823933341267335&room_id=7587003846677777173 "HTTP/1.1 200 OK"
2025-12-23 23:54:06,809 - httpx - INFO - HTTP Request: GET https://webcast.tiktok.com/webcast/gift/list/?aid=1988&app_language=en&app_name=tiktok_web&browser_language=en-JM&browser_name=Mozilla&browser_online=true&browser_platform=MacIntel&browser_version=5.0%20%28Macintosh%3B%20Intel%20Mac%20OS%20X%2010_15_7%29%20AppleWebKit%2F537.36%20%28KHTML%2C%20like%20Gecko%29%20Chrome%2F129.0.0.0%20Safari%2F537.36%20Edg%2F128.0.2739.79&cookie_enabled=true&device_platform=web_pc&focus_state=true&from_page=&history_len=5&is_fullscreen=false&is_page_visible=true&screen_height=2048&screen_width=1152&tz_name=America/Jamaica&channel=tiktok_web&data_collection_enabled=true&os=mac&priority_region=JM&region=JM&user_is_login=false&webcast_language=en&msToken=&referer=https://www.tiktok.com/@user9836661800791/live&root_referer=https://www.tiktok.com/@user9836661800791/live&device_id=71128179411422747499&room_id=7587003846677777173 "HTTP/1.1 200 OK"
2025-12-23 23:54:06,934 - asyncio - ERROR - Task exception was never retrieved
future: <Task finished name='Task-571' coro=<TikTokLiveClient._ws_client_loop() done, defined at C:\Users\zilai\AppData\Local\Programs\Python\Python311\Lib\site-packages\TikTokLive\client\client.py:308> exception=TimeoutError()>
Traceback (most recent call last):
  File "C:\Users\zilai\AppData\Local\Programs\Python\Python311\Lib\site-packages\websockets\legacy\client.py", line 652, in __await_impl__
    _transport, protocol = await self._create_connection()
                           ^^^^^^^^^^^^^^^^^^^^^^^^^^^^^^^
  File "C:\Users\zilai\AppData\Local\Programs\Python\Python311\Lib\asyncio\base_events.py", line 1070, in create_connection
    sock = await self._connect_sock(
           ^^^^^^^^^^^^^^^^^^^^^^^^^
  File "C:\Users\zilai\AppData\Local\Programs\Python\Python311\Lib\asyncio\base_events.py", line 974, in _connect_sock
    await self.sock_connect(sock, address)
  File "C:\Users\zilai\AppData\Local\Programs\Python\Python311\Lib\asyncio\proactor_events.py", line 726, in sock_connect
    return await self._proactor.connect(sock, address)
           ^^^^^^^^^^^^^^^^^^^^^^^^^^^^^^^^^^^^^^^^^^^
asyncio.exceptions.CancelledError

The above exception was the direct cause of the following exception:

Traceback (most recent call last):
  File "C:\Users\zilai\AppData\Local\Programs\Python\Python311\Lib\site-packages\TikTokLive\client\client.py", line 325, in _ws_client_loop
    async for webcast_response in self._ws.connect(
  File "C:\Users\zilai\AppData\Local\Programs\Python\Python311\Lib\site-packages\TikTokLive\client\ws\ws_client.py", line 256, in connect
    async for webcast_push_frame, webcast_response in typing.cast(WebcastIterator, self._connection_generator):
  File "C:\Users\zilai\AppData\Local\Programs\Python\Python311\Lib\site-packages\TikTokLive\client\ws\ws_connect.py", line 83, in __aiter__
    async with self as protocol:
  File "C:\Users\zilai\AppData\Local\Programs\Python\Python311\Lib\site-packages\websockets\legacy\client.py", line 633, in __aenter__
    return await self
           ^^^^^^^^^^
  File "C:\Users\zilai\AppData\Local\Programs\Python\Python311\Lib\site-packages\websockets\legacy\client.py", line 650, in __await_impl__
    async with asyncio_timeout(self.open_timeout):
  File "C:\Users\zilai\AppData\Local\Programs\Python\Python311\Lib\asyncio\timeouts.py", line 115, in __aexit__
    raise TimeoutError from exc_val
TimeoutError
2025-12-23 23:54:06,937 - asyncio - ERROR - Task exception was never retrieved
future: <Task finished name='Task-570' coro=<TikTokLiveClient._ws_client_loop() done, defined at C:\Users\zilai\AppData\Local\Programs\Python\Python311\Lib\site-packages\TikTokLive\client\client.py:308> exception=TimeoutError()>
Traceback (most recent call last):
  File "C:\Users\zilai\AppData\Local\Programs\Python\Python311\Lib\site-packages\websockets\legacy\client.py", line 652, in __await_impl__
    _transport, protocol = await self._create_connection()
                           ^^^^^^^^^^^^^^^^^^^^^^^^^^^^^^^
  File "C:\Users\zilai\AppData\Local\Programs\Python\Python311\Lib\asyncio\base_events.py", line 1070, in create_connection
    sock = await self._connect_sock(
           ^^^^^^^^^^^^^^^^^^^^^^^^^
  File "C:\Users\zilai\AppData\Local\Programs\Python\Python311\Lib\asyncio\base_events.py", line 974, in _connect_sock
    await self.sock_connect(sock, address)
  File "C:\Users\zilai\AppData\Local\Programs\Python\Python311\Lib\asyncio\proactor_events.py", line 726, in sock_connect
    return await self._proactor.connect(sock, address)
           ^^^^^^^^^^^^^^^^^^^^^^^^^^^^^^^^^^^^^^^^^^^
asyncio.exceptions.CancelledError

The above exception was the direct cause of the following exception:

Traceback (most recent call last):
  File "C:\Users\zilai\AppData\Local\Programs\Python\Python311\Lib\site-packages\TikTokLive\client\client.py", line 325, in _ws_client_loop
    async for webcast_response in self._ws.connect(
  File "C:\Users\zilai\AppData\Local\Programs\Python\Python311\Lib\site-packages\TikTokLive\client\ws\ws_client.py", line 256, in connect
    async for webcast_push_frame, webcast_response in typing.cast(WebcastIterator, self._connection_generator):
  File "C:\Users\zilai\AppData\Local\Programs\Python\Python311\Lib\site-packages\TikTokLive\client\ws\ws_connect.py", line 83, in __aiter__
    async with self as protocol:
  File "C:\Users\zilai\AppData\Local\Programs\Python\Python311\Lib\site-packages\websockets\legacy\client.py", line 633, in __aenter__
    return await self
           ^^^^^^^^^^
  File "C:\Users\zilai\AppData\Local\Programs\Python\Python311\Lib\site-packages\websockets\legacy\client.py", line 650, in __await_impl__
    async with asyncio_timeout(self.open_timeout):
  File "C:\Users\zilai\AppData\Local\Programs\Python\Python311\Lib\asyncio\timeouts.py", line 115, in __aexit__
    raise TimeoutError from exc_val
TimeoutError
2025-12-23 23:54:06,939 - asyncio - ERROR - Task exception was never retrieved
future: <Task finished name='Task-572' coro=<TikTokLiveClient._ws_client_loop() done, defined at C:\Users\zilai\AppData\Local\Programs\Python\Python311\Lib\site-packages\TikTokLive\client\client.py:308> exception=TimeoutError()>
Traceback (most recent call last):
  File "C:\Users\zilai\AppData\Local\Programs\Python\Python311\Lib\site-packages\websockets\legacy\client.py", line 652, in __await_impl__
    _transport, protocol = await self._create_connection()
                           ^^^^^^^^^^^^^^^^^^^^^^^^^^^^^^^
  File "C:\Users\zilai\AppData\Local\Programs\Python\Python311\Lib\asyncio\base_events.py", line 1070, in create_connection
    sock = await self._connect_sock(
           ^^^^^^^^^^^^^^^^^^^^^^^^^
  File "C:\Users\zilai\AppData\Local\Programs\Python\Python311\Lib\asyncio\base_events.py", line 974, in _connect_sock
    await self.sock_connect(sock, address)
  File "C:\Users\zilai\AppData\Local\Programs\Python\Python311\Lib\asyncio\proactor_events.py", line 726, in sock_connect
    return await self._proactor.connect(sock, address)
           ^^^^^^^^^^^^^^^^^^^^^^^^^^^^^^^^^^^^^^^^^^^
asyncio.exceptions.CancelledError

The above exception was the direct cause of the following exception:

Traceback (most recent call last):
  File "C:\Users\zilai\AppData\Local\Programs\Python\Python311\Lib\site-packages\TikTokLive\client\client.py", line 325, in _ws_client_loop
    async for webcast_response in self._ws.connect(
  File "C:\Users\zilai\AppData\Local\Programs\Python\Python311\Lib\site-packages\TikTokLive\client\ws\ws_client.py", line 256, in connect
    async for webcast_push_frame, webcast_response in typing.cast(WebcastIterator, self._connection_generator):
  File "C:\Users\zilai\AppData\Local\Programs\Python\Python311\Lib\site-packages\TikTokLive\client\ws\ws_connect.py", line 83, in __aiter__
    async with self as protocol:
  File "C:\Users\zilai\AppData\Local\Programs\Python\Python311\Lib\site-packages\websockets\legacy\client.py", line 633, in __aenter__
    return await self
           ^^^^^^^^^^
  File "C:\Users\zilai\AppData\Local\Programs\Python\Python311\Lib\site-packages\websockets\legacy\client.py", line 650, in __await_impl__
    async with asyncio_timeout(self.open_timeout):
  File "C:\Users\zilai\AppData\Local\Programs\Python\Python311\Lib\asyncio\timeouts.py", line 115, in __aexit__
    raise TimeoutError from exc_val
TimeoutError
2025-12-23 23:54:08,217 - httpx - INFO - HTTP Request: GET https://tiktok.eulerstream.com/webcast/fetch/?client=ttlive-python&room_id=7587003846677777173&user_agent=Mozilla%2F5.0+%28Macintosh%3B+Intel+Mac+OS+X+10_15_7%29+AppleWebKit%2F537.36+%28KHTML%2C+like+Gecko%29+Chrome%2F129.0.0.0+Safari%2F537.36+Edg%2F128.0.2739.79&platform=web&client_enter=true "HTTP/1.1 200 OK"
2025-12-23 23:54:08,364 - __main__ - INFO - @user9836661800791 连接成功，开始监控
2025-12-23 23:54:08,920 - httpx - INFO - HTTP Request: GET https://www.tiktok.com/@user9836661800791/live? "HTTP/1.1 200 OK"
2025-12-23 23:54:09,399 - httpx - INFO - HTTP Request: GET https://webcast.tiktok.com/webcast/room/info/?aid=1988&app_language=en&app_name=tiktok_web&browser_language=en-JM&browser_name=Mozilla&browser_online=true&browser_platform=MacIntel&browser_version=5.0%20%28Macintosh%3B%20Intel%20Mac%20OS%20X%2010_15_7%29%20AppleWebKit%2F537.36%20%28KHTML%2C%20like%20Gecko%29%20Chrome%2F129.0.0.0%20Safari%2F537.36%20Edg%2F128.0.2739.79&cookie_enabled=true&device_platform=web_pc&focus_state=true&from_page=&history_len=5&is_fullscreen=false&is_page_visible=true&screen_height=2048&screen_width=1152&tz_name=America/Jamaica&channel=tiktok_web&data_collection_enabled=true&os=mac&priority_region=JM&region=JM&user_is_login=false&webcast_language=en&msToken=&referer=https://www.tiktok.com/@user9836661800791/live&root_referer=https://www.tiktok.com/@user9836661800791/live&device_id=83737134244082705425&room_id=7587003846677777173 "HTTP/1.1 200 OK"
2025-12-23 23:54:09,957 - httpx - INFO - HTTP Request: GET https://webcast.tiktok.com/webcast/gift/list/?aid=1988&app_language=en&app_name=tiktok_web&browser_language=en-JM&browser_name=Mozilla&browser_online=true&browser_platform=MacIntel&browser_version=5.0%20%28Macintosh%3B%20Intel%20Mac%20OS%20X%2010_15_7%29%20AppleWebKit%2F537.36%20%28KHTML%2C%20like%20Gecko%29%20Chrome%2F129.0.0.0%20Safari%2F537.36%20Edg%2F128.0.2739.79&cookie_enabled=true&device_platform=web_pc&focus_state=true&from_page=&history_len=5&is_fullscreen=false&is_page_visible=true&screen_height=2048&screen_width=1152&tz_name=America/Jamaica&channel=tiktok_web&data_collection_enabled=true&os=mac&priority_region=JM&region=JM&user_is_login=false&webcast_language=en&msToken=&referer=https://www.tiktok.com/@user9836661800791/live&root_referer=https://www.tiktok.com/@user9836661800791/live&device_id=32265004355889936196&room_id=7587003846677777173 "HTTP/1.1 200 OK"
2025-12-23 23:54:10,076 - __main__ - INFO - 检查 @user9836661800791 是否在直播...
2025-12-23 23:54:10,078 - __main__ - INFO - 开始监控 @user9836661800791 的直播...
2025-12-23 23:54:10,386 - httpx - INFO - HTTP Request: GET https://webcast.tiktok.com/webcast/room/check_alive/?aid=1988&app_language=en&app_name=tiktok_web&browser_language=en-JM&browser_name=Mozilla&browser_online=true&browser_platform=MacIntel&browser_version=5.0%20%28Macintosh%3B%20Intel%20Mac%20OS%20X%2010_15_7%29%20AppleWebKit%2F537.36%20%28KHTML%2C%20like%20Gecko%29%20Chrome%2F129.0.0.0%20Safari%2F537.36%20Edg%2F128.0.2739.79&cookie_enabled=true&device_platform=web_pc&focus_state=true&from_page=&history_len=5&is_fullscreen=false&is_page_visible=true&screen_height=2048&screen_width=1152&tz_name=America/Jamaica&channel=tiktok_web&data_collection_enabled=true&os=mac&priority_region=JM&region=JM&user_is_login=false&webcast_language=en&msToken=&referer=https://www.tiktok.com/@user9836661800791/live&root_referer=https://www.tiktok.com/@user9836661800791/live&device_id=33202921941172483086&room_id=7587003846677777173&room_ids=7587003846677777173 "HTTP/1.1 200 OK"
2025-12-23 23:54:10,775 - httpx - INFO - HTTP Request: GET https://webcast.tiktok.com/webcast/room/info/?aid=1988&app_language=en&app_name=tiktok_web&browser_language=en-JM&browser_name=Mozilla&browser_online=true&browser_platform=MacIntel&browser_version=5.0%20%28Macintosh%3B%20Intel%20Mac%20OS%20X%2010_15_7%29%20AppleWebKit%2F537.36%20%28KHTML%2C%20like%20Gecko%29%20Chrome%2F129.0.0.0%20Safari%2F537.36%20Edg%2F128.0.2739.79&cookie_enabled=true&device_platform=web_pc&focus_state=true&from_page=&history_len=5&is_fullscreen=false&is_page_visible=true&screen_height=2048&screen_width=1152&tz_name=America/Jamaica&channel=tiktok_web&data_collection_enabled=true&os=mac&priority_region=JM&region=JM&user_is_login=false&webcast_language=en&msToken=&referer=https://www.tiktok.com/@user9836661800791/live&root_referer=https://www.tiktok.com/@user9836661800791/live&device_id=20109766347593916913&room_id=7587003846677777173 "HTTP/1.1 200 OK"
2025-12-23 23:54:11,396 - httpx - INFO - HTTP Request: GET https://webcast.tiktok.com/webcast/gift/list/?aid=1988&app_language=en&app_name=tiktok_web&browser_language=en-JM&browser_name=Mozilla&browser_online=true&browser_platform=MacIntel&browser_version=5.0%20%28Macintosh%3B%20Intel%20Mac%20OS%20X%2010_15_7%29%20AppleWebKit%2F537.36%20%28KHTML%2C%20like%20Gecko%29%20Chrome%2F129.0.0.0%20Safari%2F537.36%20Edg%2F128.0.2739.79&cookie_enabled=true&device_platform=web_pc&focus_state=true&from_page=&history_len=5&is_fullscreen=false&is_page_visible=true&screen_height=2048&screen_width=1152&tz_name=America/Jamaica&channel=tiktok_web&data_collection_enabled=true&os=mac&priority_region=JM&region=JM&user_is_login=false&webcast_language=en&msToken=&referer=https://www.tiktok.com/@user9836661800791/live&root_referer=https://www.tiktok.com/@user9836661800791/live&device_id=48356720819543390290&room_id=7587003846677777173 "HTTP/1.1 200 OK"
2025-12-23 23:54:11,737 - httpx - INFO - HTTP Request: GET https://tiktok.eulerstream.com/webcast/fetch/?client=ttlive-python&room_id=7587003846677777173&user_agent=Mozilla%2F5.0+%28Macintosh%3B+Intel+Mac+OS+X+10_15_7%29+AppleWebKit%2F537.36+%28KHTML%2C+like+Gecko%29+Chrome%2F129.0.0.0+Safari%2F537.36+Edg%2F128.0.2739.79&platform=web&client_enter=true "HTTP/1.1 429 Too Many Requests"
2025-12-23 23:54:11,742 - __main__ - ERROR - 连接直播间失败: TikTokLive v6.6.5 -> [RATE_LIMIT] (rate_limit_account_minute) Too many connections started, try again in 0 seconds. 
	|
	+---------------------------------------- SIGN SERVER MESSAGE ----------------------------------------+
	| You have reached the rate limit. Sign up for a free API key at https://www.eulerstream.com/pricing. |
	+-----------------------------------------------------------------------------------------------------+
2025-12-23 23:54:11,742 - __main__ - INFO - @user9836661800791 连接失败，30秒后重试 (连续失败: 1次)
2025-12-23 23:54:18,790 - httpx - INFO - HTTP Request: GET https://www.tiktok.com/@dokidokidiy01/live? "HTTP/1.1 200 OK"
2025-12-23 23:54:19,013 - __main__ - INFO - @dokidokidiy01 当前离线或不存在，10分钟后重试
2025-12-23 23:54:19,018 - __main__ - INFO - @dokidokidiy01 无法获取房间信息
2025-12-23 23:54:19,019 - __main__ - INFO - @dokidokidiy01 离线中，10分钟后重新检查
2025-12-23 23:54:42,566 - httpx - INFO - HTTP Request: GET https://www.tiktok.com/@user9836661800791/live? "HTTP/1.1 200 OK"
2025-12-23 23:54:43,369 - httpx - INFO - HTTP Request: GET https://webcast.tiktok.com/webcast/room/info/?aid=1988&app_language=en&app_name=tiktok_web&browser_language=en-JM&browser_name=Mozilla&browser_online=true&browser_platform=MacIntel&browser_version=5.0%20%28Macintosh%3B%20Intel%20Mac%20OS%20X%2010_15_7%29%20AppleWebKit%2F537.36%20%28KHTML%2C%20like%20Gecko%29%20Chrome%2F129.0.0.0%20Safari%2F537.36%20Edg%2F128.0.2739.79&cookie_enabled=true&device_platform=web_pc&focus_state=true&from_page=&history_len=5&is_fullscreen=false&is_page_visible=true&screen_height=2048&screen_width=1152&tz_name=America/Jamaica&channel=tiktok_web&data_collection_enabled=true&os=mac&priority_region=JM&region=JM&user_is_login=false&webcast_language=en&msToken=&referer=https://www.tiktok.com/@user9836661800791/live&root_referer=https://www.tiktok.com/@user9836661800791/live&device_id=30317089178456829120&room_id=7587003846677777173 "HTTP/1.1 200 OK"
2025-12-23 23:54:43,939 - httpx - INFO - HTTP Request: GET https://webcast.tiktok.com/webcast/gift/list/?aid=1988&app_language=en&app_name=tiktok_web&browser_language=en-JM&browser_name=Mozilla&browser_online=true&browser_platform=MacIntel&browser_version=5.0%20%28Macintosh%3B%20Intel%20Mac%20OS%20X%2010_15_7%29%20AppleWebKit%2F537.36%20%28KHTML%2C%20like%20Gecko%29%20Chrome%2F129.0.0.0%20Safari%2F537.36%20Edg%2F128.0.2739.79&cookie_enabled=true&device_platform=web_pc&focus_state=true&from_page=&history_len=5&is_fullscreen=false&is_page_visible=true&screen_height=2048&screen_width=1152&tz_name=America/Jamaica&channel=tiktok_web&data_collection_enabled=true&os=mac&priority_region=JM&region=JM&user_is_login=false&webcast_language=en&msToken=&referer=https://www.tiktok.com/@user9836661800791/live&root_referer=https://www.tiktok.com/@user9836661800791/live&device_id=10508154272639281136&room_id=7587003846677777173 "HTTP/1.1 200 OK"
2025-12-23 23:54:44,164 - __main__ - INFO - 检查 @user9836661800791 是否在直播...
2025-12-23 23:54:44,167 - __main__ - INFO - 开始监控 @user9836661800791 的直播...
2025-12-23 23:54:44,468 - httpx - INFO - HTTP Request: GET https://webcast.tiktok.com/webcast/room/check_alive/?aid=1988&app_language=en&app_name=tiktok_web&browser_language=en-JM&browser_name=Mozilla&browser_online=true&browser_platform=MacIntel&browser_version=5.0%20%28Macintosh%3B%20Intel%20Mac%20OS%20X%2010_15_7%29%20AppleWebKit%2F537.36%20%28KHTML%2C%20like%20Gecko%29%20Chrome%2F129.0.0.0%20Safari%2F537.36%20Edg%2F128.0.2739.79&cookie_enabled=true&device_platform=web_pc&focus_state=true&from_page=&history_len=5&is_fullscreen=false&is_page_visible=true&screen_height=2048&screen_width=1152&tz_name=America/Jamaica&channel=tiktok_web&data_collection_enabled=true&os=mac&priority_region=JM&region=JM&user_is_login=false&webcast_language=en&msToken=&referer=https://www.tiktok.com/@user9836661800791/live&root_referer=https://www.tiktok.com/@user9836661800791/live&device_id=43736893405793642044&room_id=7587003846677777173&room_ids=7587003846677777173 "HTTP/1.1 200 OK"
2025-12-23 23:54:44,884 - httpx - INFO - HTTP Request: GET https://webcast.tiktok.com/webcast/room/info/?aid=1988&app_language=en&app_name=tiktok_web&browser_language=en-JM&browser_name=Mozilla&browser_online=true&browser_platform=MacIntel&browser_version=5.0%20%28Macintosh%3B%20Intel%20Mac%20OS%20X%2010_15_7%29%20AppleWebKit%2F537.36%20%28KHTML%2C%20like%20Gecko%29%20Chrome%2F129.0.0.0%20Safari%2F537.36%20Edg%2F128.0.2739.79&cookie_enabled=true&device_platform=web_pc&focus_state=true&from_page=&history_len=5&is_fullscreen=false&is_page_visible=true&screen_height=2048&screen_width=1152&tz_name=America/Jamaica&channel=tiktok_web&data_collection_enabled=true&os=mac&priority_region=JM&region=JM&user_is_login=false&webcast_language=en&msToken=&referer=https://www.tiktok.com/@user9836661800791/live&root_referer=https://www.tiktok.com/@user9836661800791/live&device_id=70680945996957089511&room_id=7587003846677777173 "HTTP/1.1 200 OK"
2025-12-23 23:54:45,489 - httpx - INFO - HTTP Request: GET https://webcast.tiktok.com/webcast/gift/list/?aid=1988&app_language=en&app_name=tiktok_web&browser_language=en-JM&browser_name=Mozilla&browser_online=true&browser_platform=MacIntel&browser_version=5.0%20%28Macintosh%3B%20Intel%20Mac%20OS%20X%2010_15_7%29%20AppleWebKit%2F537.36%20%28KHTML%2C%20like%20Gecko%29%20Chrome%2F129.0.0.0%20Safari%2F537.36%20Edg%2F128.0.2739.79&cookie_enabled=true&device_platform=web_pc&focus_state=true&from_page=&history_len=5&is_fullscreen=false&is_page_visible=true&screen_height=2048&screen_width=1152&tz_name=America/Jamaica&channel=tiktok_web&data_collection_enabled=true&os=mac&priority_region=JM&region=JM&user_is_login=false&webcast_language=en&msToken=&referer=https://www.tiktok.com/@user9836661800791/live&root_referer=https://www.tiktok.com/@user9836661800791/live&device_id=80312534503314131517&room_id=7587003846677777173 "HTTP/1.1 200 OK"
2025-12-23 23:54:48,860 - httpx - INFO - HTTP Request: GET https://tiktok.eulerstream.com/webcast/fetch/?client=ttlive-python&room_id=7587003846677777173&user_agent=Mozilla%2F5.0+%28Macintosh%3B+Intel+Mac+OS+X+10_15_7%29+AppleWebKit%2F537.36+%28KHTML%2C+like+Gecko%29+Chrome%2F129.0.0.0+Safari%2F537.36+Edg%2F128.0.2739.79&platform=web&client_enter=true "HTTP/1.1 200 OK"
2025-12-23 23:54:49,222 - __main__ - INFO - @user9836661800791 连接成功，开始监控
2025-12-23 23:54:50,408 - httpx - INFO - HTTP Request: GET https://www.tiktok.com/@user9836661800791/live? "HTTP/1.1 200 OK"
2025-12-23 23:54:51,001 - httpx - INFO - HTTP Request: GET https://webcast.tiktok.com/webcast/room/info/?aid=1988&app_language=en&app_name=tiktok_web&browser_language=en-JM&browser_name=Mozilla&browser_online=true&browser_platform=MacIntel&browser_version=5.0%20%28Macintosh%3B%20Intel%20Mac%20OS%20X%2010_15_7%29%20AppleWebKit%2F537.36%20%28KHTML%2C%20like%20Gecko%29%20Chrome%2F129.0.0.0%20Safari%2F537.36%20Edg%2F128.0.2739.79&cookie_enabled=true&device_platform=web_pc&focus_state=true&from_page=&history_len=5&is_fullscreen=false&is_page_visible=true&screen_height=2048&screen_width=1152&tz_name=America/Jamaica&channel=tiktok_web&data_collection_enabled=true&os=mac&priority_region=JM&region=JM&user_is_login=false&webcast_language=en&msToken=&referer=https://www.tiktok.com/@user9836661800791/live&root_referer=https://www.tiktok.com/@user9836661800791/live&device_id=39487917686230143555&room_id=7587003846677777173 "HTTP/1.1 200 OK"
2025-12-23 23:54:51,722 - httpx - INFO - HTTP Request: GET https://webcast.tiktok.com/webcast/gift/list/?aid=1988&app_language=en&app_name=tiktok_web&browser_language=en-JM&browser_name=Mozilla&browser_online=true&browser_platform=MacIntel&browser_version=5.0%20%28Macintosh%3B%20Intel%20Mac%20OS%20X%2010_15_7%29%20AppleWebKit%2F537.36%20%28KHTML%2C%20like%20Gecko%29%20Chrome%2F129.0.0.0%20Safari%2F537.36%20Edg%2F128.0.2739.79&cookie_enabled=true&device_platform=web_pc&focus_state=true&from_page=&history_len=5&is_fullscreen=false&is_page_visible=true&screen_height=2048&screen_width=1152&tz_name=America/Jamaica&channel=tiktok_web&data_collection_enabled=true&os=mac&priority_region=JM&region=JM&user_is_login=false&webcast_language=en&msToken=&referer=https://www.tiktok.com/@user9836661800791/live&root_referer=https://www.tiktok.com/@user9836661800791/live&device_id=98438799531331958968&room_id=7587003846677777173 "HTTP/1.1 200 OK"
2025-12-23 23:54:51,806 - __main__ - INFO - 检查 @user9836661800791 是否在直播...
2025-12-23 23:54:51,814 - __main__ - INFO - 开始监控 @user9836661800791 的直播...
2025-12-23 23:54:52,186 - httpx - INFO - HTTP Request: GET https://webcast.tiktok.com/webcast/room/check_alive/?aid=1988&app_language=en&app_name=tiktok_web&browser_language=en-JM&browser_name=Mozilla&browser_online=true&browser_platform=MacIntel&browser_version=5.0%20%28Macintosh%3B%20Intel%20Mac%20OS%20X%2010_15_7%29%20AppleWebKit%2F537.36%20%28KHTML%2C%20like%20Gecko%29%20Chrome%2F129.0.0.0%20Safari%2F537.36%20Edg%2F128.0.2739.79&cookie_enabled=true&device_platform=web_pc&focus_state=true&from_page=&history_len=5&is_fullscreen=false&is_page_visible=true&screen_height=2048&screen_width=1152&tz_name=America/Jamaica&channel=tiktok_web&data_collection_enabled=true&os=mac&priority_region=JM&region=JM&user_is_login=false&webcast_language=en&msToken=&referer=https://www.tiktok.com/@user9836661800791/live&root_referer=https://www.tiktok.com/@user9836661800791/live&device_id=60890025433689830810&room_id=7587003846677777173&room_ids=7587003846677777173 "HTTP/1.1 200 OK"
2025-12-23 23:54:52,586 - httpx - INFO - HTTP Request: GET https://webcast.tiktok.com/webcast/room/info/?aid=1988&app_language=en&app_name=tiktok_web&browser_language=en-JM&browser_name=Mozilla&browser_online=true&browser_platform=MacIntel&browser_version=5.0%20%28Macintosh%3B%20Intel%20Mac%20OS%20X%2010_15_7%29%20AppleWebKit%2F537.36%20%28KHTML%2C%20like%20Gecko%29%20Chrome%2F129.0.0.0%20Safari%2F537.36%20Edg%2F128.0.2739.79&cookie_enabled=true&device_platform=web_pc&focus_state=true&from_page=&history_len=5&is_fullscreen=false&is_page_visible=true&screen_height=2048&screen_width=1152&tz_name=America/Jamaica&channel=tiktok_web&data_collection_enabled=true&os=mac&priority_region=JM&region=JM&user_is_login=false&webcast_language=en&msToken=&referer=https://www.tiktok.com/@user9836661800791/live&root_referer=https://www.tiktok.com/@user9836661800791/live&device_id=90810442150700022371&room_id=7587003846677777173 "HTTP/1.1 200 OK"
2025-12-23 23:54:53,582 - httpx - INFO - HTTP Request: GET https://webcast.tiktok.com/webcast/gift/list/?aid=1988&app_language=en&app_name=tiktok_web&browser_language=en-JM&browser_name=Mozilla&browser_online=true&browser_platform=MacIntel&browser_version=5.0%20%28Macintosh%3B%20Intel%20Mac%20OS%20X%2010_15_7%29%20AppleWebKit%2F537.36%20%28KHTML%2C%20like%20Gecko%29%20Chrome%2F129.0.0.0%20Safari%2F537.36%20Edg%2F128.0.2739.79&cookie_enabled=true&device_platform=web_pc&focus_state=true&from_page=&history_len=5&is_fullscreen=false&is_page_visible=true&screen_height=2048&screen_width=1152&tz_name=America/Jamaica&channel=tiktok_web&data_collection_enabled=true&os=mac&priority_region=JM&region=JM&user_is_login=false&webcast_language=en&msToken=&referer=https://www.tiktok.com/@user9836661800791/live&root_referer=https://www.tiktok.com/@user9836661800791/live&device_id=83455086956150402298&room_id=7587003846677777173 "HTTP/1.1 200 OK"
2025-12-23 23:54:55,117 - httpx - INFO - HTTP Request: GET https://tiktok.eulerstream.com/webcast/fetch/?client=ttlive-python&room_id=7587003846677777173&user_agent=Mozilla%2F5.0+%28Macintosh%3B+Intel+Mac+OS+X+10_15_7%29+AppleWebKit%2F537.36+%28KHTML%2C+like+Gecko%29+Chrome%2F129.0.0.0+Safari%2F537.36+Edg%2F128.0.2739.79&platform=web&client_enter=true "HTTP/1.1 200 OK"
2025-12-23 23:54:55,256 - __main__ - INFO - @user9836661800791 连接成功，开始监控
2025-12-23 23:54:55,821 - httpx - INFO - HTTP Request: GET https://www.tiktok.com/@user9836661800791/live? "HTTP/1.1 200 OK"
2025-12-23 23:54:56,391 - httpx - INFO - HTTP Request: GET https://webcast.tiktok.com/webcast/room/info/?aid=1988&app_language=en&app_name=tiktok_web&browser_language=en-JM&browser_name=Mozilla&browser_online=true&browser_platform=MacIntel&browser_version=5.0%20%28Macintosh%3B%20Intel%20Mac%20OS%20X%2010_15_7%29%20AppleWebKit%2F537.36%20%28KHTML%2C%20like%20Gecko%29%20Chrome%2F129.0.0.0%20Safari%2F537.36%20Edg%2F128.0.2739.79&cookie_enabled=true&device_platform=web_pc&focus_state=true&from_page=&history_len=5&is_fullscreen=false&is_page_visible=true&screen_height=2048&screen_width=1152&tz_name=America/Jamaica&channel=tiktok_web&data_collection_enabled=true&os=mac&priority_region=JM&region=JM&user_is_login=false&webcast_language=en&msToken=&referer=https://www.tiktok.com/@user9836661800791/live&root_referer=https://www.tiktok.com/@user9836661800791/live&device_id=25124379925060117170&room_id=7587003846677777173 "HTTP/1.1 200 OK"
2025-12-23 23:54:56,912 - httpx - INFO - HTTP Request: GET https://webcast.tiktok.com/webcast/gift/list/?aid=1988&app_language=en&app_name=tiktok_web&browser_language=en-JM&browser_name=Mozilla&browser_online=true&browser_platform=MacIntel&browser_version=5.0%20%28Macintosh%3B%20Intel%20Mac%20OS%20X%2010_15_7%29%20AppleWebKit%2F537.36%20%28KHTML%2C%20like%20Gecko%29%20Chrome%2F129.0.0.0%20Safari%2F537.36%20Edg%2F128.0.2739.79&cookie_enabled=true&device_platform=web_pc&focus_state=true&from_page=&history_len=5&is_fullscreen=false&is_page_visible=true&screen_height=2048&screen_width=1152&tz_name=America/Jamaica&channel=tiktok_web&data_collection_enabled=true&os=mac&priority_region=JM&region=JM&user_is_login=false&webcast_language=en&msToken=&referer=https://www.tiktok.com/@user9836661800791/live&root_referer=https://www.tiktok.com/@user9836661800791/live&device_id=51580708469082219763&room_id=7587003846677777173 "HTTP/1.1 200 OK"
2025-12-23 23:54:56,993 - __main__ - INFO - 检查 @user9836661800791 是否在直播...
2025-12-23 23:54:56,994 - __main__ - INFO - 开始监控 @user9836661800791 的直播...
2025-12-23 23:54:57,379 - httpx - INFO - HTTP Request: GET https://webcast.tiktok.com/webcast/room/check_alive/?aid=1988&app_language=en&app_name=tiktok_web&browser_language=en-JM&browser_name=Mozilla&browser_online=true&browser_platform=MacIntel&browser_version=5.0%20%28Macintosh%3B%20Intel%20Mac%20OS%20X%2010_15_7%29%20AppleWebKit%2F537.36%20%28KHTML%2C%20like%20Gecko%29%20Chrome%2F129.0.0.0%20Safari%2F537.36%20Edg%2F128.0.2739.79&cookie_enabled=true&device_platform=web_pc&focus_state=true&from_page=&history_len=5&is_fullscreen=false&is_page_visible=true&screen_height=2048&screen_width=1152&tz_name=America/Jamaica&channel=tiktok_web&data_collection_enabled=true&os=mac&priority_region=JM&region=JM&user_is_login=false&webcast_language=en&msToken=&referer=https://www.tiktok.com/@user9836661800791/live&root_referer=https://www.tiktok.com/@user9836661800791/live&device_id=76218399857034258448&room_id=7587003846677777173&room_ids=7587003846677777173 "HTTP/1.1 200 OK"
2025-12-23 23:54:57,752 - httpx - INFO - HTTP Request: GET https://webcast.tiktok.com/webcast/room/info/?aid=1988&app_language=en&app_name=tiktok_web&browser_language=en-JM&browser_name=Mozilla&browser_online=true&browser_platform=MacIntel&browser_version=5.0%20%28Macintosh%3B%20Intel%20Mac%20OS%20X%2010_15_7%29%20AppleWebKit%2F537.36%20%28KHTML%2C%20like%20Gecko%29%20Chrome%2F129.0.0.0%20Safari%2F537.36%20Edg%2F128.0.2739.79&cookie_enabled=true&device_platform=web_pc&focus_state=true&from_page=&history_len=5&is_fullscreen=false&is_page_visible=true&screen_height=2048&screen_width=1152&tz_name=America/Jamaica&channel=tiktok_web&data_collection_enabled=true&os=mac&priority_region=JM&region=JM&user_is_login=false&webcast_language=en&msToken=&referer=https://www.tiktok.com/@user9836661800791/live&root_referer=https://www.tiktok.com/@user9836661800791/live&device_id=80482219704374702981&room_id=7587003846677777173 "HTTP/1.1 200 OK"
2025-12-23 23:54:58,349 - httpx - INFO - HTTP Request: GET https://webcast.tiktok.com/webcast/gift/list/?aid=1988&app_language=en&app_name=tiktok_web&browser_language=en-JM&browser_name=Mozilla&browser_online=true&browser_platform=MacIntel&browser_version=5.0%20%28Macintosh%3B%20Intel%20Mac%20OS%20X%2010_15_7%29%20AppleWebKit%2F537.36%20%28KHTML%2C%20like%20Gecko%29%20Chrome%2F129.0.0.0%20Safari%2F537.36%20Edg%2F128.0.2739.79&cookie_enabled=true&device_platform=web_pc&focus_state=true&from_page=&history_len=5&is_fullscreen=false&is_page_visible=true&screen_height=2048&screen_width=1152&tz_name=America/Jamaica&channel=tiktok_web&data_collection_enabled=true&os=mac&priority_region=JM&region=JM&user_is_login=false&webcast_language=en&msToken=&referer=https://www.tiktok.com/@user9836661800791/live&root_referer=https://www.tiktok.com/@user9836661800791/live&device_id=18061375589849400676&room_id=7587003846677777173 "HTTP/1.1 200 OK"
2025-12-23 23:54:58,455 - asyncio - ERROR - Task exception was never retrieved
future: <Task finished name='Task-574' coro=<TikTokLiveClient._ws_client_loop() done, defined at C:\Users\zilai\AppData\Local\Programs\Python\Python311\Lib\site-packages\TikTokLive\client\client.py:308> exception=TimeoutError()>
Traceback (most recent call last):
  File "C:\Users\zilai\AppData\Local\Programs\Python\Python311\Lib\site-packages\websockets\legacy\client.py", line 652, in __await_impl__
    _transport, protocol = await self._create_connection()
                           ^^^^^^^^^^^^^^^^^^^^^^^^^^^^^^^
  File "C:\Users\zilai\AppData\Local\Programs\Python\Python311\Lib\asyncio\base_events.py", line 1070, in create_connection
    sock = await self._connect_sock(
           ^^^^^^^^^^^^^^^^^^^^^^^^^
  File "C:\Users\zilai\AppData\Local\Programs\Python\Python311\Lib\asyncio\base_events.py", line 974, in _connect_sock
    await self.sock_connect(sock, address)
  File "C:\Users\zilai\AppData\Local\Programs\Python\Python311\Lib\asyncio\proactor_events.py", line 726, in sock_connect
    return await self._proactor.connect(sock, address)
           ^^^^^^^^^^^^^^^^^^^^^^^^^^^^^^^^^^^^^^^^^^^
asyncio.exceptions.CancelledError

The above exception was the direct cause of the following exception:

Traceback (most recent call last):
  File "C:\Users\zilai\AppData\Local\Programs\Python\Python311\Lib\site-packages\TikTokLive\client\client.py", line 325, in _ws_client_loop
    async for webcast_response in self._ws.connect(
  File "C:\Users\zilai\AppData\Local\Programs\Python\Python311\Lib\site-packages\TikTokLive\client\ws\ws_client.py", line 256, in connect
    async for webcast_push_frame, webcast_response in typing.cast(WebcastIterator, self._connection_generator):
  File "C:\Users\zilai\AppData\Local\Programs\Python\Python311\Lib\site-packages\TikTokLive\client\ws\ws_connect.py", line 83, in __aiter__
    async with self as protocol:
  File "C:\Users\zilai\AppData\Local\Programs\Python\Python311\Lib\site-packages\websockets\legacy\client.py", line 633, in __aenter__
    return await self
           ^^^^^^^^^^
  File "C:\Users\zilai\AppData\Local\Programs\Python\Python311\Lib\site-packages\websockets\legacy\client.py", line 650, in __await_impl__
    async with asyncio_timeout(self.open_timeout):
  File "C:\Users\zilai\AppData\Local\Programs\Python\Python311\Lib\asyncio\timeouts.py", line 115, in __aexit__
    raise TimeoutError from exc_val
TimeoutError
2025-12-23 23:54:58,458 - asyncio - ERROR - Task exception was never retrieved
future: <Task finished name='Task-573' coro=<TikTokLiveClient._ws_client_loop() done, defined at C:\Users\zilai\AppData\Local\Programs\Python\Python311\Lib\site-packages\TikTokLive\client\client.py:308> exception=TimeoutError()>
Traceback (most recent call last):
  File "C:\Users\zilai\AppData\Local\Programs\Python\Python311\Lib\site-packages\websockets\legacy\client.py", line 652, in __await_impl__
    _transport, protocol = await self._create_connection()
                           ^^^^^^^^^^^^^^^^^^^^^^^^^^^^^^^
  File "C:\Users\zilai\AppData\Local\Programs\Python\Python311\Lib\asyncio\base_events.py", line 1070, in create_connection
    sock = await self._connect_sock(
           ^^^^^^^^^^^^^^^^^^^^^^^^^
  File "C:\Users\zilai\AppData\Local\Programs\Python\Python311\Lib\asyncio\base_events.py", line 974, in _connect_sock
    await self.sock_connect(sock, address)
  File "C:\Users\zilai\AppData\Local\Programs\Python\Python311\Lib\asyncio\proactor_events.py", line 726, in sock_connect
    return await self._proactor.connect(sock, address)
           ^^^^^^^^^^^^^^^^^^^^^^^^^^^^^^^^^^^^^^^^^^^
asyncio.exceptions.CancelledError

The above exception was the direct cause of the following exception:

Traceback (most recent call last):
  File "C:\Users\zilai\AppData\Local\Programs\Python\Python311\Lib\site-packages\TikTokLive\client\client.py", line 325, in _ws_client_loop
    async for webcast_response in self._ws.connect(
  File "C:\Users\zilai\AppData\Local\Programs\Python\Python311\Lib\site-packages\TikTokLive\client\ws\ws_client.py", line 256, in connect
    async for webcast_push_frame, webcast_response in typing.cast(WebcastIterator, self._connection_generator):
  File "C:\Users\zilai\AppData\Local\Programs\Python\Python311\Lib\site-packages\TikTokLive\client\ws\ws_connect.py", line 83, in __aiter__
    async with self as protocol:
  File "C:\Users\zilai\AppData\Local\Programs\Python\Python311\Lib\site-packages\websockets\legacy\client.py", line 633, in __aenter__
    return await self
           ^^^^^^^^^^
  File "C:\Users\zilai\AppData\Local\Programs\Python\Python311\Lib\site-packages\websockets\legacy\client.py", line 650, in __await_impl__
    async with asyncio_timeout(self.open_timeout):
  File "C:\Users\zilai\AppData\Local\Programs\Python\Python311\Lib\asyncio\timeouts.py", line 115, in __aexit__
    raise TimeoutError from exc_val
TimeoutError
2025-12-23 23:54:58,462 - asyncio - ERROR - Task exception was never retrieved
future: <Task finished name='Task-576' coro=<TikTokLiveClient._ws_client_loop() done, defined at C:\Users\zilai\AppData\Local\Programs\Python\Python311\Lib\site-packages\TikTokLive\client\client.py:308> exception=TimeoutError()>
Traceback (most recent call last):
  File "C:\Users\zilai\AppData\Local\Programs\Python\Python311\Lib\site-packages\websockets\legacy\client.py", line 652, in __await_impl__
    _transport, protocol = await self._create_connection()
                           ^^^^^^^^^^^^^^^^^^^^^^^^^^^^^^^
  File "C:\Users\zilai\AppData\Local\Programs\Python\Python311\Lib\asyncio\base_events.py", line 1070, in create_connection
    sock = await self._connect_sock(
           ^^^^^^^^^^^^^^^^^^^^^^^^^
  File "C:\Users\zilai\AppData\Local\Programs\Python\Python311\Lib\asyncio\base_events.py", line 974, in _connect_sock
    await self.sock_connect(sock, address)
  File "C:\Users\zilai\AppData\Local\Programs\Python\Python311\Lib\asyncio\proactor_events.py", line 726, in sock_connect
    return await self._proactor.connect(sock, address)
           ^^^^^^^^^^^^^^^^^^^^^^^^^^^^^^^^^^^^^^^^^^^
asyncio.exceptions.CancelledError

The above exception was the direct cause of the following exception:

Traceback (most recent call last):
  File "C:\Users\zilai\AppData\Local\Programs\Python\Python311\Lib\site-packages\TikTokLive\client\client.py", line 325, in _ws_client_loop
    async for webcast_response in self._ws.connect(
  File "C:\Users\zilai\AppData\Local\Programs\Python\Python311\Lib\site-packages\TikTokLive\client\ws\ws_client.py", line 256, in connect
    async for webcast_push_frame, webcast_response in typing.cast(WebcastIterator, self._connection_generator):
  File "C:\Users\zilai\AppData\Local\Programs\Python\Python311\Lib\site-packages\TikTokLive\client\ws\ws_connect.py", line 83, in __aiter__
    async with self as protocol:
  File "C:\Users\zilai\AppData\Local\Programs\Python\Python311\Lib\site-packages\websockets\legacy\client.py", line 633, in __aenter__
    return await self
           ^^^^^^^^^^
  File "C:\Users\zilai\AppData\Local\Programs\Python\Python311\Lib\site-packages\websockets\legacy\client.py", line 650, in __await_impl__
    async with asyncio_timeout(self.open_timeout):
  File "C:\Users\zilai\AppData\Local\Programs\Python\Python311\Lib\asyncio\timeouts.py", line 115, in __aexit__
    raise TimeoutError from exc_val
TimeoutError
2025-12-23 23:55:00,075 - httpx - INFO - HTTP Request: GET https://tiktok.eulerstream.com/webcast/fetch/?client=ttlive-python&room_id=7587003846677777173&user_agent=Mozilla%2F5.0+%28Macintosh%3B+Intel+Mac+OS+X+10_15_7%29+AppleWebKit%2F537.36+%28KHTML%2C+like+Gecko%29+Chrome%2F129.0.0.0+Safari%2F537.36+Edg%2F128.0.2739.79&platform=web&client_enter=true "HTTP/1.1 200 OK"
2025-12-23 23:55:00,269 - __main__ - INFO - @user9836661800791 连接成功，开始监控
2025-12-23 23:55:00,639 - httpx - INFO - HTTP Request: GET https://www.tiktok.com/@user9836661800791/live? "HTTP/1.1 200 OK"
2025-12-23 23:55:01,061 - httpx - INFO - HTTP Request: GET https://webcast.tiktok.com/webcast/room/info/?aid=1988&app_language=en&app_name=tiktok_web&browser_language=en-JM&browser_name=Mozilla&browser_online=true&browser_platform=MacIntel&browser_version=5.0%20%28Macintosh%3B%20Intel%20Mac%20OS%20X%2010_15_7%29%20AppleWebKit%2F537.36%20%28KHTML%2C%20like%20Gecko%29%20Chrome%2F129.0.0.0%20Safari%2F537.36%20Edg%2F128.0.2739.79&cookie_enabled=true&device_platform=web_pc&focus_state=true&from_page=&history_len=5&is_fullscreen=false&is_page_visible=true&screen_height=2048&screen_width=1152&tz_name=America/Jamaica&channel=tiktok_web&data_collection_enabled=true&os=mac&priority_region=JM&region=JM&user_is_login=false&webcast_language=en&msToken=&referer=https://www.tiktok.com/@user9836661800791/live&root_referer=https://www.tiktok.com/@user9836661800791/live&device_id=85569989233016412883&room_id=7587003846677777173 "HTTP/1.1 200 OK"
2025-12-23 23:55:01,652 - httpx - INFO - HTTP Request: GET https://webcast.tiktok.com/webcast/gift/list/?aid=1988&app_language=en&app_name=tiktok_web&browser_language=en-JM&browser_name=Mozilla&browser_online=true&browser_platform=MacIntel&browser_version=5.0%20%28Macintosh%3B%20Intel%20Mac%20OS%20X%2010_15_7%29%20AppleWebKit%2F537.36%20%28KHTML%2C%20like%20Gecko%29%20Chrome%2F129.0.0.0%20Safari%2F537.36%20Edg%2F128.0.2739.79&cookie_enabled=true&device_platform=web_pc&focus_state=true&from_page=&history_len=5&is_fullscreen=false&is_page_visible=true&screen_height=2048&screen_width=1152&tz_name=America/Jamaica&channel=tiktok_web&data_collection_enabled=true&os=mac&priority_region=JM&region=JM&user_is_login=false&webcast_language=en&msToken=&referer=https://www.tiktok.com/@user9836661800791/live&root_referer=https://www.tiktok.com/@user9836661800791/live&device_id=30479767390613335880&room_id=7587003846677777173 "HTTP/1.1 200 OK"
2025-12-23 23:55:01,729 - __main__ - INFO - 检查 @user9836661800791 是否在直播...
2025-12-23 23:55:01,731 - __main__ - INFO - 开始监控 @user9836661800791 的直播...
2025-12-23 23:55:02,044 - httpx - INFO - HTTP Request: GET https://webcast.tiktok.com/webcast/room/check_alive/?aid=1988&app_language=en&app_name=tiktok_web&browser_language=en-JM&browser_name=Mozilla&browser_online=true&browser_platform=MacIntel&browser_version=5.0%20%28Macintosh%3B%20Intel%20Mac%20OS%20X%2010_15_7%29%20AppleWebKit%2F537.36%20%28KHTML%2C%20like%20Gecko%29%20Chrome%2F129.0.0.0%20Safari%2F537.36%20Edg%2F128.0.2739.79&cookie_enabled=true&device_platform=web_pc&focus_state=true&from_page=&history_len=5&is_fullscreen=false&is_page_visible=true&screen_height=2048&screen_width=1152&tz_name=America/Jamaica&channel=tiktok_web&data_collection_enabled=true&os=mac&priority_region=JM&region=JM&user_is_login=false&webcast_language=en&msToken=&referer=https://www.tiktok.com/@user9836661800791/live&root_referer=https://www.tiktok.com/@user9836661800791/live&device_id=12003085990848844971&room_id=7587003846677777173&room_ids=7587003846677777173 "HTTP/1.1 200 OK"
2025-12-23 23:55:02,422 - httpx - INFO - HTTP Request: GET https://webcast.tiktok.com/webcast/room/info/?aid=1988&app_language=en&app_name=tiktok_web&browser_language=en-JM&browser_name=Mozilla&browser_online=true&browser_platform=MacIntel&browser_version=5.0%20%28Macintosh%3B%20Intel%20Mac%20OS%20X%2010_15_7%29%20AppleWebKit%2F537.36%20%28KHTML%2C%20like%20Gecko%29%20Chrome%2F129.0.0.0%20Safari%2F537.36%20Edg%2F128.0.2739.79&cookie_enabled=true&device_platform=web_pc&focus_state=true&from_page=&history_len=5&is_fullscreen=false&is_page_visible=true&screen_height=2048&screen_width=1152&tz_name=America/Jamaica&channel=tiktok_web&data_collection_enabled=true&os=mac&priority_region=JM&region=JM&user_is_login=false&webcast_language=en&msToken=&referer=https://www.tiktok.com/@user9836661800791/live&root_referer=https://www.tiktok.com/@user9836661800791/live&device_id=76366806361426597328&room_id=7587003846677777173 "HTTP/1.1 200 OK"
2025-12-23 23:55:02,942 - httpx - INFO - HTTP Request: GET https://webcast.tiktok.com/webcast/gift/list/?aid=1988&app_language=en&app_name=tiktok_web&browser_language=en-JM&browser_name=Mozilla&browser_online=true&browser_platform=MacIntel&browser_version=5.0%20%28Macintosh%3B%20Intel%20Mac%20OS%20X%2010_15_7%29%20AppleWebKit%2F537.36%20%28KHTML%2C%20like%20Gecko%29%20Chrome%2F129.0.0.0%20Safari%2F537.36%20Edg%2F128.0.2739.79&cookie_enabled=true&device_platform=web_pc&focus_state=true&from_page=&history_len=5&is_fullscreen=false&is_page_visible=true&screen_height=2048&screen_width=1152&tz_name=America/Jamaica&channel=tiktok_web&data_collection_enabled=true&os=mac&priority_region=JM&region=JM&user_is_login=false&webcast_language=en&msToken=&referer=https://www.tiktok.com/@user9836661800791/live&root_referer=https://www.tiktok.com/@user9836661800791/live&device_id=44109005940005606437&room_id=7587003846677777173 "HTTP/1.1 200 OK"
2025-12-23 23:55:05,420 - httpx - INFO - HTTP Request: GET https://tiktok.eulerstream.com/webcast/fetch/?client=ttlive-python&room_id=7587003846677777173&user_agent=Mozilla%2F5.0+%28Macintosh%3B+Intel+Mac+OS+X+10_15_7%29+AppleWebKit%2F537.36+%28KHTML%2C+like+Gecko%29+Chrome%2F129.0.0.0+Safari%2F537.36+Edg%2F128.0.2739.79&platform=web&client_enter=true "HTTP/1.1 200 OK"
2025-12-23 23:55:05,532 - __main__ - INFO - @user9836661800791 连接成功，开始监控
2025-12-23 23:55:06,130 - httpx - INFO - HTTP Request: GET https://www.tiktok.com/@user9836661800791/live? "HTTP/1.1 200 OK"
2025-12-23 23:55:06,597 - httpx - INFO - HTTP Request: GET https://webcast.tiktok.com/webcast/room/info/?aid=1988&app_language=en&app_name=tiktok_web&browser_language=en-JM&browser_name=Mozilla&browser_online=true&browser_platform=MacIntel&browser_version=5.0%20%28Macintosh%3B%20Intel%20Mac%20OS%20X%2010_15_7%29%20AppleWebKit%2F537.36%20%28KHTML%2C%20like%20Gecko%29%20Chrome%2F129.0.0.0%20Safari%2F537.36%20Edg%2F128.0.2739.79&cookie_enabled=true&device_platform=web_pc&focus_state=true&from_page=&history_len=5&is_fullscreen=false&is_page_visible=true&screen_height=2048&screen_width=1152&tz_name=America/Jamaica&channel=tiktok_web&data_collection_enabled=true&os=mac&priority_region=JM&region=JM&user_is_login=false&webcast_language=en&msToken=&referer=https://www.tiktok.com/@user9836661800791/live&root_referer=https://www.tiktok.com/@user9836661800791/live&device_id=94375328001147717861&room_id=7587003846677777173 "HTTP/1.1 200 OK"
2025-12-23 23:55:07,144 - httpx - INFO - HTTP Request: GET https://webcast.tiktok.com/webcast/gift/list/?aid=1988&app_language=en&app_name=tiktok_web&browser_language=en-JM&browser_name=Mozilla&browser_online=true&browser_platform=MacIntel&browser_version=5.0%20%28Macintosh%3B%20Intel%20Mac%20OS%20X%2010_15_7%29%20AppleWebKit%2F537.36%20%28KHTML%2C%20like%20Gecko%29%20Chrome%2F129.0.0.0%20Safari%2F537.36%20Edg%2F128.0.2739.79&cookie_enabled=true&device_platform=web_pc&focus_state=true&from_page=&history_len=5&is_fullscreen=false&is_page_visible=true&screen_height=2048&screen_width=1152&tz_name=America/Jamaica&channel=tiktok_web&data_collection_enabled=true&os=mac&priority_region=JM&region=JM&user_is_login=false&webcast_language=en&msToken=&referer=https://www.tiktok.com/@user9836661800791/live&root_referer=https://www.tiktok.com/@user9836661800791/live&device_id=64113331563927506300&room_id=7587003846677777173 "HTTP/1.1 200 OK"
2025-12-23 23:55:07,203 - __main__ - INFO - 检查 @user9836661800791 是否在直播...
2025-12-23 23:55:07,205 - __main__ - INFO - 开始监控 @user9836661800791 的直播...
2025-12-23 23:55:07,522 - httpx - INFO - HTTP Request: GET https://webcast.tiktok.com/webcast/room/check_alive/?aid=1988&app_language=en&app_name=tiktok_web&browser_language=en-JM&browser_name=Mozilla&browser_online=true&browser_platform=MacIntel&browser_version=5.0%20%28Macintosh%3B%20Intel%20Mac%20OS%20X%2010_15_7%29%20AppleWebKit%2F537.36%20%28KHTML%2C%20like%20Gecko%29%20Chrome%2F129.0.0.0%20Safari%2F537.36%20Edg%2F128.0.2739.79&cookie_enabled=true&device_platform=web_pc&focus_state=true&from_page=&history_len=5&is_fullscreen=false&is_page_visible=true&screen_height=2048&screen_width=1152&tz_name=America/Jamaica&channel=tiktok_web&data_collection_enabled=true&os=mac&priority_region=JM&region=JM&user_is_login=false&webcast_language=en&msToken=&referer=https://www.tiktok.com/@user9836661800791/live&root_referer=https://www.tiktok.com/@user9836661800791/live&device_id=42464693527224700669&room_id=7587003846677777173&room_ids=7587003846677777173 "HTTP/1.1 200 OK"
2025-12-23 23:55:07,892 - httpx - INFO - HTTP Request: GET https://webcast.tiktok.com/webcast/room/info/?aid=1988&app_language=en&app_name=tiktok_web&browser_language=en-JM&browser_name=Mozilla&browser_online=true&browser_platform=MacIntel&browser_version=5.0%20%28Macintosh%3B%20Intel%20Mac%20OS%20X%2010_15_7%29%20AppleWebKit%2F537.36%20%28KHTML%2C%20like%20Gecko%29%20Chrome%2F129.0.0.0%20Safari%2F537.36%20Edg%2F128.0.2739.79&cookie_enabled=true&device_platform=web_pc&focus_state=true&from_page=&history_len=5&is_fullscreen=false&is_page_visible=true&screen_height=2048&screen_width=1152&tz_name=America/Jamaica&channel=tiktok_web&data_collection_enabled=true&os=mac&priority_region=JM&region=JM&user_is_login=false&webcast_language=en&msToken=&referer=https://www.tiktok.com/@user9836661800791/live&root_referer=https://www.tiktok.com/@user9836661800791/live&device_id=82429798623784899473&room_id=7587003846677777173 "HTTP/1.1 200 OK"
2025-12-23 23:55:08,550 - httpx - INFO - HTTP Request: GET https://webcast.tiktok.com/webcast/gift/list/?aid=1988&app_language=en&app_name=tiktok_web&browser_language=en-JM&browser_name=Mozilla&browser_online=true&browser_platform=MacIntel&browser_version=5.0%20%28Macintosh%3B%20Intel%20Mac%20OS%20X%2010_15_7%29%20AppleWebKit%2F537.36%20%28KHTML%2C%20like%20Gecko%29%20Chrome%2F129.0.0.0%20Safari%2F537.36%20Edg%2F128.0.2739.79&cookie_enabled=true&device_platform=web_pc&focus_state=true&from_page=&history_len=5&is_fullscreen=false&is_page_visible=true&screen_height=2048&screen_width=1152&tz_name=America/Jamaica&channel=tiktok_web&data_collection_enabled=true&os=mac&priority_region=JM&region=JM&user_is_login=false&webcast_language=en&msToken=&referer=https://www.tiktok.com/@user9836661800791/live&root_referer=https://www.tiktok.com/@user9836661800791/live&device_id=46461007233939949314&room_id=7587003846677777173 "HTTP/1.1 200 OK"
2025-12-23 23:55:09,864 - httpx - INFO - HTTP Request: GET https://tiktok.eulerstream.com/webcast/fetch/?client=ttlive-python&room_id=7587003846677777173&user_agent=Mozilla%2F5.0+%28Macintosh%3B+Intel+Mac+OS+X+10_15_7%29+AppleWebKit%2F537.36+%28KHTML%2C+like+Gecko%29+Chrome%2F129.0.0.0+Safari%2F537.36+Edg%2F128.0.2739.79&platform=web&client_enter=true "HTTP/1.1 200 OK"
2025-12-23 23:55:10,064 - __main__ - INFO - @user9836661800791 连接成功，开始监控
2025-12-23 23:55:10,452 - httpx - INFO - HTTP Request: GET https://www.tiktok.com/@user9836661800791/live? "HTTP/1.1 200 OK"
2025-12-23 23:55:10,879 - httpx - INFO - HTTP Request: GET https://webcast.tiktok.com/webcast/room/info/?aid=1988&app_language=en&app_name=tiktok_web&browser_language=en-JM&browser_name=Mozilla&browser_online=true&browser_platform=MacIntel&browser_version=5.0%20%28Macintosh%3B%20Intel%20Mac%20OS%20X%2010_15_7%29%20AppleWebKit%2F537.36%20%28KHTML%2C%20like%20Gecko%29%20Chrome%2F129.0.0.0%20Safari%2F537.36%20Edg%2F128.0.2739.79&cookie_enabled=true&device_platform=web_pc&focus_state=true&from_page=&history_len=5&is_fullscreen=false&is_page_visible=true&screen_height=2048&screen_width=1152&tz_name=America/Jamaica&channel=tiktok_web&data_collection_enabled=true&os=mac&priority_region=JM&region=JM&user_is_login=false&webcast_language=en&msToken=&referer=https://www.tiktok.com/@user9836661800791/live&root_referer=https://www.tiktok.com/@user9836661800791/live&device_id=75005479977267157578&room_id=7587003846677777173 "HTTP/1.1 200 OK"
2025-12-23 23:55:11,466 - httpx - INFO - HTTP Request: GET https://webcast.tiktok.com/webcast/gift/list/?aid=1988&app_language=en&app_name=tiktok_web&browser_language=en-JM&browser_name=Mozilla&browser_online=true&browser_platform=MacIntel&browser_version=5.0%20%28Macintosh%3B%20Intel%20Mac%20OS%20X%2010_15_7%29%20AppleWebKit%2F537.36%20%28KHTML%2C%20like%20Gecko%29%20Chrome%2F129.0.0.0%20Safari%2F537.36%20Edg%2F128.0.2739.79&cookie_enabled=true&device_platform=web_pc&focus_state=true&from_page=&history_len=5&is_fullscreen=false&is_page_visible=true&screen_height=2048&screen_width=1152&tz_name=America/Jamaica&channel=tiktok_web&data_collection_enabled=true&os=mac&priority_region=JM&region=JM&user_is_login=false&webcast_language=en&msToken=&referer=https://www.tiktok.com/@user9836661800791/live&root_referer=https://www.tiktok.com/@user9836661800791/live&device_id=96506707015254666965&room_id=7587003846677777173 "HTTP/1.1 200 OK"
2025-12-23 23:55:11,540 - __main__ - INFO - 检查 @user9836661800791 是否在直播...
2025-12-23 23:55:11,543 - __main__ - INFO - 开始监控 @user9836661800791 的直播...
2025-12-23 23:55:11,840 - httpx - INFO - HTTP Request: GET https://webcast.tiktok.com/webcast/room/check_alive/?aid=1988&app_language=en&app_name=tiktok_web&browser_language=en-JM&browser_name=Mozilla&browser_online=true&browser_platform=MacIntel&browser_version=5.0%20%28Macintosh%3B%20Intel%20Mac%20OS%20X%2010_15_7%29%20AppleWebKit%2F537.36%20%28KHTML%2C%20like%20Gecko%29%20Chrome%2F129.0.0.0%20Safari%2F537.36%20Edg%2F128.0.2739.79&cookie_enabled=true&device_platform=web_pc&focus_state=true&from_page=&history_len=5&is_fullscreen=false&is_page_visible=true&screen_height=2048&screen_width=1152&tz_name=America/Jamaica&channel=tiktok_web&data_collection_enabled=true&os=mac&priority_region=JM&region=JM&user_is_login=false&webcast_language=en&msToken=&referer=https://www.tiktok.com/@user9836661800791/live&root_referer=https://www.tiktok.com/@user9836661800791/live&device_id=60736243194678720031&room_id=7587003846677777173&room_ids=7587003846677777173 "HTTP/1.1 200 OK"
2025-12-23 23:55:12,213 - httpx - INFO - HTTP Request: GET https://webcast.tiktok.com/webcast/room/info/?aid=1988&app_language=en&app_name=tiktok_web&browser_language=en-JM&browser_name=Mozilla&browser_online=true&browser_platform=MacIntel&browser_version=5.0%20%28Macintosh%3B%20Intel%20Mac%20OS%20X%2010_15_7%29%20AppleWebKit%2F537.36%20%28KHTML%2C%20like%20Gecko%29%20Chrome%2F129.0.0.0%20Safari%2F537.36%20Edg%2F128.0.2739.79&cookie_enabled=true&device_platform=web_pc&focus_state=true&from_page=&history_len=5&is_fullscreen=false&is_page_visible=true&screen_height=2048&screen_width=1152&tz_name=America/Jamaica&channel=tiktok_web&data_collection_enabled=true&os=mac&priority_region=JM&region=JM&user_is_login=false&webcast_language=en&msToken=&referer=https://www.tiktok.com/@user9836661800791/live&root_referer=https://www.tiktok.com/@user9836661800791/live&device_id=20065246753071607560&room_id=7587003846677777173 "HTTP/1.1 200 OK"
2025-12-23 23:55:12,814 - httpx - INFO - HTTP Request: GET https://webcast.tiktok.com/webcast/gift/list/?aid=1988&app_language=en&app_name=tiktok_web&browser_language=en-JM&browser_name=Mozilla&browser_online=true&browser_platform=MacIntel&browser_version=5.0%20%28Macintosh%3B%20Intel%20Mac%20OS%20X%2010_15_7%29%20AppleWebKit%2F537.36%20%28KHTML%2C%20like%20Gecko%29%20Chrome%2F129.0.0.0%20Safari%2F537.36%20Edg%2F128.0.2739.79&cookie_enabled=true&device_platform=web_pc&focus_state=true&from_page=&history_len=5&is_fullscreen=false&is_page_visible=true&screen_height=2048&screen_width=1152&tz_name=America/Jamaica&channel=tiktok_web&data_collection_enabled=true&os=mac&priority_region=JM&region=JM&user_is_login=false&webcast_language=en&msToken=&referer=https://www.tiktok.com/@user9836661800791/live&root_referer=https://www.tiktok.com/@user9836661800791/live&device_id=79000027796373343417&room_id=7587003846677777173 "HTTP/1.1 200 OK"
2025-12-23 23:55:14,217 - httpx - INFO - HTTP Request: GET https://tiktok.eulerstream.com/webcast/fetch/?client=ttlive-python&room_id=7587003846677777173&user_agent=Mozilla%2F5.0+%28Macintosh%3B+Intel+Mac+OS+X+10_15_7%29+AppleWebKit%2F537.36+%28KHTML%2C+like+Gecko%29+Chrome%2F129.0.0.0+Safari%2F537.36+Edg%2F128.0.2739.79&platform=web&client_enter=true "HTTP/1.1 200 OK"
2025-12-23 23:55:14,362 - __main__ - INFO - @user9836661800791 连接成功，开始监控
2025-12-23 23:55:15,255 - httpx - INFO - HTTP Request: GET https://www.tiktok.com/@user9836661800791/live? "HTTP/1.1 200 OK"
2025-12-23 23:55:15,642 - httpx - INFO - HTTP Request: GET https://webcast.tiktok.com/webcast/room/info/?aid=1988&app_language=en&app_name=tiktok_web&browser_language=en-JM&browser_name=Mozilla&browser_online=true&browser_platform=MacIntel&browser_version=5.0%20%28Macintosh%3B%20Intel%20Mac%20OS%20X%2010_15_7%29%20AppleWebKit%2F537.36%20%28KHTML%2C%20like%20Gecko%29%20Chrome%2F129.0.0.0%20Safari%2F537.36%20Edg%2F128.0.2739.79&cookie_enabled=true&device_platform=web_pc&focus_state=true&from_page=&history_len=5&is_fullscreen=false&is_page_visible=true&screen_height=2048&screen_width=1152&tz_name=America/Jamaica&channel=tiktok_web&data_collection_enabled=true&os=mac&priority_region=JM&region=JM&user_is_login=false&webcast_language=en&msToken=&referer=https://www.tiktok.com/@user9836661800791/live&root_referer=https://www.tiktok.com/@user9836661800791/live&device_id=81963664372768866513&room_id=7587003846677777173 "HTTP/1.1 200 OK"
2025-12-23 23:55:16,260 - httpx - INFO - HTTP Request: GET https://webcast.tiktok.com/webcast/gift/list/?aid=1988&app_language=en&app_name=tiktok_web&browser_language=en-JM&browser_name=Mozilla&browser_online=true&browser_platform=MacIntel&browser_version=5.0%20%28Macintosh%3B%20Intel%20Mac%20OS%20X%2010_15_7%29%20AppleWebKit%2F537.36%20%28KHTML%2C%20like%20Gecko%29%20Chrome%2F129.0.0.0%20Safari%2F537.36%20Edg%2F128.0.2739.79&cookie_enabled=true&device_platform=web_pc&focus_state=true&from_page=&history_len=5&is_fullscreen=false&is_page_visible=true&screen_height=2048&screen_width=1152&tz_name=America/Jamaica&channel=tiktok_web&data_collection_enabled=true&os=mac&priority_region=JM&region=JM&user_is_login=false&webcast_language=en&msToken=&referer=https://www.tiktok.com/@user9836661800791/live&root_referer=https://www.tiktok.com/@user9836661800791/live&device_id=22614121574081224643&room_id=7587003846677777173 "HTTP/1.1 200 OK"
2025-12-23 23:55:16,553 - __main__ - INFO - 检查 @user9836661800791 是否在直播...
2025-12-23 23:55:16,555 - __main__ - INFO - 开始监控 @user9836661800791 的直播...
2025-12-23 23:55:16,879 - httpx - INFO - HTTP Request: GET https://webcast.tiktok.com/webcast/room/check_alive/?aid=1988&app_language=en&app_name=tiktok_web&browser_language=en-JM&browser_name=Mozilla&browser_online=true&browser_platform=MacIntel&browser_version=5.0%20%28Macintosh%3B%20Intel%20Mac%20OS%20X%2010_15_7%29%20AppleWebKit%2F537.36%20%28KHTML%2C%20like%20Gecko%29%20Chrome%2F129.0.0.0%20Safari%2F537.36%20Edg%2F128.0.2739.79&cookie_enabled=true&device_platform=web_pc&focus_state=true&from_page=&history_len=5&is_fullscreen=false&is_page_visible=true&screen_height=2048&screen_width=1152&tz_name=America/Jamaica&channel=tiktok_web&data_collection_enabled=true&os=mac&priority_region=JM&region=JM&user_is_login=false&webcast_language=en&msToken=&referer=https://www.tiktok.com/@user9836661800791/live&root_referer=https://www.tiktok.com/@user9836661800791/live&device_id=73051949593787476081&room_id=7587003846677777173&room_ids=7587003846677777173 "HTTP/1.1 200 OK"
2025-12-23 23:55:17,268 - httpx - INFO - HTTP Request: GET https://webcast.tiktok.com/webcast/room/info/?aid=1988&app_language=en&app_name=tiktok_web&browser_language=en-JM&browser_name=Mozilla&browser_online=true&browser_platform=MacIntel&browser_version=5.0%20%28Macintosh%3B%20Intel%20Mac%20OS%20X%2010_15_7%29%20AppleWebKit%2F537.36%20%28KHTML%2C%20like%20Gecko%29%20Chrome%2F129.0.0.0%20Safari%2F537.36%20Edg%2F128.0.2739.79&cookie_enabled=true&device_platform=web_pc&focus_state=true&from_page=&history_len=5&is_fullscreen=false&is_page_visible=true&screen_height=2048&screen_width=1152&tz_name=America/Jamaica&channel=tiktok_web&data_collection_enabled=true&os=mac&priority_region=JM&region=JM&user_is_login=false&webcast_language=en&msToken=&referer=https://www.tiktok.com/@user9836661800791/live&root_referer=https://www.tiktok.com/@user9836661800791/live&device_id=56698830192144909243&room_id=7587003846677777173 "HTTP/1.1 200 OK"
2025-12-23 23:55:17,882 - httpx - INFO - HTTP Request: GET https://webcast.tiktok.com/webcast/gift/list/?aid=1988&app_language=en&app_name=tiktok_web&browser_language=en-JM&browser_name=Mozilla&browser_online=true&browser_platform=MacIntel&browser_version=5.0%20%28Macintosh%3B%20Intel%20Mac%20OS%20X%2010_15_7%29%20AppleWebKit%2F537.36%20%28KHTML%2C%20like%20Gecko%29%20Chrome%2F129.0.0.0%20Safari%2F537.36%20Edg%2F128.0.2739.79&cookie_enabled=true&device_platform=web_pc&focus_state=true&from_page=&history_len=5&is_fullscreen=false&is_page_visible=true&screen_height=2048&screen_width=1152&tz_name=America/Jamaica&channel=tiktok_web&data_collection_enabled=true&os=mac&priority_region=JM&region=JM&user_is_login=false&webcast_language=en&msToken=&referer=https://www.tiktok.com/@user9836661800791/live&root_referer=https://www.tiktok.com/@user9836661800791/live&device_id=57077009706987815304&room_id=7587003846677777173 "HTTP/1.1 200 OK"
2025-12-23 23:55:18,116 - asyncio - ERROR - Task exception was never retrieved
future: <Task finished name='Task-583' coro=<TikTokLiveClient._ws_client_loop() done, defined at C:\Users\zilai\AppData\Local\Programs\Python\Python311\Lib\site-packages\TikTokLive\client\client.py:308> exception=TimeoutError()>
Traceback (most recent call last):
  File "C:\Users\zilai\AppData\Local\Programs\Python\Python311\Lib\site-packages\websockets\legacy\client.py", line 652, in __await_impl__
    _transport, protocol = await self._create_connection()
                           ^^^^^^^^^^^^^^^^^^^^^^^^^^^^^^^
  File "C:\Users\zilai\AppData\Local\Programs\Python\Python311\Lib\asyncio\base_events.py", line 1070, in create_connection
    sock = await self._connect_sock(
           ^^^^^^^^^^^^^^^^^^^^^^^^^
  File "C:\Users\zilai\AppData\Local\Programs\Python\Python311\Lib\asyncio\base_events.py", line 974, in _connect_sock
    await self.sock_connect(sock, address)
  File "C:\Users\zilai\AppData\Local\Programs\Python\Python311\Lib\asyncio\proactor_events.py", line 726, in sock_connect
    return await self._proactor.connect(sock, address)
           ^^^^^^^^^^^^^^^^^^^^^^^^^^^^^^^^^^^^^^^^^^^
asyncio.exceptions.CancelledError

The above exception was the direct cause of the following exception:

Traceback (most recent call last):
  File "C:\Users\zilai\AppData\Local\Programs\Python\Python311\Lib\site-packages\TikTokLive\client\client.py", line 325, in _ws_client_loop
    async for webcast_response in self._ws.connect(
  File "C:\Users\zilai\AppData\Local\Programs\Python\Python311\Lib\site-packages\TikTokLive\client\ws\ws_client.py", line 256, in connect
    async for webcast_push_frame, webcast_response in typing.cast(WebcastIterator, self._connection_generator):
  File "C:\Users\zilai\AppData\Local\Programs\Python\Python311\Lib\site-packages\TikTokLive\client\ws\ws_connect.py", line 83, in __aiter__
    async with self as protocol:
  File "C:\Users\zilai\AppData\Local\Programs\Python\Python311\Lib\site-packages\websockets\legacy\client.py", line 633, in __aenter__
    return await self
           ^^^^^^^^^^
  File "C:\Users\zilai\AppData\Local\Programs\Python\Python311\Lib\site-packages\websockets\legacy\client.py", line 650, in __await_impl__
    async with asyncio_timeout(self.open_timeout):
  File "C:\Users\zilai\AppData\Local\Programs\Python\Python311\Lib\asyncio\timeouts.py", line 115, in __aexit__
    raise TimeoutError from exc_val
TimeoutError
2025-12-23 23:55:18,122 - asyncio - ERROR - Task exception was never retrieved
future: <Task finished name='Task-581' coro=<TikTokLiveClient._ws_client_loop() done, defined at C:\Users\zilai\AppData\Local\Programs\Python\Python311\Lib\site-packages\TikTokLive\client\client.py:308> exception=TimeoutError()>
Traceback (most recent call last):
  File "C:\Users\zilai\AppData\Local\Programs\Python\Python311\Lib\site-packages\websockets\legacy\client.py", line 652, in __await_impl__
    _transport, protocol = await self._create_connection()
                           ^^^^^^^^^^^^^^^^^^^^^^^^^^^^^^^
  File "C:\Users\zilai\AppData\Local\Programs\Python\Python311\Lib\asyncio\base_events.py", line 1070, in create_connection
    sock = await self._connect_sock(
           ^^^^^^^^^^^^^^^^^^^^^^^^^
  File "C:\Users\zilai\AppData\Local\Programs\Python\Python311\Lib\asyncio\base_events.py", line 974, in _connect_sock
    await self.sock_connect(sock, address)
  File "C:\Users\zilai\AppData\Local\Programs\Python\Python311\Lib\asyncio\proactor_events.py", line 726, in sock_connect
    return await self._proactor.connect(sock, address)
           ^^^^^^^^^^^^^^^^^^^^^^^^^^^^^^^^^^^^^^^^^^^
asyncio.exceptions.CancelledError

The above exception was the direct cause of the following exception:

Traceback (most recent call last):
  File "C:\Users\zilai\AppData\Local\Programs\Python\Python311\Lib\site-packages\TikTokLive\client\client.py", line 325, in _ws_client_loop
    async for webcast_response in self._ws.connect(
  File "C:\Users\zilai\AppData\Local\Programs\Python\Python311\Lib\site-packages\TikTokLive\client\ws\ws_client.py", line 256, in connect
    async for webcast_push_frame, webcast_response in typing.cast(WebcastIterator, self._connection_generator):
  File "C:\Users\zilai\AppData\Local\Programs\Python\Python311\Lib\site-packages\TikTokLive\client\ws\ws_connect.py", line 83, in __aiter__
    async with self as protocol:
  File "C:\Users\zilai\AppData\Local\Programs\Python\Python311\Lib\site-packages\websockets\legacy\client.py", line 633, in __aenter__
    return await self
           ^^^^^^^^^^
  File "C:\Users\zilai\AppData\Local\Programs\Python\Python311\Lib\site-packages\websockets\legacy\client.py", line 650, in __await_impl__
    async with asyncio_timeout(self.open_timeout):
  File "C:\Users\zilai\AppData\Local\Programs\Python\Python311\Lib\asyncio\timeouts.py", line 115, in __aexit__
    raise TimeoutError from exc_val
TimeoutError
2025-12-23 23:55:18,124 - asyncio - ERROR - Task exception was never retrieved
future: <Task finished name='Task-584' coro=<TikTokLiveClient._ws_client_loop() done, defined at C:\Users\zilai\AppData\Local\Programs\Python\Python311\Lib\site-packages\TikTokLive\client\client.py:308> exception=TimeoutError()>
Traceback (most recent call last):
  File "C:\Users\zilai\AppData\Local\Programs\Python\Python311\Lib\site-packages\websockets\legacy\client.py", line 652, in __await_impl__
    _transport, protocol = await self._create_connection()
                           ^^^^^^^^^^^^^^^^^^^^^^^^^^^^^^^
  File "C:\Users\zilai\AppData\Local\Programs\Python\Python311\Lib\asyncio\base_events.py", line 1070, in create_connection
    sock = await self._connect_sock(
           ^^^^^^^^^^^^^^^^^^^^^^^^^
  File "C:\Users\zilai\AppData\Local\Programs\Python\Python311\Lib\asyncio\base_events.py", line 974, in _connect_sock
    await self.sock_connect(sock, address)
  File "C:\Users\zilai\AppData\Local\Programs\Python\Python311\Lib\asyncio\proactor_events.py", line 726, in sock_connect
    return await self._proactor.connect(sock, address)
           ^^^^^^^^^^^^^^^^^^^^^^^^^^^^^^^^^^^^^^^^^^^
asyncio.exceptions.CancelledError

The above exception was the direct cause of the following exception:

Traceback (most recent call last):
  File "C:\Users\zilai\AppData\Local\Programs\Python\Python311\Lib\site-packages\TikTokLive\client\client.py", line 325, in _ws_client_loop
    async for webcast_response in self._ws.connect(
  File "C:\Users\zilai\AppData\Local\Programs\Python\Python311\Lib\site-packages\TikTokLive\client\ws\ws_client.py", line 256, in connect
    async for webcast_push_frame, webcast_response in typing.cast(WebcastIterator, self._connection_generator):
  File "C:\Users\zilai\AppData\Local\Programs\Python\Python311\Lib\site-packages\TikTokLive\client\ws\ws_connect.py", line 83, in __aiter__
    async with self as protocol:
  File "C:\Users\zilai\AppData\Local\Programs\Python\Python311\Lib\site-packages\websockets\legacy\client.py", line 633, in __aenter__
    return await self
           ^^^^^^^^^^
  File "C:\Users\zilai\AppData\Local\Programs\Python\Python311\Lib\site-packages\websockets\legacy\client.py", line 650, in __await_impl__
    async with asyncio_timeout(self.open_timeout):
  File "C:\Users\zilai\AppData\Local\Programs\Python\Python311\Lib\asyncio\timeouts.py", line 115, in __aexit__
    raise TimeoutError from exc_val
TimeoutError
2025-12-23 23:55:18,126 - asyncio - ERROR - Task exception was never retrieved
future: <Task finished name='Task-585' coro=<TikTokLiveClient._ws_client_loop() done, defined at C:\Users\zilai\AppData\Local\Programs\Python\Python311\Lib\site-packages\TikTokLive\client\client.py:308> exception=TimeoutError()>
Traceback (most recent call last):
  File "C:\Users\zilai\AppData\Local\Programs\Python\Python311\Lib\site-packages\websockets\legacy\client.py", line 652, in __await_impl__
    _transport, protocol = await self._create_connection()
                           ^^^^^^^^^^^^^^^^^^^^^^^^^^^^^^^
  File "C:\Users\zilai\AppData\Local\Programs\Python\Python311\Lib\asyncio\base_events.py", line 1070, in create_connection
    sock = await self._connect_sock(
           ^^^^^^^^^^^^^^^^^^^^^^^^^
  File "C:\Users\zilai\AppData\Local\Programs\Python\Python311\Lib\asyncio\base_events.py", line 974, in _connect_sock
    await self.sock_connect(sock, address)
  File "C:\Users\zilai\AppData\Local\Programs\Python\Python311\Lib\asyncio\proactor_events.py", line 726, in sock_connect
    return await self._proactor.connect(sock, address)
           ^^^^^^^^^^^^^^^^^^^^^^^^^^^^^^^^^^^^^^^^^^^
asyncio.exceptions.CancelledError

The above exception was the direct cause of the following exception:

Traceback (most recent call last):
  File "C:\Users\zilai\AppData\Local\Programs\Python\Python311\Lib\site-packages\TikTokLive\client\client.py", line 325, in _ws_client_loop
    async for webcast_response in self._ws.connect(
  File "C:\Users\zilai\AppData\Local\Programs\Python\Python311\Lib\site-packages\TikTokLive\client\ws\ws_client.py", line 256, in connect
    async for webcast_push_frame, webcast_response in typing.cast(WebcastIterator, self._connection_generator):
  File "C:\Users\zilai\AppData\Local\Programs\Python\Python311\Lib\site-packages\TikTokLive\client\ws\ws_connect.py", line 83, in __aiter__
    async with self as protocol:
  File "C:\Users\zilai\AppData\Local\Programs\Python\Python311\Lib\site-packages\websockets\legacy\client.py", line 633, in __aenter__
    return await self
           ^^^^^^^^^^
  File "C:\Users\zilai\AppData\Local\Programs\Python\Python311\Lib\site-packages\websockets\legacy\client.py", line 650, in __await_impl__
    async with asyncio_timeout(self.open_timeout):
  File "C:\Users\zilai\AppData\Local\Programs\Python\Python311\Lib\asyncio\timeouts.py", line 115, in __aexit__
    raise TimeoutError from exc_val
TimeoutError
2025-12-23 23:55:19,526 - httpx - INFO - HTTP Request: GET https://tiktok.eulerstream.com/webcast/fetch/?client=ttlive-python&room_id=7587003846677777173&user_agent=Mozilla%2F5.0+%28Macintosh%3B+Intel+Mac+OS+X+10_15_7%29+AppleWebKit%2F537.36+%28KHTML%2C+like+Gecko%29+Chrome%2F129.0.0.0+Safari%2F537.36+Edg%2F128.0.2739.79&platform=web&client_enter=true "HTTP/1.1 200 OK"
2025-12-23 23:55:19,629 - __main__ - INFO - @user9836661800791 连接成功，开始监控
2025-12-23 23:55:21,035 - httpx - INFO - HTTP Request: GET https://www.tiktok.com/@user9836661800791/live? "HTTP/1.1 200 OK"
2025-12-23 23:55:21,494 - httpx - INFO - HTTP Request: GET https://webcast.tiktok.com/webcast/room/info/?aid=1988&app_language=en&app_name=tiktok_web&browser_language=en-JM&browser_name=Mozilla&browser_online=true&browser_platform=MacIntel&browser_version=5.0%20%28Macintosh%3B%20Intel%20Mac%20OS%20X%2010_15_7%29%20AppleWebKit%2F537.36%20%28KHTML%2C%20like%20Gecko%29%20Chrome%2F129.0.0.0%20Safari%2F537.36%20Edg%2F128.0.2739.79&cookie_enabled=true&device_platform=web_pc&focus_state=true&from_page=&history_len=5&is_fullscreen=false&is_page_visible=true&screen_height=2048&screen_width=1152&tz_name=America/Jamaica&channel=tiktok_web&data_collection_enabled=true&os=mac&priority_region=JM&region=JM&user_is_login=false&webcast_language=en&msToken=&referer=https://www.tiktok.com/@user9836661800791/live&root_referer=https://www.tiktok.com/@user9836661800791/live&device_id=15668017711161086512&room_id=7587003846677777173 "HTTP/1.1 200 OK"
2025-12-23 23:55:22,060 - httpx - INFO - HTTP Request: GET https://webcast.tiktok.com/webcast/gift/list/?aid=1988&app_language=en&app_name=tiktok_web&browser_language=en-JM&browser_name=Mozilla&browser_online=true&browser_platform=MacIntel&browser_version=5.0%20%28Macintosh%3B%20Intel%20Mac%20OS%20X%2010_15_7%29%20AppleWebKit%2F537.36%20%28KHTML%2C%20like%20Gecko%29%20Chrome%2F129.0.0.0%20Safari%2F537.36%20Edg%2F128.0.2739.79&cookie_enabled=true&device_platform=web_pc&focus_state=true&from_page=&history_len=5&is_fullscreen=false&is_page_visible=true&screen_height=2048&screen_width=1152&tz_name=America/Jamaica&channel=tiktok_web&data_collection_enabled=true&os=mac&priority_region=JM&region=JM&user_is_login=false&webcast_language=en&msToken=&referer=https://www.tiktok.com/@user9836661800791/live&root_referer=https://www.tiktok.com/@user9836661800791/live&device_id=61219914594477463897&room_id=7587003846677777173 "HTTP/1.1 200 OK"
2025-12-23 23:55:22,122 - __main__ - INFO - 检查 @user9836661800791 是否在直播...
2025-12-23 23:55:22,123 - __main__ - INFO - 开始监控 @user9836661800791 的直播...
2025-12-23 23:55:22,426 - httpx - INFO - HTTP Request: GET https://webcast.tiktok.com/webcast/room/check_alive/?aid=1988&app_language=en&app_name=tiktok_web&browser_language=en-JM&browser_name=Mozilla&browser_online=true&browser_platform=MacIntel&browser_version=5.0%20%28Macintosh%3B%20Intel%20Mac%20OS%20X%2010_15_7%29%20AppleWebKit%2F537.36%20%28KHTML%2C%20like%20Gecko%29%20Chrome%2F129.0.0.0%20Safari%2F537.36%20Edg%2F128.0.2739.79&cookie_enabled=true&device_platform=web_pc&focus_state=true&from_page=&history_len=5&is_fullscreen=false&is_page_visible=true&screen_height=2048&screen_width=1152&tz_name=America/Jamaica&channel=tiktok_web&data_collection_enabled=true&os=mac&priority_region=JM&region=JM&user_is_login=false&webcast_language=en&msToken=&referer=https://www.tiktok.com/@user9836661800791/live&root_referer=https://www.tiktok.com/@user9836661800791/live&device_id=90436620845461882465&room_id=7587003846677777173&room_ids=7587003846677777173 "HTTP/1.1 200 OK"
2025-12-23 23:55:22,809 - httpx - INFO - HTTP Request: GET https://webcast.tiktok.com/webcast/room/info/?aid=1988&app_language=en&app_name=tiktok_web&browser_language=en-JM&browser_name=Mozilla&browser_online=true&browser_platform=MacIntel&browser_version=5.0%20%28Macintosh%3B%20Intel%20Mac%20OS%20X%2010_15_7%29%20AppleWebKit%2F537.36%20%28KHTML%2C%20like%20Gecko%29%20Chrome%2F129.0.0.0%20Safari%2F537.36%20Edg%2F128.0.2739.79&cookie_enabled=true&device_platform=web_pc&focus_state=true&from_page=&history_len=5&is_fullscreen=false&is_page_visible=true&screen_height=2048&screen_width=1152&tz_name=America/Jamaica&channel=tiktok_web&data_collection_enabled=true&os=mac&priority_region=JM&region=JM&user_is_login=false&webcast_language=en&msToken=&referer=https://www.tiktok.com/@user9836661800791/live&root_referer=https://www.tiktok.com/@user9836661800791/live&device_id=13089300594971482453&room_id=7587003846677777173 "HTTP/1.1 200 OK"
2025-12-23 23:55:23,374 - httpx - INFO - HTTP Request: GET https://webcast.tiktok.com/webcast/gift/list/?aid=1988&app_language=en&app_name=tiktok_web&browser_language=en-JM&browser_name=Mozilla&browser_online=true&browser_platform=MacIntel&browser_version=5.0%20%28Macintosh%3B%20Intel%20Mac%20OS%20X%2010_15_7%29%20AppleWebKit%2F537.36%20%28KHTML%2C%20like%20Gecko%29%20Chrome%2F129.0.0.0%20Safari%2F537.36%20Edg%2F128.0.2739.79&cookie_enabled=true&device_platform=web_pc&focus_state=true&from_page=&history_len=5&is_fullscreen=false&is_page_visible=true&screen_height=2048&screen_width=1152&tz_name=America/Jamaica&channel=tiktok_web&data_collection_enabled=true&os=mac&priority_region=JM&region=JM&user_is_login=false&webcast_language=en&msToken=&referer=https://www.tiktok.com/@user9836661800791/live&root_referer=https://www.tiktok.com/@user9836661800791/live&device_id=45249985392488245463&room_id=7587003846677777173 "HTTP/1.1 200 OK"
2025-12-23 23:55:30,241 - httpx - INFO - HTTP Request: GET https://tiktok.eulerstream.com/webcast/fetch/?client=ttlive-python&room_id=7587003846677777173&user_agent=Mozilla%2F5.0+%28Macintosh%3B+Intel+Mac+OS+X+10_15_7%29+AppleWebKit%2F537.36+%28KHTML%2C+like+Gecko%29+Chrome%2F129.0.0.0+Safari%2F537.36+Edg%2F128.0.2739.79&platform=web&client_enter=true "HTTP/1.1 200 OK"
2025-12-23 23:55:30,258 - __main__ - INFO - @user9836661800791 连接成功，开始监控
2025-12-23 23:55:31,027 - httpx - INFO - HTTP Request: GET https://www.tiktok.com/@user9836661800791/live? "HTTP/1.1 200 OK"
2025-12-23 23:55:31,989 - httpx - INFO - HTTP Request: GET https://webcast.tiktok.com/webcast/room/info/?aid=1988&app_language=en&app_name=tiktok_web&browser_language=en-JM&browser_name=Mozilla&browser_online=true&browser_platform=MacIntel&browser_version=5.0%20%28Macintosh%3B%20Intel%20Mac%20OS%20X%2010_15_7%29%20AppleWebKit%2F537.36%20%28KHTML%2C%20like%20Gecko%29%20Chrome%2F129.0.0.0%20Safari%2F537.36%20Edg%2F128.0.2739.79&cookie_enabled=true&device_platform=web_pc&focus_state=true&from_page=&history_len=5&is_fullscreen=false&is_page_visible=true&screen_height=2048&screen_width=1152&tz_name=America/Jamaica&channel=tiktok_web&data_collection_enabled=true&os=mac&priority_region=JM&region=JM&user_is_login=false&webcast_language=en&msToken=&referer=https://www.tiktok.com/@user9836661800791/live&root_referer=https://www.tiktok.com/@user9836661800791/live&device_id=34508818643390144037&room_id=7587003846677777173 "HTTP/1.1 200 OK"
2025-12-23 23:55:32,591 - httpx - INFO - HTTP Request: GET https://webcast.tiktok.com/webcast/gift/list/?aid=1988&app_language=en&app_name=tiktok_web&browser_language=en-JM&browser_name=Mozilla&browser_online=true&browser_platform=MacIntel&browser_version=5.0%20%28Macintosh%3B%20Intel%20Mac%20OS%20X%2010_15_7%29%20AppleWebKit%2F537.36%20%28KHTML%2C%20like%20Gecko%29%20Chrome%2F129.0.0.0%20Safari%2F537.36%20Edg%2F128.0.2739.79&cookie_enabled=true&device_platform=web_pc&focus_state=true&from_page=&history_len=5&is_fullscreen=false&is_page_visible=true&screen_height=2048&screen_width=1152&tz_name=America/Jamaica&channel=tiktok_web&data_collection_enabled=true&os=mac&priority_region=JM&region=JM&user_is_login=false&webcast_language=en&msToken=&referer=https://www.tiktok.com/@user9836661800791/live&root_referer=https://www.tiktok.com/@user9836661800791/live&device_id=73867261460461984520&room_id=7587003846677777173 "HTTP/1.1 200 OK"
2025-12-23 23:55:32,824 - __main__ - INFO - 检查 @user9836661800791 是否在直播...
2025-12-23 23:55:32,824 - __main__ - INFO - 开始监控 @user9836661800791 的直播...
2025-12-23 23:55:33,181 - httpx - INFO - HTTP Request: GET https://webcast.tiktok.com/webcast/room/check_alive/?aid=1988&app_language=en&app_name=tiktok_web&browser_language=en-JM&browser_name=Mozilla&browser_online=true&browser_platform=MacIntel&browser_version=5.0%20%28Macintosh%3B%20Intel%20Mac%20OS%20X%2010_15_7%29%20AppleWebKit%2F537.36%20%28KHTML%2C%20like%20Gecko%29%20Chrome%2F129.0.0.0%20Safari%2F537.36%20Edg%2F128.0.2739.79&cookie_enabled=true&device_platform=web_pc&focus_state=true&from_page=&history_len=5&is_fullscreen=false&is_page_visible=true&screen_height=2048&screen_width=1152&tz_name=America/Jamaica&channel=tiktok_web&data_collection_enabled=true&os=mac&priority_region=JM&region=JM&user_is_login=false&webcast_language=en&msToken=&referer=https://www.tiktok.com/@user9836661800791/live&root_referer=https://www.tiktok.com/@user9836661800791/live&device_id=41315980641419420347&room_id=7587003846677777173&room_ids=7587003846677777173 "HTTP/1.1 200 OK"
2025-12-23 23:55:33,583 - httpx - INFO - HTTP Request: GET https://webcast.tiktok.com/webcast/room/info/?aid=1988&app_language=en&app_name=tiktok_web&browser_language=en-JM&browser_name=Mozilla&browser_online=true&browser_platform=MacIntel&browser_version=5.0%20%28Macintosh%3B%20Intel%20Mac%20OS%20X%2010_15_7%29%20AppleWebKit%2F537.36%20%28KHTML%2C%20like%20Gecko%29%20Chrome%2F129.0.0.0%20Safari%2F537.36%20Edg%2F128.0.2739.79&cookie_enabled=true&device_platform=web_pc&focus_state=true&from_page=&history_len=5&is_fullscreen=false&is_page_visible=true&screen_height=2048&screen_width=1152&tz_name=America/Jamaica&channel=tiktok_web&data_collection_enabled=true&os=mac&priority_region=JM&region=JM&user_is_login=false&webcast_language=en&msToken=&referer=https://www.tiktok.com/@user9836661800791/live&root_referer=https://www.tiktok.com/@user9836661800791/live&device_id=20777252210096949305&room_id=7587003846677777173 "HTTP/1.1 200 OK"
2025-12-23 23:55:34,261 - httpx - INFO - HTTP Request: GET https://webcast.tiktok.com/webcast/gift/list/?aid=1988&app_language=en&app_name=tiktok_web&browser_language=en-JM&browser_name=Mozilla&browser_online=true&browser_platform=MacIntel&browser_version=5.0%20%28Macintosh%3B%20Intel%20Mac%20OS%20X%2010_15_7%29%20AppleWebKit%2F537.36%20%28KHTML%2C%20like%20Gecko%29%20Chrome%2F129.0.0.0%20Safari%2F537.36%20Edg%2F128.0.2739.79&cookie_enabled=true&device_platform=web_pc&focus_state=true&from_page=&history_len=5&is_fullscreen=false&is_page_visible=true&screen_height=2048&screen_width=1152&tz_name=America/Jamaica&channel=tiktok_web&data_collection_enabled=true&os=mac&priority_region=JM&region=JM&user_is_login=false&webcast_language=en&msToken=&referer=https://www.tiktok.com/@user9836661800791/live&root_referer=https://www.tiktok.com/@user9836661800791/live&device_id=82653396382829613543&room_id=7587003846677777173 "HTTP/1.1 200 OK"
2025-12-23 23:55:35,888 - httpx - INFO - HTTP Request: GET https://tiktok.eulerstream.com/webcast/fetch/?client=ttlive-python&room_id=7587003846677777173&user_agent=Mozilla%2F5.0+%28Macintosh%3B+Intel+Mac+OS+X+10_15_7%29+AppleWebKit%2F537.36+%28KHTML%2C+like+Gecko%29+Chrome%2F129.0.0.0+Safari%2F537.36+Edg%2F128.0.2739.79&platform=web&client_enter=true "HTTP/1.1 200 OK"
2025-12-23 23:55:35,972 - __main__ - INFO - @user9836661800791 连接成功，开始监控
2025-12-23 23:55:36,596 - httpx - INFO - HTTP Request: GET https://www.tiktok.com/@user9836661800791/live? "HTTP/1.1 200 OK"
2025-12-23 23:55:37,072 - httpx - INFO - HTTP Request: GET https://webcast.tiktok.com/webcast/room/info/?aid=1988&app_language=en&app_name=tiktok_web&browser_language=en-JM&browser_name=Mozilla&browser_online=true&browser_platform=MacIntel&browser_version=5.0%20%28Macintosh%3B%20Intel%20Mac%20OS%20X%2010_15_7%29%20AppleWebKit%2F537.36%20%28KHTML%2C%20like%20Gecko%29%20Chrome%2F129.0.0.0%20Safari%2F537.36%20Edg%2F128.0.2739.79&cookie_enabled=true&device_platform=web_pc&focus_state=true&from_page=&history_len=5&is_fullscreen=false&is_page_visible=true&screen_height=2048&screen_width=1152&tz_name=America/Jamaica&channel=tiktok_web&data_collection_enabled=true&os=mac&priority_region=JM&region=JM&user_is_login=false&webcast_language=en&msToken=&referer=https://www.tiktok.com/@user9836661800791/live&root_referer=https://www.tiktok.com/@user9836661800791/live&device_id=79815652944166277778&room_id=7587003846677777173 "HTTP/1.1 200 OK"
2025-12-23 23:55:37,652 - httpx - INFO - HTTP Request: GET https://webcast.tiktok.com/webcast/gift/list/?aid=1988&app_language=en&app_name=tiktok_web&browser_language=en-JM&browser_name=Mozilla&browser_online=true&browser_platform=MacIntel&browser_version=5.0%20%28Macintosh%3B%20Intel%20Mac%20OS%20X%2010_15_7%29%20AppleWebKit%2F537.36%20%28KHTML%2C%20like%20Gecko%29%20Chrome%2F129.0.0.0%20Safari%2F537.36%20Edg%2F128.0.2739.79&cookie_enabled=true&device_platform=web_pc&focus_state=true&from_page=&history_len=5&is_fullscreen=false&is_page_visible=true&screen_height=2048&screen_width=1152&tz_name=America/Jamaica&channel=tiktok_web&data_collection_enabled=true&os=mac&priority_region=JM&region=JM&user_is_login=false&webcast_language=en&msToken=&referer=https://www.tiktok.com/@user9836661800791/live&root_referer=https://www.tiktok.com/@user9836661800791/live&device_id=94967216721635876570&room_id=7587003846677777173 "HTTP/1.1 200 OK"
2025-12-23 23:55:37,823 - __main__ - INFO - 检查 @user9836661800791 是否在直播...
2025-12-23 23:55:37,824 - __main__ - INFO - 开始监控 @user9836661800791 的直播...
2025-12-23 23:55:38,193 - httpx - INFO - HTTP Request: GET https://webcast.tiktok.com/webcast/room/check_alive/?aid=1988&app_language=en&app_name=tiktok_web&browser_language=en-JM&browser_name=Mozilla&browser_online=true&browser_platform=MacIntel&browser_version=5.0%20%28Macintosh%3B%20Intel%20Mac%20OS%20X%2010_15_7%29%20AppleWebKit%2F537.36%20%28KHTML%2C%20like%20Gecko%29%20Chrome%2F129.0.0.0%20Safari%2F537.36%20Edg%2F128.0.2739.79&cookie_enabled=true&device_platform=web_pc&focus_state=true&from_page=&history_len=5&is_fullscreen=false&is_page_visible=true&screen_height=2048&screen_width=1152&tz_name=America/Jamaica&channel=tiktok_web&data_collection_enabled=true&os=mac&priority_region=JM&region=JM&user_is_login=false&webcast_language=en&msToken=&referer=https://www.tiktok.com/@user9836661800791/live&root_referer=https://www.tiktok.com/@user9836661800791/live&device_id=81625661938835066638&room_id=7587003846677777173&room_ids=7587003846677777173 "HTTP/1.1 200 OK"
2025-12-23 23:55:38,586 - httpx - INFO - HTTP Request: GET https://webcast.tiktok.com/webcast/room/info/?aid=1988&app_language=en&app_name=tiktok_web&browser_language=en-JM&browser_name=Mozilla&browser_online=true&browser_platform=MacIntel&browser_version=5.0%20%28Macintosh%3B%20Intel%20Mac%20OS%20X%2010_15_7%29%20AppleWebKit%2F537.36%20%28KHTML%2C%20like%20Gecko%29%20Chrome%2F129.0.0.0%20Safari%2F537.36%20Edg%2F128.0.2739.79&cookie_enabled=true&device_platform=web_pc&focus_state=true&from_page=&history_len=5&is_fullscreen=false&is_page_visible=true&screen_height=2048&screen_width=1152&tz_name=America/Jamaica&channel=tiktok_web&data_collection_enabled=true&os=mac&priority_region=JM&region=JM&user_is_login=false&webcast_language=en&msToken=&referer=https://www.tiktok.com/@user9836661800791/live&root_referer=https://www.tiktok.com/@user9836661800791/live&device_id=95797836897424813036&room_id=7587003846677777173 "HTTP/1.1 200 OK"
2025-12-23 23:55:39,258 - httpx - INFO - HTTP Request: GET https://webcast.tiktok.com/webcast/gift/list/?aid=1988&app_language=en&app_name=tiktok_web&browser_language=en-JM&browser_name=Mozilla&browser_online=true&browser_platform=MacIntel&browser_version=5.0%20%28Macintosh%3B%20Intel%20Mac%20OS%20X%2010_15_7%29%20AppleWebKit%2F537.36%20%28KHTML%2C%20like%20Gecko%29%20Chrome%2F129.0.0.0%20Safari%2F537.36%20Edg%2F128.0.2739.79&cookie_enabled=true&device_platform=web_pc&focus_state=true&from_page=&history_len=5&is_fullscreen=false&is_page_visible=true&screen_height=2048&screen_width=1152&tz_name=America/Jamaica&channel=tiktok_web&data_collection_enabled=true&os=mac&priority_region=JM&region=JM&user_is_login=false&webcast_language=en&msToken=&referer=https://www.tiktok.com/@user9836661800791/live&root_referer=https://www.tiktok.com/@user9836661800791/live&device_id=95836822701454833440&room_id=7587003846677777173 "HTTP/1.1 200 OK"
2025-12-23 23:55:41,020 - httpx - INFO - HTTP Request: GET https://tiktok.eulerstream.com/webcast/fetch/?client=ttlive-python&room_id=7587003846677777173&user_agent=Mozilla%2F5.0+%28Macintosh%3B+Intel+Mac+OS+X+10_15_7%29+AppleWebKit%2F537.36+%28KHTML%2C+like+Gecko%29+Chrome%2F129.0.0.0+Safari%2F537.36+Edg%2F128.0.2739.79&platform=web&client_enter=true "HTTP/1.1 200 OK"
2025-12-23 23:55:41,215 - __main__ - INFO - @user9836661800791 连接成功，开始监控
2025-12-23 23:55:41,806 - httpx - INFO - HTTP Request: GET https://www.tiktok.com/@user9836661800791/live? "HTTP/1.1 200 OK"
2025-12-23 23:55:42,226 - httpx - INFO - HTTP Request: GET https://webcast.tiktok.com/webcast/room/info/?aid=1988&app_language=en&app_name=tiktok_web&browser_language=en-JM&browser_name=Mozilla&browser_online=true&browser_platform=MacIntel&browser_version=5.0%20%28Macintosh%3B%20Intel%20Mac%20OS%20X%2010_15_7%29%20AppleWebKit%2F537.36%20%28KHTML%2C%20like%20Gecko%29%20Chrome%2F129.0.0.0%20Safari%2F537.36%20Edg%2F128.0.2739.79&cookie_enabled=true&device_platform=web_pc&focus_state=true&from_page=&history_len=5&is_fullscreen=false&is_page_visible=true&screen_height=2048&screen_width=1152&tz_name=America/Jamaica&channel=tiktok_web&data_collection_enabled=true&os=mac&priority_region=JM&region=JM&user_is_login=false&webcast_language=en&msToken=&referer=https://www.tiktok.com/@user9836661800791/live&root_referer=https://www.tiktok.com/@user9836661800791/live&device_id=38458849151276432984&room_id=7587003846677777173 "HTTP/1.1 200 OK"
2025-12-23 23:55:42,760 - httpx - INFO - HTTP Request: GET https://webcast.tiktok.com/webcast/gift/list/?aid=1988&app_language=en&app_name=tiktok_web&browser_language=en-JM&browser_name=Mozilla&browser_online=true&browser_platform=MacIntel&browser_version=5.0%20%28Macintosh%3B%20Intel%20Mac%20OS%20X%2010_15_7%29%20AppleWebKit%2F537.36%20%28KHTML%2C%20like%20Gecko%29%20Chrome%2F129.0.0.0%20Safari%2F537.36%20Edg%2F128.0.2739.79&cookie_enabled=true&device_platform=web_pc&focus_state=true&from_page=&history_len=5&is_fullscreen=false&is_page_visible=true&screen_height=2048&screen_width=1152&tz_name=America/Jamaica&channel=tiktok_web&data_collection_enabled=true&os=mac&priority_region=JM&region=JM&user_is_login=false&webcast_language=en&msToken=&referer=https://www.tiktok.com/@user9836661800791/live&root_referer=https://www.tiktok.com/@user9836661800791/live&device_id=49532385571861793950&room_id=7587003846677777173 "HTTP/1.1 200 OK"
2025-12-23 23:55:42,949 - asyncio - ERROR - Task exception was never retrieved
future: <Task finished name='Task-587' coro=<TikTokLiveClient._ws_client_loop() done, defined at C:\Users\zilai\AppData\Local\Programs\Python\Python311\Lib\site-packages\TikTokLive\client\client.py:308> exception=TimeoutError()>
Traceback (most recent call last):
  File "C:\Users\zilai\AppData\Local\Programs\Python\Python311\Lib\site-packages\websockets\legacy\client.py", line 652, in __await_impl__
    _transport, protocol = await self._create_connection()
                           ^^^^^^^^^^^^^^^^^^^^^^^^^^^^^^^
  File "C:\Users\zilai\AppData\Local\Programs\Python\Python311\Lib\asyncio\base_events.py", line 1070, in create_connection
    sock = await self._connect_sock(
           ^^^^^^^^^^^^^^^^^^^^^^^^^
  File "C:\Users\zilai\AppData\Local\Programs\Python\Python311\Lib\asyncio\base_events.py", line 974, in _connect_sock
    await self.sock_connect(sock, address)
  File "C:\Users\zilai\AppData\Local\Programs\Python\Python311\Lib\asyncio\proactor_events.py", line 726, in sock_connect
    return await self._proactor.connect(sock, address)
           ^^^^^^^^^^^^^^^^^^^^^^^^^^^^^^^^^^^^^^^^^^^
asyncio.exceptions.CancelledError

The above exception was the direct cause of the following exception:

Traceback (most recent call last):
  File "C:\Users\zilai\AppData\Local\Programs\Python\Python311\Lib\site-packages\TikTokLive\client\client.py", line 325, in _ws_client_loop
    async for webcast_response in self._ws.connect(
  File "C:\Users\zilai\AppData\Local\Programs\Python\Python311\Lib\site-packages\TikTokLive\client\ws\ws_client.py", line 256, in connect
    async for webcast_push_frame, webcast_response in typing.cast(WebcastIterator, self._connection_generator):
  File "C:\Users\zilai\AppData\Local\Programs\Python\Python311\Lib\site-packages\TikTokLive\client\ws\ws_connect.py", line 83, in __aiter__
    async with self as protocol:
  File "C:\Users\zilai\AppData\Local\Programs\Python\Python311\Lib\site-packages\websockets\legacy\client.py", line 633, in __aenter__
    return await self
           ^^^^^^^^^^
  File "C:\Users\zilai\AppData\Local\Programs\Python\Python311\Lib\site-packages\websockets\legacy\client.py", line 650, in __await_impl__
    async with asyncio_timeout(self.open_timeout):
  File "C:\Users\zilai\AppData\Local\Programs\Python\Python311\Lib\asyncio\timeouts.py", line 115, in __aexit__
    raise TimeoutError from exc_val
TimeoutError
2025-12-23 23:55:42,952 - asyncio - ERROR - Task exception was never retrieved
future: <Task finished name='Task-586' coro=<TikTokLiveClient._ws_client_loop() done, defined at C:\Users\zilai\AppData\Local\Programs\Python\Python311\Lib\site-packages\TikTokLive\client\client.py:308> exception=TimeoutError()>
Traceback (most recent call last):
  File "C:\Users\zilai\AppData\Local\Programs\Python\Python311\Lib\site-packages\websockets\legacy\client.py", line 652, in __await_impl__
    _transport, protocol = await self._create_connection()
                           ^^^^^^^^^^^^^^^^^^^^^^^^^^^^^^^
  File "C:\Users\zilai\AppData\Local\Programs\Python\Python311\Lib\asyncio\base_events.py", line 1070, in create_connection
    sock = await self._connect_sock(
           ^^^^^^^^^^^^^^^^^^^^^^^^^
  File "C:\Users\zilai\AppData\Local\Programs\Python\Python311\Lib\asyncio\base_events.py", line 974, in _connect_sock
    await self.sock_connect(sock, address)
  File "C:\Users\zilai\AppData\Local\Programs\Python\Python311\Lib\asyncio\proactor_events.py", line 726, in sock_connect
    return await self._proactor.connect(sock, address)
           ^^^^^^^^^^^^^^^^^^^^^^^^^^^^^^^^^^^^^^^^^^^
asyncio.exceptions.CancelledError

The above exception was the direct cause of the following exception:

Traceback (most recent call last):
  File "C:\Users\zilai\AppData\Local\Programs\Python\Python311\Lib\site-packages\TikTokLive\client\client.py", line 325, in _ws_client_loop
    async for webcast_response in self._ws.connect(
  File "C:\Users\zilai\AppData\Local\Programs\Python\Python311\Lib\site-packages\TikTokLive\client\ws\ws_client.py", line 256, in connect
    async for webcast_push_frame, webcast_response in typing.cast(WebcastIterator, self._connection_generator):
  File "C:\Users\zilai\AppData\Local\Programs\Python\Python311\Lib\site-packages\TikTokLive\client\ws\ws_connect.py", line 83, in __aiter__
    async with self as protocol:
  File "C:\Users\zilai\AppData\Local\Programs\Python\Python311\Lib\site-packages\websockets\legacy\client.py", line 633, in __aenter__
    return await self
           ^^^^^^^^^^
  File "C:\Users\zilai\AppData\Local\Programs\Python\Python311\Lib\site-packages\websockets\legacy\client.py", line 650, in __await_impl__
    async with asyncio_timeout(self.open_timeout):
  File "C:\Users\zilai\AppData\Local\Programs\Python\Python311\Lib\asyncio\timeouts.py", line 115, in __aexit__
    raise TimeoutError from exc_val
TimeoutError
2025-12-23 23:55:42,957 - asyncio - ERROR - Task exception was never retrieved
future: <Task finished name='Task-588' coro=<TikTokLiveClient._ws_client_loop() done, defined at C:\Users\zilai\AppData\Local\Programs\Python\Python311\Lib\site-packages\TikTokLive\client\client.py:308> exception=TimeoutError()>
Traceback (most recent call last):
  File "C:\Users\zilai\AppData\Local\Programs\Python\Python311\Lib\site-packages\websockets\legacy\client.py", line 652, in __await_impl__
    _transport, protocol = await self._create_connection()
                           ^^^^^^^^^^^^^^^^^^^^^^^^^^^^^^^
  File "C:\Users\zilai\AppData\Local\Programs\Python\Python311\Lib\asyncio\base_events.py", line 1070, in create_connection
    sock = await self._connect_sock(
           ^^^^^^^^^^^^^^^^^^^^^^^^^
  File "C:\Users\zilai\AppData\Local\Programs\Python\Python311\Lib\asyncio\base_events.py", line 974, in _connect_sock
    await self.sock_connect(sock, address)
  File "C:\Users\zilai\AppData\Local\Programs\Python\Python311\Lib\asyncio\proactor_events.py", line 726, in sock_connect
    return await self._proactor.connect(sock, address)
           ^^^^^^^^^^^^^^^^^^^^^^^^^^^^^^^^^^^^^^^^^^^
asyncio.exceptions.CancelledError

The above exception was the direct cause of the following exception:

Traceback (most recent call last):
  File "C:\Users\zilai\AppData\Local\Programs\Python\Python311\Lib\site-packages\TikTokLive\client\client.py", line 325, in _ws_client_loop
    async for webcast_response in self._ws.connect(
  File "C:\Users\zilai\AppData\Local\Programs\Python\Python311\Lib\site-packages\TikTokLive\client\ws\ws_client.py", line 256, in connect
    async for webcast_push_frame, webcast_response in typing.cast(WebcastIterator, self._connection_generator):
  File "C:\Users\zilai\AppData\Local\Programs\Python\Python311\Lib\site-packages\TikTokLive\client\ws\ws_connect.py", line 83, in __aiter__
    async with self as protocol:
  File "C:\Users\zilai\AppData\Local\Programs\Python\Python311\Lib\site-packages\websockets\legacy\client.py", line 633, in __aenter__
    return await self
           ^^^^^^^^^^
  File "C:\Users\zilai\AppData\Local\Programs\Python\Python311\Lib\site-packages\websockets\legacy\client.py", line 650, in __await_impl__
    async with asyncio_timeout(self.open_timeout):
  File "C:\Users\zilai\AppData\Local\Programs\Python\Python311\Lib\asyncio\timeouts.py", line 115, in __aexit__
    raise TimeoutError from exc_val
TimeoutError
2025-12-23 23:55:42,959 - asyncio - ERROR - Task exception was never retrieved
future: <Task finished name='Task-589' coro=<TikTokLiveClient._ws_client_loop() done, defined at C:\Users\zilai\AppData\Local\Programs\Python\Python311\Lib\site-packages\TikTokLive\client\client.py:308> exception=TimeoutError()>
Traceback (most recent call last):
  File "C:\Users\zilai\AppData\Local\Programs\Python\Python311\Lib\site-packages\websockets\legacy\client.py", line 652, in __await_impl__
    _transport, protocol = await self._create_connection()
                           ^^^^^^^^^^^^^^^^^^^^^^^^^^^^^^^
  File "C:\Users\zilai\AppData\Local\Programs\Python\Python311\Lib\asyncio\base_events.py", line 1070, in create_connection
    sock = await self._connect_sock(
           ^^^^^^^^^^^^^^^^^^^^^^^^^
  File "C:\Users\zilai\AppData\Local\Programs\Python\Python311\Lib\asyncio\base_events.py", line 974, in _connect_sock
    await self.sock_connect(sock, address)
  File "C:\Users\zilai\AppData\Local\Programs\Python\Python311\Lib\asyncio\proactor_events.py", line 726, in sock_connect
    return await self._proactor.connect(sock, address)
           ^^^^^^^^^^^^^^^^^^^^^^^^^^^^^^^^^^^^^^^^^^^
asyncio.exceptions.CancelledError

The above exception was the direct cause of the following exception:

Traceback (most recent call last):
  File "C:\Users\zilai\AppData\Local\Programs\Python\Python311\Lib\site-packages\TikTokLive\client\client.py", line 325, in _ws_client_loop
    async for webcast_response in self._ws.connect(
  File "C:\Users\zilai\AppData\Local\Programs\Python\Python311\Lib\site-packages\TikTokLive\client\ws\ws_client.py", line 256, in connect
    async for webcast_push_frame, webcast_response in typing.cast(WebcastIterator, self._connection_generator):
  File "C:\Users\zilai\AppData\Local\Programs\Python\Python311\Lib\site-packages\TikTokLive\client\ws\ws_connect.py", line 83, in __aiter__
    async with self as protocol:
  File "C:\Users\zilai\AppData\Local\Programs\Python\Python311\Lib\site-packages\websockets\legacy\client.py", line 633, in __aenter__
    return await self
           ^^^^^^^^^^
  File "C:\Users\zilai\AppData\Local\Programs\Python\Python311\Lib\site-packages\websockets\legacy\client.py", line 650, in __await_impl__
    async with asyncio_timeout(self.open_timeout):
  File "C:\Users\zilai\AppData\Local\Programs\Python\Python311\Lib\asyncio\timeouts.py", line 115, in __aexit__
    raise TimeoutError from exc_val
TimeoutError
2025-12-23 23:55:42,973 - __main__ - INFO - 检查 @user9836661800791 是否在直播...
2025-12-23 23:55:42,974 - __main__ - INFO - 开始监控 @user9836661800791 的直播...
2025-12-23 23:55:43,290 - httpx - INFO - HTTP Request: GET https://webcast.tiktok.com/webcast/room/check_alive/?aid=1988&app_language=en&app_name=tiktok_web&browser_language=en-JM&browser_name=Mozilla&browser_online=true&browser_platform=MacIntel&browser_version=5.0%20%28Macintosh%3B%20Intel%20Mac%20OS%20X%2010_15_7%29%20AppleWebKit%2F537.36%20%28KHTML%2C%20like%20Gecko%29%20Chrome%2F129.0.0.0%20Safari%2F537.36%20Edg%2F128.0.2739.79&cookie_enabled=true&device_platform=web_pc&focus_state=true&from_page=&history_len=5&is_fullscreen=false&is_page_visible=true&screen_height=2048&screen_width=1152&tz_name=America/Jamaica&channel=tiktok_web&data_collection_enabled=true&os=mac&priority_region=JM&region=JM&user_is_login=false&webcast_language=en&msToken=&referer=https://www.tiktok.com/@user9836661800791/live&root_referer=https://www.tiktok.com/@user9836661800791/live&device_id=77795517733921475083&room_id=7587003846677777173&room_ids=7587003846677777173 "HTTP/1.1 200 OK"
2025-12-23 23:55:43,672 - httpx - INFO - HTTP Request: GET https://webcast.tiktok.com/webcast/room/info/?aid=1988&app_language=en&app_name=tiktok_web&browser_language=en-JM&browser_name=Mozilla&browser_online=true&browser_platform=MacIntel&browser_version=5.0%20%28Macintosh%3B%20Intel%20Mac%20OS%20X%2010_15_7%29%20AppleWebKit%2F537.36%20%28KHTML%2C%20like%20Gecko%29%20Chrome%2F129.0.0.0%20Safari%2F537.36%20Edg%2F128.0.2739.79&cookie_enabled=true&device_platform=web_pc&focus_state=true&from_page=&history_len=5&is_fullscreen=false&is_page_visible=true&screen_height=2048&screen_width=1152&tz_name=America/Jamaica&channel=tiktok_web&data_collection_enabled=true&os=mac&priority_region=JM&region=JM&user_is_login=false&webcast_language=en&msToken=&referer=https://www.tiktok.com/@user9836661800791/live&root_referer=https://www.tiktok.com/@user9836661800791/live&device_id=52469027929008336231&room_id=7587003846677777173 "HTTP/1.1 200 OK"
2025-12-23 23:55:44,212 - httpx - INFO - HTTP Request: GET https://webcast.tiktok.com/webcast/gift/list/?aid=1988&app_language=en&app_name=tiktok_web&browser_language=en-JM&browser_name=Mozilla&browser_online=true&browser_platform=MacIntel&browser_version=5.0%20%28Macintosh%3B%20Intel%20Mac%20OS%20X%2010_15_7%29%20AppleWebKit%2F537.36%20%28KHTML%2C%20like%20Gecko%29%20Chrome%2F129.0.0.0%20Safari%2F537.36%20Edg%2F128.0.2739.79&cookie_enabled=true&device_platform=web_pc&focus_state=true&from_page=&history_len=5&is_fullscreen=false&is_page_visible=true&screen_height=2048&screen_width=1152&tz_name=America/Jamaica&channel=tiktok_web&data_collection_enabled=true&os=mac&priority_region=JM&region=JM&user_is_login=false&webcast_language=en&msToken=&referer=https://www.tiktok.com/@user9836661800791/live&root_referer=https://www.tiktok.com/@user9836661800791/live&device_id=71611119906578677543&room_id=7587003846677777173 "HTTP/1.1 200 OK"
2025-12-23 23:55:44,811 - httpx - INFO - HTTP Request: GET https://tiktok.eulerstream.com/webcast/fetch/?client=ttlive-python&room_id=7587003846677777173&user_agent=Mozilla%2F5.0+%28Macintosh%3B+Intel+Mac+OS+X+10_15_7%29+AppleWebKit%2F537.36+%28KHTML%2C+like+Gecko%29+Chrome%2F129.0.0.0+Safari%2F537.36+Edg%2F128.0.2739.79&platform=web&client_enter=true "HTTP/1.1 429 Too Many Requests"
2025-12-23 23:55:44,812 - __main__ - ERROR - 连接直播间失败: TikTokLive v6.6.5 -> [RATE_LIMIT] (rate_limit_account_minute) Too many connections started, try again in 0 seconds. 
	|
	+---------------------------------------- SIGN SERVER MESSAGE ----------------------------------------+
	| You have reached the rate limit. Sign up for a free API key at https://www.eulerstream.com/pricing. |
	+-----------------------------------------------------------------------------------------------------+
2025-12-23 23:55:44,813 - __main__ - INFO - @user9836661800791 连接失败，30秒后重试 (连续失败: 1次)
2025-12-23 23:56:16,049 - httpx - INFO - HTTP Request: GET https://www.tiktok.com/@user9836661800791/live? "HTTP/1.1 200 OK"
2025-12-23 23:56:16,889 - httpx - INFO - HTTP Request: GET https://webcast.tiktok.com/webcast/room/info/?aid=1988&app_language=en&app_name=tiktok_web&browser_language=en-JM&browser_name=Mozilla&browser_online=true&browser_platform=MacIntel&browser_version=5.0%20%28Macintosh%3B%20Intel%20Mac%20OS%20X%2010_15_7%29%20AppleWebKit%2F537.36%20%28KHTML%2C%20like%20Gecko%29%20Chrome%2F129.0.0.0%20Safari%2F537.36%20Edg%2F128.0.2739.79&cookie_enabled=true&device_platform=web_pc&focus_state=true&from_page=&history_len=5&is_fullscreen=false&is_page_visible=true&screen_height=2048&screen_width=1152&tz_name=America/Jamaica&channel=tiktok_web&data_collection_enabled=true&os=mac&priority_region=JM&region=JM&user_is_login=false&webcast_language=en&msToken=&referer=https://www.tiktok.com/@user9836661800791/live&root_referer=https://www.tiktok.com/@user9836661800791/live&device_id=97744683396723857581&room_id=7587003846677777173 "HTTP/1.1 200 OK"
2025-12-23 23:56:17,427 - httpx - INFO - HTTP Request: GET https://webcast.tiktok.com/webcast/gift/list/?aid=1988&app_language=en&app_name=tiktok_web&browser_language=en-JM&browser_name=Mozilla&browser_online=true&browser_platform=MacIntel&browser_version=5.0%20%28Macintosh%3B%20Intel%20Mac%20OS%20X%2010_15_7%29%20AppleWebKit%2F537.36%20%28KHTML%2C%20like%20Gecko%29%20Chrome%2F129.0.0.0%20Safari%2F537.36%20Edg%2F128.0.2739.79&cookie_enabled=true&device_platform=web_pc&focus_state=true&from_page=&history_len=5&is_fullscreen=false&is_page_visible=true&screen_height=2048&screen_width=1152&tz_name=America/Jamaica&channel=tiktok_web&data_collection_enabled=true&os=mac&priority_region=JM&region=JM&user_is_login=false&webcast_language=en&msToken=&referer=https://www.tiktok.com/@user9836661800791/live&root_referer=https://www.tiktok.com/@user9836661800791/live&device_id=57455980074879899779&room_id=7587003846677777173 "HTTP/1.1 200 OK"
2025-12-23 23:56:17,718 - __main__ - INFO - 检查 @user9836661800791 是否在直播...
2025-12-23 23:56:17,719 - __main__ - INFO - 开始监控 @user9836661800791 的直播...
2025-12-23 23:56:18,016 - httpx - INFO - HTTP Request: GET https://webcast.tiktok.com/webcast/room/check_alive/?aid=1988&app_language=en&app_name=tiktok_web&browser_language=en-JM&browser_name=Mozilla&browser_online=true&browser_platform=MacIntel&browser_version=5.0%20%28Macintosh%3B%20Intel%20Mac%20OS%20X%2010_15_7%29%20AppleWebKit%2F537.36%20%28KHTML%2C%20like%20Gecko%29%20Chrome%2F129.0.0.0%20Safari%2F537.36%20Edg%2F128.0.2739.79&cookie_enabled=true&device_platform=web_pc&focus_state=true&from_page=&history_len=5&is_fullscreen=false&is_page_visible=true&screen_height=2048&screen_width=1152&tz_name=America/Jamaica&channel=tiktok_web&data_collection_enabled=true&os=mac&priority_region=JM&region=JM&user_is_login=false&webcast_language=en&msToken=&referer=https://www.tiktok.com/@user9836661800791/live&root_referer=https://www.tiktok.com/@user9836661800791/live&device_id=38873420421560989753&room_id=7587003846677777173&room_ids=7587003846677777173 "HTTP/1.1 200 OK"
2025-12-23 23:56:18,381 - httpx - INFO - HTTP Request: GET https://webcast.tiktok.com/webcast/room/info/?aid=1988&app_language=en&app_name=tiktok_web&browser_language=en-JM&browser_name=Mozilla&browser_online=true&browser_platform=MacIntel&browser_version=5.0%20%28Macintosh%3B%20Intel%20Mac%20OS%20X%2010_15_7%29%20AppleWebKit%2F537.36%20%28KHTML%2C%20like%20Gecko%29%20Chrome%2F129.0.0.0%20Safari%2F537.36%20Edg%2F128.0.2739.79&cookie_enabled=true&device_platform=web_pc&focus_state=true&from_page=&history_len=5&is_fullscreen=false&is_page_visible=true&screen_height=2048&screen_width=1152&tz_name=America/Jamaica&channel=tiktok_web&data_collection_enabled=true&os=mac&priority_region=JM&region=JM&user_is_login=false&webcast_language=en&msToken=&referer=https://www.tiktok.com/@user9836661800791/live&root_referer=https://www.tiktok.com/@user9836661800791/live&device_id=18306085797508684311&room_id=7587003846677777173 "HTTP/1.1 200 OK"
2025-12-23 23:56:19,035 - httpx - INFO - HTTP Request: GET https://webcast.tiktok.com/webcast/gift/list/?aid=1988&app_language=en&app_name=tiktok_web&browser_language=en-JM&browser_name=Mozilla&browser_online=true&browser_platform=MacIntel&browser_version=5.0%20%28Macintosh%3B%20Intel%20Mac%20OS%20X%2010_15_7%29%20AppleWebKit%2F537.36%20%28KHTML%2C%20like%20Gecko%29%20Chrome%2F129.0.0.0%20Safari%2F537.36%20Edg%2F128.0.2739.79&cookie_enabled=true&device_platform=web_pc&focus_state=true&from_page=&history_len=5&is_fullscreen=false&is_page_visible=true&screen_height=2048&screen_width=1152&tz_name=America/Jamaica&channel=tiktok_web&data_collection_enabled=true&os=mac&priority_region=JM&region=JM&user_is_login=false&webcast_language=en&msToken=&referer=https://www.tiktok.com/@user9836661800791/live&root_referer=https://www.tiktok.com/@user9836661800791/live&device_id=41332759607122360795&room_id=7587003846677777173 "HTTP/1.1 200 OK"
2025-12-23 23:56:20,773 - httpx - INFO - HTTP Request: GET https://tiktok.eulerstream.com/webcast/fetch/?client=ttlive-python&room_id=7587003846677777173&user_agent=Mozilla%2F5.0+%28Macintosh%3B+Intel+Mac+OS+X+10_15_7%29+AppleWebKit%2F537.36+%28KHTML%2C+like+Gecko%29+Chrome%2F129.0.0.0+Safari%2F537.36+Edg%2F128.0.2739.79&platform=web&client_enter=true "HTTP/1.1 200 OK"
2025-12-23 23:56:20,957 - __main__ - INFO - @user9836661800791 连接成功，开始监控
2025-12-23 23:56:21,662 - httpx - INFO - HTTP Request: GET https://www.tiktok.com/@user9836661800791/live? "HTTP/1.1 200 OK"
2025-12-23 23:56:22,247 - httpx - INFO - HTTP Request: GET https://webcast.tiktok.com/webcast/room/info/?aid=1988&app_language=en&app_name=tiktok_web&browser_language=en-JM&browser_name=Mozilla&browser_online=true&browser_platform=MacIntel&browser_version=5.0%20%28Macintosh%3B%20Intel%20Mac%20OS%20X%2010_15_7%29%20AppleWebKit%2F537.36%20%28KHTML%2C%20like%20Gecko%29%20Chrome%2F129.0.0.0%20Safari%2F537.36%20Edg%2F128.0.2739.79&cookie_enabled=true&device_platform=web_pc&focus_state=true&from_page=&history_len=5&is_fullscreen=false&is_page_visible=true&screen_height=2048&screen_width=1152&tz_name=America/Jamaica&channel=tiktok_web&data_collection_enabled=true&os=mac&priority_region=JM&region=JM&user_is_login=false&webcast_language=en&msToken=&referer=https://www.tiktok.com/@user9836661800791/live&root_referer=https://www.tiktok.com/@user9836661800791/live&device_id=13086990423705956069&room_id=7587003846677777173 "HTTP/1.1 200 OK"
2025-12-23 23:56:22,792 - httpx - INFO - HTTP Request: GET https://webcast.tiktok.com/webcast/gift/list/?aid=1988&app_language=en&app_name=tiktok_web&browser_language=en-JM&browser_name=Mozilla&browser_online=true&browser_platform=MacIntel&browser_version=5.0%20%28Macintosh%3B%20Intel%20Mac%20OS%20X%2010_15_7%29%20AppleWebKit%2F537.36%20%28KHTML%2C%20like%20Gecko%29%20Chrome%2F129.0.0.0%20Safari%2F537.36%20Edg%2F128.0.2739.79&cookie_enabled=true&device_platform=web_pc&focus_state=true&from_page=&history_len=5&is_fullscreen=false&is_page_visible=true&screen_height=2048&screen_width=1152&tz_name=America/Jamaica&channel=tiktok_web&data_collection_enabled=true&os=mac&priority_region=JM&region=JM&user_is_login=false&webcast_language=en&msToken=&referer=https://www.tiktok.com/@user9836661800791/live&root_referer=https://www.tiktok.com/@user9836661800791/live&device_id=84234383478242012056&room_id=7587003846677777173 "HTTP/1.1 200 OK"
2025-12-23 23:56:22,874 - __main__ - INFO - 检查 @user9836661800791 是否在直播...
2025-12-23 23:56:22,879 - __main__ - INFO - 开始监控 @user9836661800791 的直播...
2025-12-23 23:56:23,290 - httpx - INFO - HTTP Request: GET https://webcast.tiktok.com/webcast/room/check_alive/?aid=1988&app_language=en&app_name=tiktok_web&browser_language=en-JM&browser_name=Mozilla&browser_online=true&browser_platform=MacIntel&browser_version=5.0%20%28Macintosh%3B%20Intel%20Mac%20OS%20X%2010_15_7%29%20AppleWebKit%2F537.36%20%28KHTML%2C%20like%20Gecko%29%20Chrome%2F129.0.0.0%20Safari%2F537.36%20Edg%2F128.0.2739.79&cookie_enabled=true&device_platform=web_pc&focus_state=true&from_page=&history_len=5&is_fullscreen=false&is_page_visible=true&screen_height=2048&screen_width=1152&tz_name=America/Jamaica&channel=tiktok_web&data_collection_enabled=true&os=mac&priority_region=JM&region=JM&user_is_login=false&webcast_language=en&msToken=&referer=https://www.tiktok.com/@user9836661800791/live&root_referer=https://www.tiktok.com/@user9836661800791/live&device_id=64992573629728556438&room_id=7587003846677777173&room_ids=7587003846677777173 "HTTP/1.1 200 OK"
2025-12-23 23:56:23,660 - httpx - INFO - HTTP Request: GET https://webcast.tiktok.com/webcast/room/info/?aid=1988&app_language=en&app_name=tiktok_web&browser_language=en-JM&browser_name=Mozilla&browser_online=true&browser_platform=MacIntel&browser_version=5.0%20%28Macintosh%3B%20Intel%20Mac%20OS%20X%2010_15_7%29%20AppleWebKit%2F537.36%20%28KHTML%2C%20like%20Gecko%29%20Chrome%2F129.0.0.0%20Safari%2F537.36%20Edg%2F128.0.2739.79&cookie_enabled=true&device_platform=web_pc&focus_state=true&from_page=&history_len=5&is_fullscreen=false&is_page_visible=true&screen_height=2048&screen_width=1152&tz_name=America/Jamaica&channel=tiktok_web&data_collection_enabled=true&os=mac&priority_region=JM&region=JM&user_is_login=false&webcast_language=en&msToken=&referer=https://www.tiktok.com/@user9836661800791/live&root_referer=https://www.tiktok.com/@user9836661800791/live&device_id=47798572442058631183&room_id=7587003846677777173 "HTTP/1.1 200 OK"
2025-12-23 23:56:24,777 - httpx - INFO - HTTP Request: GET https://webcast.tiktok.com/webcast/gift/list/?aid=1988&app_language=en&app_name=tiktok_web&browser_language=en-JM&browser_name=Mozilla&browser_online=true&browser_platform=MacIntel&browser_version=5.0%20%28Macintosh%3B%20Intel%20Mac%20OS%20X%2010_15_7%29%20AppleWebKit%2F537.36%20%28KHTML%2C%20like%20Gecko%29%20Chrome%2F129.0.0.0%20Safari%2F537.36%20Edg%2F128.0.2739.79&cookie_enabled=true&device_platform=web_pc&focus_state=true&from_page=&history_len=5&is_fullscreen=false&is_page_visible=true&screen_height=2048&screen_width=1152&tz_name=America/Jamaica&channel=tiktok_web&data_collection_enabled=true&os=mac&priority_region=JM&region=JM&user_is_login=false&webcast_language=en&msToken=&referer=https://www.tiktok.com/@user9836661800791/live&root_referer=https://www.tiktok.com/@user9836661800791/live&device_id=57702840599823346937&room_id=7587003846677777173 "HTTP/1.1 200 OK"
2025-12-23 23:56:26,038 - httpx - INFO - HTTP Request: GET https://tiktok.eulerstream.com/webcast/fetch/?client=ttlive-python&room_id=7587003846677777173&user_agent=Mozilla%2F5.0+%28Macintosh%3B+Intel+Mac+OS+X+10_15_7%29+AppleWebKit%2F537.36+%28KHTML%2C+like+Gecko%29+Chrome%2F129.0.0.0+Safari%2F537.36+Edg%2F128.0.2739.79&platform=web&client_enter=true "HTTP/1.1 200 OK"
2025-12-23 23:56:26,222 - __main__ - INFO - @user9836661800791 连接成功，开始监控
2025-12-23 23:56:26,786 - httpx - INFO - HTTP Request: GET https://www.tiktok.com/@user9836661800791/live? "HTTP/1.1 200 OK"
2025-12-23 23:56:27,482 - httpx - INFO - HTTP Request: GET https://webcast.tiktok.com/webcast/room/info/?aid=1988&app_language=en&app_name=tiktok_web&browser_language=en-JM&browser_name=Mozilla&browser_online=true&browser_platform=MacIntel&browser_version=5.0%20%28Macintosh%3B%20Intel%20Mac%20OS%20X%2010_15_7%29%20AppleWebKit%2F537.36%20%28KHTML%2C%20like%20Gecko%29%20Chrome%2F129.0.0.0%20Safari%2F537.36%20Edg%2F128.0.2739.79&cookie_enabled=true&device_platform=web_pc&focus_state=true&from_page=&history_len=5&is_fullscreen=false&is_page_visible=true&screen_height=2048&screen_width=1152&tz_name=America/Jamaica&channel=tiktok_web&data_collection_enabled=true&os=mac&priority_region=JM&region=JM&user_is_login=false&webcast_language=en&msToken=&referer=https://www.tiktok.com/@user9836661800791/live&root_referer=https://www.tiktok.com/@user9836661800791/live&device_id=74499760653762160659&room_id=7587003846677777173 "HTTP/1.1 200 OK"
2025-12-23 23:56:28,039 - httpx - INFO - HTTP Request: GET https://webcast.tiktok.com/webcast/gift/list/?aid=1988&app_language=en&app_name=tiktok_web&browser_language=en-JM&browser_name=Mozilla&browser_online=true&browser_platform=MacIntel&browser_version=5.0%20%28Macintosh%3B%20Intel%20Mac%20OS%20X%2010_15_7%29%20AppleWebKit%2F537.36%20%28KHTML%2C%20like%20Gecko%29%20Chrome%2F129.0.0.0%20Safari%2F537.36%20Edg%2F128.0.2739.79&cookie_enabled=true&device_platform=web_pc&focus_state=true&from_page=&history_len=5&is_fullscreen=false&is_page_visible=true&screen_height=2048&screen_width=1152&tz_name=America/Jamaica&channel=tiktok_web&data_collection_enabled=true&os=mac&priority_region=JM&region=JM&user_is_login=false&webcast_language=en&msToken=&referer=https://www.tiktok.com/@user9836661800791/live&root_referer=https://www.tiktok.com/@user9836661800791/live&device_id=10480439694788101768&room_id=7587003846677777173 "HTTP/1.1 200 OK"
2025-12-23 23:56:28,211 - __main__ - INFO - 检查 @user9836661800791 是否在直播...
2025-12-23 23:56:28,212 - __main__ - INFO - 开始监控 @user9836661800791 的直播...
2025-12-23 23:56:28,507 - httpx - INFO - HTTP Request: GET https://webcast.tiktok.com/webcast/room/check_alive/?aid=1988&app_language=en&app_name=tiktok_web&browser_language=en-JM&browser_name=Mozilla&browser_online=true&browser_platform=MacIntel&browser_version=5.0%20%28Macintosh%3B%20Intel%20Mac%20OS%20X%2010_15_7%29%20AppleWebKit%2F537.36%20%28KHTML%2C%20like%20Gecko%29%20Chrome%2F129.0.0.0%20Safari%2F537.36%20Edg%2F128.0.2739.79&cookie_enabled=true&device_platform=web_pc&focus_state=true&from_page=&history_len=5&is_fullscreen=false&is_page_visible=true&screen_height=2048&screen_width=1152&tz_name=America/Jamaica&channel=tiktok_web&data_collection_enabled=true&os=mac&priority_region=JM&region=JM&user_is_login=false&webcast_language=en&msToken=&referer=https://www.tiktok.com/@user9836661800791/live&root_referer=https://www.tiktok.com/@user9836661800791/live&device_id=23016078297651040954&room_id=7587003846677777173&room_ids=7587003846677777173 "HTTP/1.1 200 OK"
2025-12-23 23:56:28,912 - httpx - INFO - HTTP Request: GET https://webcast.tiktok.com/webcast/room/info/?aid=1988&app_language=en&app_name=tiktok_web&browser_language=en-JM&browser_name=Mozilla&browser_online=true&browser_platform=MacIntel&browser_version=5.0%20%28Macintosh%3B%20Intel%20Mac%20OS%20X%2010_15_7%29%20AppleWebKit%2F537.36%20%28KHTML%2C%20like%20Gecko%29%20Chrome%2F129.0.0.0%20Safari%2F537.36%20Edg%2F128.0.2739.79&cookie_enabled=true&device_platform=web_pc&focus_state=true&from_page=&history_len=5&is_fullscreen=false&is_page_visible=true&screen_height=2048&screen_width=1152&tz_name=America/Jamaica&channel=tiktok_web&data_collection_enabled=true&os=mac&priority_region=JM&region=JM&user_is_login=false&webcast_language=en&msToken=&referer=https://www.tiktok.com/@user9836661800791/live&root_referer=https://www.tiktok.com/@user9836661800791/live&device_id=59104594278386591758&room_id=7587003846677777173 "HTTP/1.1 200 OK"
2025-12-23 23:56:29,456 - httpx - INFO - HTTP Request: GET https://webcast.tiktok.com/webcast/gift/list/?aid=1988&app_language=en&app_name=tiktok_web&browser_language=en-JM&browser_name=Mozilla&browser_online=true&browser_platform=MacIntel&browser_version=5.0%20%28Macintosh%3B%20Intel%20Mac%20OS%20X%2010_15_7%29%20AppleWebKit%2F537.36%20%28KHTML%2C%20like%20Gecko%29%20Chrome%2F129.0.0.0%20Safari%2F537.36%20Edg%2F128.0.2739.79&cookie_enabled=true&device_platform=web_pc&focus_state=true&from_page=&history_len=5&is_fullscreen=false&is_page_visible=true&screen_height=2048&screen_width=1152&tz_name=America/Jamaica&channel=tiktok_web&data_collection_enabled=true&os=mac&priority_region=JM&region=JM&user_is_login=false&webcast_language=en&msToken=&referer=https://www.tiktok.com/@user9836661800791/live&root_referer=https://www.tiktok.com/@user9836661800791/live&device_id=42612613063657583112&room_id=7587003846677777173 "HTTP/1.1 200 OK"
2025-12-23 23:56:30,979 - httpx - INFO - HTTP Request: GET https://tiktok.eulerstream.com/webcast/fetch/?client=ttlive-python&room_id=7587003846677777173&user_agent=Mozilla%2F5.0+%28Macintosh%3B+Intel+Mac+OS+X+10_15_7%29+AppleWebKit%2F537.36+%28KHTML%2C+like+Gecko%29+Chrome%2F129.0.0.0+Safari%2F537.36+Edg%2F128.0.2739.79&platform=web&client_enter=true "HTTP/1.1 200 OK"
2025-12-23 23:56:31,089 - __main__ - INFO - @user9836661800791 连接成功，开始监控
2025-12-23 23:56:31,588 - httpx - INFO - HTTP Request: GET https://www.tiktok.com/@user9836661800791/live? "HTTP/1.1 200 OK"
2025-12-23 23:56:32,014 - httpx - INFO - HTTP Request: GET https://webcast.tiktok.com/webcast/room/info/?aid=1988&app_language=en&app_name=tiktok_web&browser_language=en-JM&browser_name=Mozilla&browser_online=true&browser_platform=MacIntel&browser_version=5.0%20%28Macintosh%3B%20Intel%20Mac%20OS%20X%2010_15_7%29%20AppleWebKit%2F537.36%20%28KHTML%2C%20like%20Gecko%29%20Chrome%2F129.0.0.0%20Safari%2F537.36%20Edg%2F128.0.2739.79&cookie_enabled=true&device_platform=web_pc&focus_state=true&from_page=&history_len=5&is_fullscreen=false&is_page_visible=true&screen_height=2048&screen_width=1152&tz_name=America/Jamaica&channel=tiktok_web&data_collection_enabled=true&os=mac&priority_region=JM&region=JM&user_is_login=false&webcast_language=en&msToken=&referer=https://www.tiktok.com/@user9836661800791/live&root_referer=https://www.tiktok.com/@user9836661800791/live&device_id=38544718609901832610&room_id=7587003846677777173 "HTTP/1.1 200 OK"
2025-12-23 23:56:32,605 - httpx - INFO - HTTP Request: GET https://webcast.tiktok.com/webcast/gift/list/?aid=1988&app_language=en&app_name=tiktok_web&browser_language=en-JM&browser_name=Mozilla&browser_online=true&browser_platform=MacIntel&browser_version=5.0%20%28Macintosh%3B%20Intel%20Mac%20OS%20X%2010_15_7%29%20AppleWebKit%2F537.36%20%28KHTML%2C%20like%20Gecko%29%20Chrome%2F129.0.0.0%20Safari%2F537.36%20Edg%2F128.0.2739.79&cookie_enabled=true&device_platform=web_pc&focus_state=true&from_page=&history_len=5&is_fullscreen=false&is_page_visible=true&screen_height=2048&screen_width=1152&tz_name=America/Jamaica&channel=tiktok_web&data_collection_enabled=true&os=mac&priority_region=JM&region=JM&user_is_login=false&webcast_language=en&msToken=&referer=https://www.tiktok.com/@user9836661800791/live&root_referer=https://www.tiktok.com/@user9836661800791/live&device_id=53598151257235364558&room_id=7587003846677777173 "HTTP/1.1 200 OK"
2025-12-23 23:56:32,935 - asyncio - ERROR - Task exception was never retrieved
future: <Task finished name='Task-593' coro=<TikTokLiveClient._ws_client_loop() done, defined at C:\Users\zilai\AppData\Local\Programs\Python\Python311\Lib\site-packages\TikTokLive\client\client.py:308> exception=TimeoutError()>
Traceback (most recent call last):
  File "C:\Users\zilai\AppData\Local\Programs\Python\Python311\Lib\site-packages\websockets\legacy\client.py", line 652, in __await_impl__
    _transport, protocol = await self._create_connection()
                           ^^^^^^^^^^^^^^^^^^^^^^^^^^^^^^^
  File "C:\Users\zilai\AppData\Local\Programs\Python\Python311\Lib\asyncio\base_events.py", line 1070, in create_connection
    sock = await self._connect_sock(
           ^^^^^^^^^^^^^^^^^^^^^^^^^
  File "C:\Users\zilai\AppData\Local\Programs\Python\Python311\Lib\asyncio\base_events.py", line 974, in _connect_sock
    await self.sock_connect(sock, address)
  File "C:\Users\zilai\AppData\Local\Programs\Python\Python311\Lib\asyncio\proactor_events.py", line 726, in sock_connect
    return await self._proactor.connect(sock, address)
           ^^^^^^^^^^^^^^^^^^^^^^^^^^^^^^^^^^^^^^^^^^^
asyncio.exceptions.CancelledError

The above exception was the direct cause of the following exception:

Traceback (most recent call last):
  File "C:\Users\zilai\AppData\Local\Programs\Python\Python311\Lib\site-packages\TikTokLive\client\client.py", line 325, in _ws_client_loop
    async for webcast_response in self._ws.connect(
  File "C:\Users\zilai\AppData\Local\Programs\Python\Python311\Lib\site-packages\TikTokLive\client\ws\ws_client.py", line 256, in connect
    async for webcast_push_frame, webcast_response in typing.cast(WebcastIterator, self._connection_generator):
  File "C:\Users\zilai\AppData\Local\Programs\Python\Python311\Lib\site-packages\TikTokLive\client\ws\ws_connect.py", line 83, in __aiter__
    async with self as protocol:
  File "C:\Users\zilai\AppData\Local\Programs\Python\Python311\Lib\site-packages\websockets\legacy\client.py", line 633, in __aenter__
    return await self
           ^^^^^^^^^^
  File "C:\Users\zilai\AppData\Local\Programs\Python\Python311\Lib\site-packages\websockets\legacy\client.py", line 650, in __await_impl__
    async with asyncio_timeout(self.open_timeout):
  File "C:\Users\zilai\AppData\Local\Programs\Python\Python311\Lib\asyncio\timeouts.py", line 115, in __aexit__
    raise TimeoutError from exc_val
TimeoutError
2025-12-23 23:56:32,938 - asyncio - ERROR - Task exception was never retrieved
future: <Task finished name='Task-592' coro=<TikTokLiveClient._ws_client_loop() done, defined at C:\Users\zilai\AppData\Local\Programs\Python\Python311\Lib\site-packages\TikTokLive\client\client.py:308> exception=TimeoutError()>
Traceback (most recent call last):
  File "C:\Users\zilai\AppData\Local\Programs\Python\Python311\Lib\site-packages\websockets\legacy\client.py", line 652, in __await_impl__
    _transport, protocol = await self._create_connection()
                           ^^^^^^^^^^^^^^^^^^^^^^^^^^^^^^^
  File "C:\Users\zilai\AppData\Local\Programs\Python\Python311\Lib\asyncio\base_events.py", line 1070, in create_connection
    sock = await self._connect_sock(
           ^^^^^^^^^^^^^^^^^^^^^^^^^
  File "C:\Users\zilai\AppData\Local\Programs\Python\Python311\Lib\asyncio\base_events.py", line 974, in _connect_sock
    await self.sock_connect(sock, address)
  File "C:\Users\zilai\AppData\Local\Programs\Python\Python311\Lib\asyncio\proactor_events.py", line 726, in sock_connect
    return await self._proactor.connect(sock, address)
           ^^^^^^^^^^^^^^^^^^^^^^^^^^^^^^^^^^^^^^^^^^^
asyncio.exceptions.CancelledError

The above exception was the direct cause of the following exception:

Traceback (most recent call last):
  File "C:\Users\zilai\AppData\Local\Programs\Python\Python311\Lib\site-packages\TikTokLive\client\client.py", line 325, in _ws_client_loop
    async for webcast_response in self._ws.connect(
  File "C:\Users\zilai\AppData\Local\Programs\Python\Python311\Lib\site-packages\TikTokLive\client\ws\ws_client.py", line 256, in connect
    async for webcast_push_frame, webcast_response in typing.cast(WebcastIterator, self._connection_generator):
  File "C:\Users\zilai\AppData\Local\Programs\Python\Python311\Lib\site-packages\TikTokLive\client\ws\ws_connect.py", line 83, in __aiter__
    async with self as protocol:
  File "C:\Users\zilai\AppData\Local\Programs\Python\Python311\Lib\site-packages\websockets\legacy\client.py", line 633, in __aenter__
    return await self
           ^^^^^^^^^^
  File "C:\Users\zilai\AppData\Local\Programs\Python\Python311\Lib\site-packages\websockets\legacy\client.py", line 650, in __await_impl__
    async with asyncio_timeout(self.open_timeout):
  File "C:\Users\zilai\AppData\Local\Programs\Python\Python311\Lib\asyncio\timeouts.py", line 115, in __aexit__
    raise TimeoutError from exc_val
TimeoutError
2025-12-23 23:56:32,941 - asyncio - ERROR - Task exception was never retrieved
future: <Task finished name='Task-597' coro=<TikTokLiveClient._ws_client_loop() done, defined at C:\Users\zilai\AppData\Local\Programs\Python\Python311\Lib\site-packages\TikTokLive\client\client.py:308> exception=TimeoutError()>
Traceback (most recent call last):
  File "C:\Users\zilai\AppData\Local\Programs\Python\Python311\Lib\site-packages\websockets\legacy\client.py", line 652, in __await_impl__
    _transport, protocol = await self._create_connection()
                           ^^^^^^^^^^^^^^^^^^^^^^^^^^^^^^^
  File "C:\Users\zilai\AppData\Local\Programs\Python\Python311\Lib\asyncio\base_events.py", line 1070, in create_connection
    sock = await self._connect_sock(
           ^^^^^^^^^^^^^^^^^^^^^^^^^
  File "C:\Users\zilai\AppData\Local\Programs\Python\Python311\Lib\asyncio\base_events.py", line 974, in _connect_sock
    await self.sock_connect(sock, address)
  File "C:\Users\zilai\AppData\Local\Programs\Python\Python311\Lib\asyncio\proactor_events.py", line 726, in sock_connect
    return await self._proactor.connect(sock, address)
           ^^^^^^^^^^^^^^^^^^^^^^^^^^^^^^^^^^^^^^^^^^^
asyncio.exceptions.CancelledError

The above exception was the direct cause of the following exception:

Traceback (most recent call last):
  File "C:\Users\zilai\AppData\Local\Programs\Python\Python311\Lib\site-packages\TikTokLive\client\client.py", line 325, in _ws_client_loop
    async for webcast_response in self._ws.connect(
  File "C:\Users\zilai\AppData\Local\Programs\Python\Python311\Lib\site-packages\TikTokLive\client\ws\ws_client.py", line 256, in connect
    async for webcast_push_frame, webcast_response in typing.cast(WebcastIterator, self._connection_generator):
  File "C:\Users\zilai\AppData\Local\Programs\Python\Python311\Lib\site-packages\TikTokLive\client\ws\ws_connect.py", line 83, in __aiter__
    async with self as protocol:
  File "C:\Users\zilai\AppData\Local\Programs\Python\Python311\Lib\site-packages\websockets\legacy\client.py", line 633, in __aenter__
    return await self
           ^^^^^^^^^^
  File "C:\Users\zilai\AppData\Local\Programs\Python\Python311\Lib\site-packages\websockets\legacy\client.py", line 650, in __await_impl__
    async with asyncio_timeout(self.open_timeout):
  File "C:\Users\zilai\AppData\Local\Programs\Python\Python311\Lib\asyncio\timeouts.py", line 115, in __aexit__
    raise TimeoutError from exc_val
TimeoutError
2025-12-23 23:56:32,972 - __main__ - INFO - 检查 @user9836661800791 是否在直播...
2025-12-23 23:56:32,973 - __main__ - INFO - 开始监控 @user9836661800791 的直播...
2025-12-23 23:56:33,276 - httpx - INFO - HTTP Request: GET https://webcast.tiktok.com/webcast/room/check_alive/?aid=1988&app_language=en&app_name=tiktok_web&browser_language=en-JM&browser_name=Mozilla&browser_online=true&browser_platform=MacIntel&browser_version=5.0%20%28Macintosh%3B%20Intel%20Mac%20OS%20X%2010_15_7%29%20AppleWebKit%2F537.36%20%28KHTML%2C%20like%20Gecko%29%20Chrome%2F129.0.0.0%20Safari%2F537.36%20Edg%2F128.0.2739.79&cookie_enabled=true&device_platform=web_pc&focus_state=true&from_page=&history_len=5&is_fullscreen=false&is_page_visible=true&screen_height=2048&screen_width=1152&tz_name=America/Jamaica&channel=tiktok_web&data_collection_enabled=true&os=mac&priority_region=JM&region=JM&user_is_login=false&webcast_language=en&msToken=&referer=https://www.tiktok.com/@user9836661800791/live&root_referer=https://www.tiktok.com/@user9836661800791/live&device_id=85633446013043906319&room_id=7587003846677777173&room_ids=7587003846677777173 "HTTP/1.1 200 OK"
2025-12-23 23:56:33,655 - httpx - INFO - HTTP Request: GET https://webcast.tiktok.com/webcast/room/info/?aid=1988&app_language=en&app_name=tiktok_web&browser_language=en-JM&browser_name=Mozilla&browser_online=true&browser_platform=MacIntel&browser_version=5.0%20%28Macintosh%3B%20Intel%20Mac%20OS%20X%2010_15_7%29%20AppleWebKit%2F537.36%20%28KHTML%2C%20like%20Gecko%29%20Chrome%2F129.0.0.0%20Safari%2F537.36%20Edg%2F128.0.2739.79&cookie_enabled=true&device_platform=web_pc&focus_state=true&from_page=&history_len=5&is_fullscreen=false&is_page_visible=true&screen_height=2048&screen_width=1152&tz_name=America/Jamaica&channel=tiktok_web&data_collection_enabled=true&os=mac&priority_region=JM&region=JM&user_is_login=false&webcast_language=en&msToken=&referer=https://www.tiktok.com/@user9836661800791/live&root_referer=https://www.tiktok.com/@user9836661800791/live&device_id=74135629098299131917&room_id=7587003846677777173 "HTTP/1.1 200 OK"
2025-12-23 23:56:34,229 - httpx - INFO - HTTP Request: GET https://webcast.tiktok.com/webcast/gift/list/?aid=1988&app_language=en&app_name=tiktok_web&browser_language=en-JM&browser_name=Mozilla&browser_online=true&browser_platform=MacIntel&browser_version=5.0%20%28Macintosh%3B%20Intel%20Mac%20OS%20X%2010_15_7%29%20AppleWebKit%2F537.36%20%28KHTML%2C%20like%20Gecko%29%20Chrome%2F129.0.0.0%20Safari%2F537.36%20Edg%2F128.0.2739.79&cookie_enabled=true&device_platform=web_pc&focus_state=true&from_page=&history_len=5&is_fullscreen=false&is_page_visible=true&screen_height=2048&screen_width=1152&tz_name=America/Jamaica&channel=tiktok_web&data_collection_enabled=true&os=mac&priority_region=JM&region=JM&user_is_login=false&webcast_language=en&msToken=&referer=https://www.tiktok.com/@user9836661800791/live&root_referer=https://www.tiktok.com/@user9836661800791/live&device_id=97486015977733633983&room_id=7587003846677777173 "HTTP/1.1 200 OK"
2025-12-23 23:56:35,471 - httpx - INFO - HTTP Request: GET https://tiktok.eulerstream.com/webcast/fetch/?client=ttlive-python&room_id=7587003846677777173&user_agent=Mozilla%2F5.0+%28Macintosh%3B+Intel+Mac+OS+X+10_15_7%29+AppleWebKit%2F537.36+%28KHTML%2C+like+Gecko%29+Chrome%2F129.0.0.0+Safari%2F537.36+Edg%2F128.0.2739.79&platform=web&client_enter=true "HTTP/1.1 200 OK"
2025-12-23 23:56:35,488 - __main__ - INFO - @user9836661800791 连接成功，开始监控
2025-12-23 23:56:36,073 - httpx - INFO - HTTP Request: GET https://www.tiktok.com/@user9836661800791/live? "HTTP/1.1 200 OK"
2025-12-23 23:56:36,737 - httpx - INFO - HTTP Request: GET https://webcast.tiktok.com/webcast/room/info/?aid=1988&app_language=en&app_name=tiktok_web&browser_language=en-JM&browser_name=Mozilla&browser_online=true&browser_platform=MacIntel&browser_version=5.0%20%28Macintosh%3B%20Intel%20Mac%20OS%20X%2010_15_7%29%20AppleWebKit%2F537.36%20%28KHTML%2C%20like%20Gecko%29%20Chrome%2F129.0.0.0%20Safari%2F537.36%20Edg%2F128.0.2739.79&cookie_enabled=true&device_platform=web_pc&focus_state=true&from_page=&history_len=5&is_fullscreen=false&is_page_visible=true&screen_height=2048&screen_width=1152&tz_name=America/Jamaica&channel=tiktok_web&data_collection_enabled=true&os=mac&priority_region=JM&region=JM&user_is_login=false&webcast_language=en&msToken=&referer=https://www.tiktok.com/@user9836661800791/live&root_referer=https://www.tiktok.com/@user9836661800791/live&device_id=77153430277334722029&room_id=7587003846677777173 "HTTP/1.1 200 OK"
2025-12-23 23:56:37,312 - httpx - INFO - HTTP Request: GET https://webcast.tiktok.com/webcast/gift/list/?aid=1988&app_language=en&app_name=tiktok_web&browser_language=en-JM&browser_name=Mozilla&browser_online=true&browser_platform=MacIntel&browser_version=5.0%20%28Macintosh%3B%20Intel%20Mac%20OS%20X%2010_15_7%29%20AppleWebKit%2F537.36%20%28KHTML%2C%20like%20Gecko%29%20Chrome%2F129.0.0.0%20Safari%2F537.36%20Edg%2F128.0.2739.79&cookie_enabled=true&device_platform=web_pc&focus_state=true&from_page=&history_len=5&is_fullscreen=false&is_page_visible=true&screen_height=2048&screen_width=1152&tz_name=America/Jamaica&channel=tiktok_web&data_collection_enabled=true&os=mac&priority_region=JM&region=JM&user_is_login=false&webcast_language=en&msToken=&referer=https://www.tiktok.com/@user9836661800791/live&root_referer=https://www.tiktok.com/@user9836661800791/live&device_id=42728673086960335951&room_id=7587003846677777173 "HTTP/1.1 200 OK"
2025-12-23 23:56:37,529 - __main__ - INFO - 检查 @user9836661800791 是否在直播...
2025-12-23 23:56:37,531 - __main__ - INFO - 开始监控 @user9836661800791 的直播...
2025-12-23 23:56:37,843 - httpx - INFO - HTTP Request: GET https://webcast.tiktok.com/webcast/room/check_alive/?aid=1988&app_language=en&app_name=tiktok_web&browser_language=en-JM&browser_name=Mozilla&browser_online=true&browser_platform=MacIntel&browser_version=5.0%20%28Macintosh%3B%20Intel%20Mac%20OS%20X%2010_15_7%29%20AppleWebKit%2F537.36%20%28KHTML%2C%20like%20Gecko%29%20Chrome%2F129.0.0.0%20Safari%2F537.36%20Edg%2F128.0.2739.79&cookie_enabled=true&device_platform=web_pc&focus_state=true&from_page=&history_len=5&is_fullscreen=false&is_page_visible=true&screen_height=2048&screen_width=1152&tz_name=America/Jamaica&channel=tiktok_web&data_collection_enabled=true&os=mac&priority_region=JM&region=JM&user_is_login=false&webcast_language=en&msToken=&referer=https://www.tiktok.com/@user9836661800791/live&root_referer=https://www.tiktok.com/@user9836661800791/live&device_id=11377215381062680804&room_id=7587003846677777173&room_ids=7587003846677777173 "HTTP/1.1 200 OK"
2025-12-23 23:56:38,268 - httpx - INFO - HTTP Request: GET https://webcast.tiktok.com/webcast/room/info/?aid=1988&app_language=en&app_name=tiktok_web&browser_language=en-JM&browser_name=Mozilla&browser_online=true&browser_platform=MacIntel&browser_version=5.0%20%28Macintosh%3B%20Intel%20Mac%20OS%20X%2010_15_7%29%20AppleWebKit%2F537.36%20%28KHTML%2C%20like%20Gecko%29%20Chrome%2F129.0.0.0%20Safari%2F537.36%20Edg%2F128.0.2739.79&cookie_enabled=true&device_platform=web_pc&focus_state=true&from_page=&history_len=5&is_fullscreen=false&is_page_visible=true&screen_height=2048&screen_width=1152&tz_name=America/Jamaica&channel=tiktok_web&data_collection_enabled=true&os=mac&priority_region=JM&region=JM&user_is_login=false&webcast_language=en&msToken=&referer=https://www.tiktok.com/@user9836661800791/live&root_referer=https://www.tiktok.com/@user9836661800791/live&device_id=74880338444142887400&room_id=7587003846677777173 "HTTP/1.1 200 OK"
2025-12-23 23:56:38,824 - httpx - INFO - HTTP Request: GET https://webcast.tiktok.com/webcast/gift/list/?aid=1988&app_language=en&app_name=tiktok_web&browser_language=en-JM&browser_name=Mozilla&browser_online=true&browser_platform=MacIntel&browser_version=5.0%20%28Macintosh%3B%20Intel%20Mac%20OS%20X%2010_15_7%29%20AppleWebKit%2F537.36%20%28KHTML%2C%20like%20Gecko%29%20Chrome%2F129.0.0.0%20Safari%2F537.36%20Edg%2F128.0.2739.79&cookie_enabled=true&device_platform=web_pc&focus_state=true&from_page=&history_len=5&is_fullscreen=false&is_page_visible=true&screen_height=2048&screen_width=1152&tz_name=America/Jamaica&channel=tiktok_web&data_collection_enabled=true&os=mac&priority_region=JM&region=JM&user_is_login=false&webcast_language=en&msToken=&referer=https://www.tiktok.com/@user9836661800791/live&root_referer=https://www.tiktok.com/@user9836661800791/live&device_id=53466923811890816768&room_id=7587003846677777173 "HTTP/1.1 200 OK"
2025-12-23 23:56:41,702 - httpx - INFO - HTTP Request: GET https://tiktok.eulerstream.com/webcast/fetch/?client=ttlive-python&room_id=7587003846677777173&user_agent=Mozilla%2F5.0+%28Macintosh%3B+Intel+Mac+OS+X+10_15_7%29+AppleWebKit%2F537.36+%28KHTML%2C+like+Gecko%29+Chrome%2F129.0.0.0+Safari%2F537.36+Edg%2F128.0.2739.79&platform=web&client_enter=true "HTTP/1.1 200 OK"
2025-12-23 23:56:42,085 - __main__ - INFO - @user9836661800791 连接成功，开始监控
2025-12-23 23:56:42,914 - httpx - INFO - HTTP Request: GET https://www.tiktok.com/@user9836661800791/live? "HTTP/1.1 200 OK"
2025-12-23 23:56:43,495 - httpx - INFO - HTTP Request: GET https://webcast.tiktok.com/webcast/room/info/?aid=1988&app_language=en&app_name=tiktok_web&browser_language=en-JM&browser_name=Mozilla&browser_online=true&browser_platform=MacIntel&browser_version=5.0%20%28Macintosh%3B%20Intel%20Mac%20OS%20X%2010_15_7%29%20AppleWebKit%2F537.36%20%28KHTML%2C%20like%20Gecko%29%20Chrome%2F129.0.0.0%20Safari%2F537.36%20Edg%2F128.0.2739.79&cookie_enabled=true&device_platform=web_pc&focus_state=true&from_page=&history_len=5&is_fullscreen=false&is_page_visible=true&screen_height=2048&screen_width=1152&tz_name=America/Jamaica&channel=tiktok_web&data_collection_enabled=true&os=mac&priority_region=JM&region=JM&user_is_login=false&webcast_language=en&msToken=&referer=https://www.tiktok.com/@user9836661800791/live&root_referer=https://www.tiktok.com/@user9836661800791/live&device_id=19720364331576126234&room_id=7587003846677777173 "HTTP/1.1 200 OK"
2025-12-23 23:56:44,037 - httpx - INFO - HTTP Request: GET https://webcast.tiktok.com/webcast/gift/list/?aid=1988&app_language=en&app_name=tiktok_web&browser_language=en-JM&browser_name=Mozilla&browser_online=true&browser_platform=MacIntel&browser_version=5.0%20%28Macintosh%3B%20Intel%20Mac%20OS%20X%2010_15_7%29%20AppleWebKit%2F537.36%20%28KHTML%2C%20like%20Gecko%29%20Chrome%2F129.0.0.0%20Safari%2F537.36%20Edg%2F128.0.2739.79&cookie_enabled=true&device_platform=web_pc&focus_state=true&from_page=&history_len=5&is_fullscreen=false&is_page_visible=true&screen_height=2048&screen_width=1152&tz_name=America/Jamaica&channel=tiktok_web&data_collection_enabled=true&os=mac&priority_region=JM&region=JM&user_is_login=false&webcast_language=en&msToken=&referer=https://www.tiktok.com/@user9836661800791/live&root_referer=https://www.tiktok.com/@user9836661800791/live&device_id=37555827662907810851&room_id=7587003846677777173 "HTTP/1.1 200 OK"
2025-12-23 23:56:44,213 - __main__ - INFO - 检查 @user9836661800791 是否在直播...
2025-12-23 23:56:44,214 - __main__ - INFO - 开始监控 @user9836661800791 的直播...
2025-12-23 23:56:44,505 - httpx - INFO - HTTP Request: GET https://webcast.tiktok.com/webcast/room/check_alive/?aid=1988&app_language=en&app_name=tiktok_web&browser_language=en-JM&browser_name=Mozilla&browser_online=true&browser_platform=MacIntel&browser_version=5.0%20%28Macintosh%3B%20Intel%20Mac%20OS%20X%2010_15_7%29%20AppleWebKit%2F537.36%20%28KHTML%2C%20like%20Gecko%29%20Chrome%2F129.0.0.0%20Safari%2F537.36%20Edg%2F128.0.2739.79&cookie_enabled=true&device_platform=web_pc&focus_state=true&from_page=&history_len=5&is_fullscreen=false&is_page_visible=true&screen_height=2048&screen_width=1152&tz_name=America/Jamaica&channel=tiktok_web&data_collection_enabled=true&os=mac&priority_region=JM&region=JM&user_is_login=false&webcast_language=en&msToken=&referer=https://www.tiktok.com/@user9836661800791/live&root_referer=https://www.tiktok.com/@user9836661800791/live&device_id=59387083738001280966&room_id=7587003846677777173&room_ids=7587003846677777173 "HTTP/1.1 200 OK"
2025-12-23 23:56:44,881 - httpx - INFO - HTTP Request: GET https://webcast.tiktok.com/webcast/room/info/?aid=1988&app_language=en&app_name=tiktok_web&browser_language=en-JM&browser_name=Mozilla&browser_online=true&browser_platform=MacIntel&browser_version=5.0%20%28Macintosh%3B%20Intel%20Mac%20OS%20X%2010_15_7%29%20AppleWebKit%2F537.36%20%28KHTML%2C%20like%20Gecko%29%20Chrome%2F129.0.0.0%20Safari%2F537.36%20Edg%2F128.0.2739.79&cookie_enabled=true&device_platform=web_pc&focus_state=true&from_page=&history_len=5&is_fullscreen=false&is_page_visible=true&screen_height=2048&screen_width=1152&tz_name=America/Jamaica&channel=tiktok_web&data_collection_enabled=true&os=mac&priority_region=JM&region=JM&user_is_login=false&webcast_language=en&msToken=&referer=https://www.tiktok.com/@user9836661800791/live&root_referer=https://www.tiktok.com/@user9836661800791/live&device_id=48387167535733674970&room_id=7587003846677777173 "HTTP/1.1 200 OK"
2025-12-23 23:56:45,446 - httpx - INFO - HTTP Request: GET https://webcast.tiktok.com/webcast/gift/list/?aid=1988&app_language=en&app_name=tiktok_web&browser_language=en-JM&browser_name=Mozilla&browser_online=true&browser_platform=MacIntel&browser_version=5.0%20%28Macintosh%3B%20Intel%20Mac%20OS%20X%2010_15_7%29%20AppleWebKit%2F537.36%20%28KHTML%2C%20like%20Gecko%29%20Chrome%2F129.0.0.0%20Safari%2F537.36%20Edg%2F128.0.2739.79&cookie_enabled=true&device_platform=web_pc&focus_state=true&from_page=&history_len=5&is_fullscreen=false&is_page_visible=true&screen_height=2048&screen_width=1152&tz_name=America/Jamaica&channel=tiktok_web&data_collection_enabled=true&os=mac&priority_region=JM&region=JM&user_is_login=false&webcast_language=en&msToken=&referer=https://www.tiktok.com/@user9836661800791/live&root_referer=https://www.tiktok.com/@user9836661800791/live&device_id=20210595324344122751&room_id=7587003846677777173 "HTTP/1.1 200 OK"
2025-12-23 23:56:49,511 - httpx - INFO - HTTP Request: GET https://tiktok.eulerstream.com/webcast/fetch/?client=ttlive-python&room_id=7587003846677777173&user_agent=Mozilla%2F5.0+%28Macintosh%3B+Intel+Mac+OS+X+10_15_7%29+AppleWebKit%2F537.36+%28KHTML%2C+like+Gecko%29+Chrome%2F129.0.0.0+Safari%2F537.36+Edg%2F128.0.2739.79&platform=web&client_enter=true "HTTP/1.1 200 OK"
2025-12-23 23:56:49,800 - __main__ - INFO - @user9836661800791 连接成功，开始监控
2025-12-23 23:56:50,659 - httpx - INFO - HTTP Request: GET https://www.tiktok.com/@user9836661800791/live? "HTTP/1.1 200 OK"
2025-12-23 23:56:51,937 - httpx - INFO - HTTP Request: GET https://webcast.tiktok.com/webcast/room/info/?aid=1988&app_language=en&app_name=tiktok_web&browser_language=en-JM&browser_name=Mozilla&browser_online=true&browser_platform=MacIntel&browser_version=5.0%20%28Macintosh%3B%20Intel%20Mac%20OS%20X%2010_15_7%29%20AppleWebKit%2F537.36%20%28KHTML%2C%20like%20Gecko%29%20Chrome%2F129.0.0.0%20Safari%2F537.36%20Edg%2F128.0.2739.79&cookie_enabled=true&device_platform=web_pc&focus_state=true&from_page=&history_len=5&is_fullscreen=false&is_page_visible=true&screen_height=2048&screen_width=1152&tz_name=America/Jamaica&channel=tiktok_web&data_collection_enabled=true&os=mac&priority_region=JM&region=JM&user_is_login=false&webcast_language=en&msToken=&referer=https://www.tiktok.com/@user9836661800791/live&root_referer=https://www.tiktok.com/@user9836661800791/live&device_id=71750466578259468534&room_id=7587003846677777173 "HTTP/1.1 200 OK"
2025-12-23 23:56:52,373 - httpx - INFO - HTTP Request: GET https://www.tiktok.com/@momoskye_/live? "HTTP/1.1 200 OK"
2025-12-23 23:56:52,568 - __main__ - INFO - @momoskye_ 当前离线或不存在，10分钟后重试
2025-12-23 23:56:52,570 - __main__ - INFO - @momoskye_ 无法获取房间信息
2025-12-23 23:56:52,571 - __main__ - INFO - @momoskye_ 连接失败，300秒后重试 (连续失败: 15次)
2025-12-23 23:56:52,572 - httpx - INFO - HTTP Request: GET https://webcast.tiktok.com/webcast/gift/list/?aid=1988&app_language=en&app_name=tiktok_web&browser_language=en-JM&browser_name=Mozilla&browser_online=true&browser_platform=MacIntel&browser_version=5.0%20%28Macintosh%3B%20Intel%20Mac%20OS%20X%2010_15_7%29%20AppleWebKit%2F537.36%20%28KHTML%2C%20like%20Gecko%29%20Chrome%2F129.0.0.0%20Safari%2F537.36%20Edg%2F128.0.2739.79&cookie_enabled=true&device_platform=web_pc&focus_state=true&from_page=&history_len=5&is_fullscreen=false&is_page_visible=true&screen_height=2048&screen_width=1152&tz_name=America/Jamaica&channel=tiktok_web&data_collection_enabled=true&os=mac&priority_region=JM&region=JM&user_is_login=false&webcast_language=en&msToken=&referer=https://www.tiktok.com/@user9836661800791/live&root_referer=https://www.tiktok.com/@user9836661800791/live&device_id=23783207211659289930&room_id=7587003846677777173 "HTTP/1.1 200 OK"
2025-12-23 23:56:52,785 - __main__ - INFO - 检查 @user9836661800791 是否在直播...
2025-12-23 23:56:52,786 - __main__ - INFO - 开始监控 @user9836661800791 的直播...
2025-12-23 23:56:53,226 - httpx - INFO - HTTP Request: GET https://webcast.tiktok.com/webcast/room/check_alive/?aid=1988&app_language=en&app_name=tiktok_web&browser_language=en-JM&browser_name=Mozilla&browser_online=true&browser_platform=MacIntel&browser_version=5.0%20%28Macintosh%3B%20Intel%20Mac%20OS%20X%2010_15_7%29%20AppleWebKit%2F537.36%20%28KHTML%2C%20like%20Gecko%29%20Chrome%2F129.0.0.0%20Safari%2F537.36%20Edg%2F128.0.2739.79&cookie_enabled=true&device_platform=web_pc&focus_state=true&from_page=&history_len=5&is_fullscreen=false&is_page_visible=true&screen_height=2048&screen_width=1152&tz_name=America/Jamaica&channel=tiktok_web&data_collection_enabled=true&os=mac&priority_region=JM&region=JM&user_is_login=false&webcast_language=en&msToken=&referer=https://www.tiktok.com/@user9836661800791/live&root_referer=https://www.tiktok.com/@user9836661800791/live&device_id=84933065014930916441&room_id=7587003846677777173&room_ids=7587003846677777173 "HTTP/1.1 200 OK"
2025-12-23 23:56:53,616 - httpx - INFO - HTTP Request: GET https://webcast.tiktok.com/webcast/room/info/?aid=1988&app_language=en&app_name=tiktok_web&browser_language=en-JM&browser_name=Mozilla&browser_online=true&browser_platform=MacIntel&browser_version=5.0%20%28Macintosh%3B%20Intel%20Mac%20OS%20X%2010_15_7%29%20AppleWebKit%2F537.36%20%28KHTML%2C%20like%20Gecko%29%20Chrome%2F129.0.0.0%20Safari%2F537.36%20Edg%2F128.0.2739.79&cookie_enabled=true&device_platform=web_pc&focus_state=true&from_page=&history_len=5&is_fullscreen=false&is_page_visible=true&screen_height=2048&screen_width=1152&tz_name=America/Jamaica&channel=tiktok_web&data_collection_enabled=true&os=mac&priority_region=JM&region=JM&user_is_login=false&webcast_language=en&msToken=&referer=https://www.tiktok.com/@user9836661800791/live&root_referer=https://www.tiktok.com/@user9836661800791/live&device_id=63353959738288868437&room_id=7587003846677777173 "HTTP/1.1 200 OK"
2025-12-23 23:56:54,288 - httpx - INFO - HTTP Request: GET https://webcast.tiktok.com/webcast/gift/list/?aid=1988&app_language=en&app_name=tiktok_web&browser_language=en-JM&browser_name=Mozilla&browser_online=true&browser_platform=MacIntel&browser_version=5.0%20%28Macintosh%3B%20Intel%20Mac%20OS%20X%2010_15_7%29%20AppleWebKit%2F537.36%20%28KHTML%2C%20like%20Gecko%29%20Chrome%2F129.0.0.0%20Safari%2F537.36%20Edg%2F128.0.2739.79&cookie_enabled=true&device_platform=web_pc&focus_state=true&from_page=&history_len=5&is_fullscreen=false&is_page_visible=true&screen_height=2048&screen_width=1152&tz_name=America/Jamaica&channel=tiktok_web&data_collection_enabled=true&os=mac&priority_region=JM&region=JM&user_is_login=false&webcast_language=en&msToken=&referer=https://www.tiktok.com/@user9836661800791/live&root_referer=https://www.tiktok.com/@user9836661800791/live&device_id=70229701270968463895&room_id=7587003846677777173 "HTTP/1.1 200 OK"
2025-12-23 23:56:54,368 - asyncio - ERROR - Task exception was never retrieved
future: <Task finished name='Task-599' coro=<TikTokLiveClient._ws_client_loop() done, defined at C:\Users\zilai\AppData\Local\Programs\Python\Python311\Lib\site-packages\TikTokLive\client\client.py:308> exception=TimeoutError()>
Traceback (most recent call last):
  File "C:\Users\zilai\AppData\Local\Programs\Python\Python311\Lib\site-packages\websockets\legacy\client.py", line 652, in __await_impl__
    _transport, protocol = await self._create_connection()
                           ^^^^^^^^^^^^^^^^^^^^^^^^^^^^^^^
  File "C:\Users\zilai\AppData\Local\Programs\Python\Python311\Lib\asyncio\base_events.py", line 1070, in create_connection
    sock = await self._connect_sock(
           ^^^^^^^^^^^^^^^^^^^^^^^^^
  File "C:\Users\zilai\AppData\Local\Programs\Python\Python311\Lib\asyncio\base_events.py", line 974, in _connect_sock
    await self.sock_connect(sock, address)
  File "C:\Users\zilai\AppData\Local\Programs\Python\Python311\Lib\asyncio\proactor_events.py", line 726, in sock_connect
    return await self._proactor.connect(sock, address)
           ^^^^^^^^^^^^^^^^^^^^^^^^^^^^^^^^^^^^^^^^^^^
asyncio.exceptions.CancelledError

The above exception was the direct cause of the following exception:

Traceback (most recent call last):
  File "C:\Users\zilai\AppData\Local\Programs\Python\Python311\Lib\site-packages\TikTokLive\client\client.py", line 325, in _ws_client_loop
    async for webcast_response in self._ws.connect(
  File "C:\Users\zilai\AppData\Local\Programs\Python\Python311\Lib\site-packages\TikTokLive\client\ws\ws_client.py", line 256, in connect
    async for webcast_push_frame, webcast_response in typing.cast(WebcastIterator, self._connection_generator):
  File "C:\Users\zilai\AppData\Local\Programs\Python\Python311\Lib\site-packages\TikTokLive\client\ws\ws_connect.py", line 83, in __aiter__
    async with self as protocol:
  File "C:\Users\zilai\AppData\Local\Programs\Python\Python311\Lib\site-packages\websockets\legacy\client.py", line 633, in __aenter__
    return await self
           ^^^^^^^^^^
  File "C:\Users\zilai\AppData\Local\Programs\Python\Python311\Lib\site-packages\websockets\legacy\client.py", line 650, in __await_impl__
    async with asyncio_timeout(self.open_timeout):
  File "C:\Users\zilai\AppData\Local\Programs\Python\Python311\Lib\asyncio\timeouts.py", line 115, in __aexit__
    raise TimeoutError from exc_val
TimeoutError
2025-12-23 23:56:54,371 - asyncio - ERROR - Task exception was never retrieved
future: <Task finished name='Task-598' coro=<TikTokLiveClient._ws_client_loop() done, defined at C:\Users\zilai\AppData\Local\Programs\Python\Python311\Lib\site-packages\TikTokLive\client\client.py:308> exception=TimeoutError()>
Traceback (most recent call last):
  File "C:\Users\zilai\AppData\Local\Programs\Python\Python311\Lib\site-packages\websockets\legacy\client.py", line 652, in __await_impl__
    _transport, protocol = await self._create_connection()
                           ^^^^^^^^^^^^^^^^^^^^^^^^^^^^^^^
  File "C:\Users\zilai\AppData\Local\Programs\Python\Python311\Lib\asyncio\base_events.py", line 1070, in create_connection
    sock = await self._connect_sock(
           ^^^^^^^^^^^^^^^^^^^^^^^^^
  File "C:\Users\zilai\AppData\Local\Programs\Python\Python311\Lib\asyncio\base_events.py", line 974, in _connect_sock
    await self.sock_connect(sock, address)
  File "C:\Users\zilai\AppData\Local\Programs\Python\Python311\Lib\asyncio\proactor_events.py", line 726, in sock_connect
    return await self._proactor.connect(sock, address)
           ^^^^^^^^^^^^^^^^^^^^^^^^^^^^^^^^^^^^^^^^^^^
asyncio.exceptions.CancelledError

The above exception was the direct cause of the following exception:

Traceback (most recent call last):
  File "C:\Users\zilai\AppData\Local\Programs\Python\Python311\Lib\site-packages\TikTokLive\client\client.py", line 325, in _ws_client_loop
    async for webcast_response in self._ws.connect(
  File "C:\Users\zilai\AppData\Local\Programs\Python\Python311\Lib\site-packages\TikTokLive\client\ws\ws_client.py", line 256, in connect
    async for webcast_push_frame, webcast_response in typing.cast(WebcastIterator, self._connection_generator):
  File "C:\Users\zilai\AppData\Local\Programs\Python\Python311\Lib\site-packages\TikTokLive\client\ws\ws_connect.py", line 83, in __aiter__
    async with self as protocol:
  File "C:\Users\zilai\AppData\Local\Programs\Python\Python311\Lib\site-packages\websockets\legacy\client.py", line 633, in __aenter__
    return await self
           ^^^^^^^^^^
  File "C:\Users\zilai\AppData\Local\Programs\Python\Python311\Lib\site-packages\websockets\legacy\client.py", line 650, in __await_impl__
    async with asyncio_timeout(self.open_timeout):
  File "C:\Users\zilai\AppData\Local\Programs\Python\Python311\Lib\asyncio\timeouts.py", line 115, in __aexit__
    raise TimeoutError from exc_val
TimeoutError
2025-12-23 23:56:54,373 - asyncio - ERROR - Task exception was never retrieved
future: <Task finished name='Task-600' coro=<TikTokLiveClient._ws_client_loop() done, defined at C:\Users\zilai\AppData\Local\Programs\Python\Python311\Lib\site-packages\TikTokLive\client\client.py:308> exception=TimeoutError()>
Traceback (most recent call last):
  File "C:\Users\zilai\AppData\Local\Programs\Python\Python311\Lib\site-packages\websockets\legacy\client.py", line 652, in __await_impl__
    _transport, protocol = await self._create_connection()
                           ^^^^^^^^^^^^^^^^^^^^^^^^^^^^^^^
  File "C:\Users\zilai\AppData\Local\Programs\Python\Python311\Lib\asyncio\base_events.py", line 1070, in create_connection
    sock = await self._connect_sock(
           ^^^^^^^^^^^^^^^^^^^^^^^^^
  File "C:\Users\zilai\AppData\Local\Programs\Python\Python311\Lib\asyncio\base_events.py", line 974, in _connect_sock
    await self.sock_connect(sock, address)
  File "C:\Users\zilai\AppData\Local\Programs\Python\Python311\Lib\asyncio\proactor_events.py", line 726, in sock_connect
    return await self._proactor.connect(sock, address)
           ^^^^^^^^^^^^^^^^^^^^^^^^^^^^^^^^^^^^^^^^^^^
asyncio.exceptions.CancelledError

The above exception was the direct cause of the following exception:

Traceback (most recent call last):
  File "C:\Users\zilai\AppData\Local\Programs\Python\Python311\Lib\site-packages\TikTokLive\client\client.py", line 325, in _ws_client_loop
    async for webcast_response in self._ws.connect(
  File "C:\Users\zilai\AppData\Local\Programs\Python\Python311\Lib\site-packages\TikTokLive\client\ws\ws_client.py", line 256, in connect
    async for webcast_push_frame, webcast_response in typing.cast(WebcastIterator, self._connection_generator):
  File "C:\Users\zilai\AppData\Local\Programs\Python\Python311\Lib\site-packages\TikTokLive\client\ws\ws_connect.py", line 83, in __aiter__
    async with self as protocol:
  File "C:\Users\zilai\AppData\Local\Programs\Python\Python311\Lib\site-packages\websockets\legacy\client.py", line 633, in __aenter__
    return await self
           ^^^^^^^^^^
  File "C:\Users\zilai\AppData\Local\Programs\Python\Python311\Lib\site-packages\websockets\legacy\client.py", line 650, in __await_impl__
    async with asyncio_timeout(self.open_timeout):
  File "C:\Users\zilai\AppData\Local\Programs\Python\Python311\Lib\asyncio\timeouts.py", line 115, in __aexit__
    raise TimeoutError from exc_val
TimeoutError
2025-12-23 23:56:54,377 - asyncio - ERROR - Task exception was never retrieved
future: <Task finished name='Task-601' coro=<TikTokLiveClient._ws_client_loop() done, defined at C:\Users\zilai\AppData\Local\Programs\Python\Python311\Lib\site-packages\TikTokLive\client\client.py:308> exception=TimeoutError()>
Traceback (most recent call last):
  File "C:\Users\zilai\AppData\Local\Programs\Python\Python311\Lib\site-packages\websockets\legacy\client.py", line 652, in __await_impl__
    _transport, protocol = await self._create_connection()
                           ^^^^^^^^^^^^^^^^^^^^^^^^^^^^^^^
  File "C:\Users\zilai\AppData\Local\Programs\Python\Python311\Lib\asyncio\base_events.py", line 1070, in create_connection
    sock = await self._connect_sock(
           ^^^^^^^^^^^^^^^^^^^^^^^^^
  File "C:\Users\zilai\AppData\Local\Programs\Python\Python311\Lib\asyncio\base_events.py", line 974, in _connect_sock
    await self.sock_connect(sock, address)
  File "C:\Users\zilai\AppData\Local\Programs\Python\Python311\Lib\asyncio\proactor_events.py", line 726, in sock_connect
    return await self._proactor.connect(sock, address)
           ^^^^^^^^^^^^^^^^^^^^^^^^^^^^^^^^^^^^^^^^^^^
asyncio.exceptions.CancelledError

The above exception was the direct cause of the following exception:

Traceback (most recent call last):
  File "C:\Users\zilai\AppData\Local\Programs\Python\Python311\Lib\site-packages\TikTokLive\client\client.py", line 325, in _ws_client_loop
    async for webcast_response in self._ws.connect(
  File "C:\Users\zilai\AppData\Local\Programs\Python\Python311\Lib\site-packages\TikTokLive\client\ws\ws_client.py", line 256, in connect
    async for webcast_push_frame, webcast_response in typing.cast(WebcastIterator, self._connection_generator):
  File "C:\Users\zilai\AppData\Local\Programs\Python\Python311\Lib\site-packages\TikTokLive\client\ws\ws_connect.py", line 83, in __aiter__
    async with self as protocol:
  File "C:\Users\zilai\AppData\Local\Programs\Python\Python311\Lib\site-packages\websockets\legacy\client.py", line 633, in __aenter__
    return await self
           ^^^^^^^^^^
  File "C:\Users\zilai\AppData\Local\Programs\Python\Python311\Lib\site-packages\websockets\legacy\client.py", line 650, in __await_impl__
    async with asyncio_timeout(self.open_timeout):
  File "C:\Users\zilai\AppData\Local\Programs\Python\Python311\Lib\asyncio\timeouts.py", line 115, in __aexit__
    raise TimeoutError from exc_val
TimeoutError
2025-12-23 23:56:55,470 - httpx - INFO - HTTP Request: GET https://tiktok.eulerstream.com/webcast/fetch/?client=ttlive-python&room_id=7587003846677777173&user_agent=Mozilla%2F5.0+%28Macintosh%3B+Intel+Mac+OS+X+10_15_7%29+AppleWebKit%2F537.36+%28KHTML%2C+like+Gecko%29+Chrome%2F129.0.0.0+Safari%2F537.36+Edg%2F128.0.2739.79&platform=web&client_enter=true "HTTP/1.1 200 OK"
2025-12-23 23:56:55,549 - __main__ - INFO - @user9836661800791 连接成功，开始监控
2025-12-23 23:56:56,423 - httpx - INFO - HTTP Request: GET https://www.tiktok.com/@user9836661800791/live? "HTTP/1.1 200 OK"
2025-12-23 23:56:56,902 - httpx - INFO - HTTP Request: GET https://webcast.tiktok.com/webcast/room/info/?aid=1988&app_language=en&app_name=tiktok_web&browser_language=en-JM&browser_name=Mozilla&browser_online=true&browser_platform=MacIntel&browser_version=5.0%20%28Macintosh%3B%20Intel%20Mac%20OS%20X%2010_15_7%29%20AppleWebKit%2F537.36%20%28KHTML%2C%20like%20Gecko%29%20Chrome%2F129.0.0.0%20Safari%2F537.36%20Edg%2F128.0.2739.79&cookie_enabled=true&device_platform=web_pc&focus_state=true&from_page=&history_len=5&is_fullscreen=false&is_page_visible=true&screen_height=2048&screen_width=1152&tz_name=America/Jamaica&channel=tiktok_web&data_collection_enabled=true&os=mac&priority_region=JM&region=JM&user_is_login=false&webcast_language=en&msToken=&referer=https://www.tiktok.com/@user9836661800791/live&root_referer=https://www.tiktok.com/@user9836661800791/live&device_id=97285703061543926642&room_id=7587003846677777173 "HTTP/1.1 200 OK"
2025-12-23 23:56:57,500 - httpx - INFO - HTTP Request: GET https://webcast.tiktok.com/webcast/gift/list/?aid=1988&app_language=en&app_name=tiktok_web&browser_language=en-JM&browser_name=Mozilla&browser_online=true&browser_platform=MacIntel&browser_version=5.0%20%28Macintosh%3B%20Intel%20Mac%20OS%20X%2010_15_7%29%20AppleWebKit%2F537.36%20%28KHTML%2C%20like%20Gecko%29%20Chrome%2F129.0.0.0%20Safari%2F537.36%20Edg%2F128.0.2739.79&cookie_enabled=true&device_platform=web_pc&focus_state=true&from_page=&history_len=5&is_fullscreen=false&is_page_visible=true&screen_height=2048&screen_width=1152&tz_name=America/Jamaica&channel=tiktok_web&data_collection_enabled=true&os=mac&priority_region=JM&region=JM&user_is_login=false&webcast_language=en&msToken=&referer=https://www.tiktok.com/@user9836661800791/live&root_referer=https://www.tiktok.com/@user9836661800791/live&device_id=23737775573223025432&room_id=7587003846677777173 "HTTP/1.1 200 OK"
2025-12-23 23:56:57,699 - __main__ - INFO - 检查 @user9836661800791 是否在直播...
2025-12-23 23:56:57,701 - __main__ - INFO - 开始监控 @user9836661800791 的直播...
2025-12-23 23:56:58,007 - httpx - INFO - HTTP Request: GET https://webcast.tiktok.com/webcast/room/check_alive/?aid=1988&app_language=en&app_name=tiktok_web&browser_language=en-JM&browser_name=Mozilla&browser_online=true&browser_platform=MacIntel&browser_version=5.0%20%28Macintosh%3B%20Intel%20Mac%20OS%20X%2010_15_7%29%20AppleWebKit%2F537.36%20%28KHTML%2C%20like%20Gecko%29%20Chrome%2F129.0.0.0%20Safari%2F537.36%20Edg%2F128.0.2739.79&cookie_enabled=true&device_platform=web_pc&focus_state=true&from_page=&history_len=5&is_fullscreen=false&is_page_visible=true&screen_height=2048&screen_width=1152&tz_name=America/Jamaica&channel=tiktok_web&data_collection_enabled=true&os=mac&priority_region=JM&region=JM&user_is_login=false&webcast_language=en&msToken=&referer=https://www.tiktok.com/@user9836661800791/live&root_referer=https://www.tiktok.com/@user9836661800791/live&device_id=73507169360600533033&room_id=7587003846677777173&room_ids=7587003846677777173 "HTTP/1.1 200 OK"
2025-12-23 23:56:58,390 - httpx - INFO - HTTP Request: GET https://webcast.tiktok.com/webcast/room/info/?aid=1988&app_language=en&app_name=tiktok_web&browser_language=en-JM&browser_name=Mozilla&browser_online=true&browser_platform=MacIntel&browser_version=5.0%20%28Macintosh%3B%20Intel%20Mac%20OS%20X%2010_15_7%29%20AppleWebKit%2F537.36%20%28KHTML%2C%20like%20Gecko%29%20Chrome%2F129.0.0.0%20Safari%2F537.36%20Edg%2F128.0.2739.79&cookie_enabled=true&device_platform=web_pc&focus_state=true&from_page=&history_len=5&is_fullscreen=false&is_page_visible=true&screen_height=2048&screen_width=1152&tz_name=America/Jamaica&channel=tiktok_web&data_collection_enabled=true&os=mac&priority_region=JM&region=JM&user_is_login=false&webcast_language=en&msToken=&referer=https://www.tiktok.com/@user9836661800791/live&root_referer=https://www.tiktok.com/@user9836661800791/live&device_id=93723830145305940533&room_id=7587003846677777173 "HTTP/1.1 200 OK"
2025-12-23 23:56:59,124 - httpx - INFO - HTTP Request: GET https://webcast.tiktok.com/webcast/gift/list/?aid=1988&app_language=en&app_name=tiktok_web&browser_language=en-JM&browser_name=Mozilla&browser_online=true&browser_platform=MacIntel&browser_version=5.0%20%28Macintosh%3B%20Intel%20Mac%20OS%20X%2010_15_7%29%20AppleWebKit%2F537.36%20%28KHTML%2C%20like%20Gecko%29%20Chrome%2F129.0.0.0%20Safari%2F537.36%20Edg%2F128.0.2739.79&cookie_enabled=true&device_platform=web_pc&focus_state=true&from_page=&history_len=5&is_fullscreen=false&is_page_visible=true&screen_height=2048&screen_width=1152&tz_name=America/Jamaica&channel=tiktok_web&data_collection_enabled=true&os=mac&priority_region=JM&region=JM&user_is_login=false&webcast_language=en&msToken=&referer=https://www.tiktok.com/@user9836661800791/live&root_referer=https://www.tiktok.com/@user9836661800791/live&device_id=25971876711372889888&room_id=7587003846677777173 "HTTP/1.1 200 OK"
2025-12-23 23:57:00,561 - httpx - INFO - HTTP Request: GET https://tiktok.eulerstream.com/webcast/fetch/?client=ttlive-python&room_id=7587003846677777173&user_agent=Mozilla%2F5.0+%28Macintosh%3B+Intel+Mac+OS+X+10_15_7%29+AppleWebKit%2F537.36+%28KHTML%2C+like+Gecko%29+Chrome%2F129.0.0.0+Safari%2F537.36+Edg%2F128.0.2739.79&platform=web&client_enter=true "HTTP/1.1 200 OK"
2025-12-23 23:57:00,688 - __main__ - INFO - @user9836661800791 连接成功，开始监控
2025-12-23 23:57:01,092 - httpx - INFO - HTTP Request: GET https://www.tiktok.com/@user9836661800791/live? "HTTP/1.1 200 OK"
2025-12-23 23:57:01,526 - httpx - INFO - HTTP Request: GET https://webcast.tiktok.com/webcast/room/info/?aid=1988&app_language=en&app_name=tiktok_web&browser_language=en-JM&browser_name=Mozilla&browser_online=true&browser_platform=MacIntel&browser_version=5.0%20%28Macintosh%3B%20Intel%20Mac%20OS%20X%2010_15_7%29%20AppleWebKit%2F537.36%20%28KHTML%2C%20like%20Gecko%29%20Chrome%2F129.0.0.0%20Safari%2F537.36%20Edg%2F128.0.2739.79&cookie_enabled=true&device_platform=web_pc&focus_state=true&from_page=&history_len=5&is_fullscreen=false&is_page_visible=true&screen_height=2048&screen_width=1152&tz_name=America/Jamaica&channel=tiktok_web&data_collection_enabled=true&os=mac&priority_region=JM&region=JM&user_is_login=false&webcast_language=en&msToken=&referer=https://www.tiktok.com/@user9836661800791/live&root_referer=https://www.tiktok.com/@user9836661800791/live&device_id=52604032148904929920&room_id=7587003846677777173 "HTTP/1.1 200 OK"
2025-12-23 23:57:02,161 - httpx - INFO - HTTP Request: GET https://webcast.tiktok.com/webcast/gift/list/?aid=1988&app_language=en&app_name=tiktok_web&browser_language=en-JM&browser_name=Mozilla&browser_online=true&browser_platform=MacIntel&browser_version=5.0%20%28Macintosh%3B%20Intel%20Mac%20OS%20X%2010_15_7%29%20AppleWebKit%2F537.36%20%28KHTML%2C%20like%20Gecko%29%20Chrome%2F129.0.0.0%20Safari%2F537.36%20Edg%2F128.0.2739.79&cookie_enabled=true&device_platform=web_pc&focus_state=true&from_page=&history_len=5&is_fullscreen=false&is_page_visible=true&screen_height=2048&screen_width=1152&tz_name=America/Jamaica&channel=tiktok_web&data_collection_enabled=true&os=mac&priority_region=JM&region=JM&user_is_login=false&webcast_language=en&msToken=&referer=https://www.tiktok.com/@user9836661800791/live&root_referer=https://www.tiktok.com/@user9836661800791/live&device_id=70771934289484200536&room_id=7587003846677777173 "HTTP/1.1 200 OK"
2025-12-23 23:57:02,237 - __main__ - INFO - 检查 @user9836661800791 是否在直播...
2025-12-23 23:57:02,239 - __main__ - INFO - 开始监控 @user9836661800791 的直播...
2025-12-23 23:57:02,545 - httpx - INFO - HTTP Request: GET https://webcast.tiktok.com/webcast/room/check_alive/?aid=1988&app_language=en&app_name=tiktok_web&browser_language=en-JM&browser_name=Mozilla&browser_online=true&browser_platform=MacIntel&browser_version=5.0%20%28Macintosh%3B%20Intel%20Mac%20OS%20X%2010_15_7%29%20AppleWebKit%2F537.36%20%28KHTML%2C%20like%20Gecko%29%20Chrome%2F129.0.0.0%20Safari%2F537.36%20Edg%2F128.0.2739.79&cookie_enabled=true&device_platform=web_pc&focus_state=true&from_page=&history_len=5&is_fullscreen=false&is_page_visible=true&screen_height=2048&screen_width=1152&tz_name=America/Jamaica&channel=tiktok_web&data_collection_enabled=true&os=mac&priority_region=JM&region=JM&user_is_login=false&webcast_language=en&msToken=&referer=https://www.tiktok.com/@user9836661800791/live&root_referer=https://www.tiktok.com/@user9836661800791/live&device_id=62825054029667743821&room_id=7587003846677777173&room_ids=7587003846677777173 "HTTP/1.1 200 OK"
2025-12-23 23:57:02,943 - httpx - INFO - HTTP Request: GET https://webcast.tiktok.com/webcast/room/info/?aid=1988&app_language=en&app_name=tiktok_web&browser_language=en-JM&browser_name=Mozilla&browser_online=true&browser_platform=MacIntel&browser_version=5.0%20%28Macintosh%3B%20Intel%20Mac%20OS%20X%2010_15_7%29%20AppleWebKit%2F537.36%20%28KHTML%2C%20like%20Gecko%29%20Chrome%2F129.0.0.0%20Safari%2F537.36%20Edg%2F128.0.2739.79&cookie_enabled=true&device_platform=web_pc&focus_state=true&from_page=&history_len=5&is_fullscreen=false&is_page_visible=true&screen_height=2048&screen_width=1152&tz_name=America/Jamaica&channel=tiktok_web&data_collection_enabled=true&os=mac&priority_region=JM&region=JM&user_is_login=false&webcast_language=en&msToken=&referer=https://www.tiktok.com/@user9836661800791/live&root_referer=https://www.tiktok.com/@user9836661800791/live&device_id=50956332132308345777&room_id=7587003846677777173 "HTTP/1.1 200 OK"
2025-12-23 23:57:03,513 - httpx - INFO - HTTP Request: GET https://webcast.tiktok.com/webcast/gift/list/?aid=1988&app_language=en&app_name=tiktok_web&browser_language=en-JM&browser_name=Mozilla&browser_online=true&browser_platform=MacIntel&browser_version=5.0%20%28Macintosh%3B%20Intel%20Mac%20OS%20X%2010_15_7%29%20AppleWebKit%2F537.36%20%28KHTML%2C%20like%20Gecko%29%20Chrome%2F129.0.0.0%20Safari%2F537.36%20Edg%2F128.0.2739.79&cookie_enabled=true&device_platform=web_pc&focus_state=true&from_page=&history_len=5&is_fullscreen=false&is_page_visible=true&screen_height=2048&screen_width=1152&tz_name=America/Jamaica&channel=tiktok_web&data_collection_enabled=true&os=mac&priority_region=JM&region=JM&user_is_login=false&webcast_language=en&msToken=&referer=https://www.tiktok.com/@user9836661800791/live&root_referer=https://www.tiktok.com/@user9836661800791/live&device_id=60732218361443231724&room_id=7587003846677777173 "HTTP/1.1 200 OK"
2025-12-23 23:57:05,469 - httpx - INFO - HTTP Request: GET https://tiktok.eulerstream.com/webcast/fetch/?client=ttlive-python&room_id=7587003846677777173&user_agent=Mozilla%2F5.0+%28Macintosh%3B+Intel+Mac+OS+X+10_15_7%29+AppleWebKit%2F537.36+%28KHTML%2C+like+Gecko%29+Chrome%2F129.0.0.0+Safari%2F537.36+Edg%2F128.0.2739.79&platform=web&client_enter=true "HTTP/1.1 200 OK"
2025-12-23 23:57:05,736 - __main__ - INFO - @user9836661800791 连接成功，开始监控
2025-12-23 23:57:06,383 - httpx - INFO - HTTP Request: GET https://www.tiktok.com/@user9836661800791/live? "HTTP/1.1 200 OK"
2025-12-23 23:57:06,909 - httpx - INFO - HTTP Request: GET https://webcast.tiktok.com/webcast/room/info/?aid=1988&app_language=en&app_name=tiktok_web&browser_language=en-JM&browser_name=Mozilla&browser_online=true&browser_platform=MacIntel&browser_version=5.0%20%28Macintosh%3B%20Intel%20Mac%20OS%20X%2010_15_7%29%20AppleWebKit%2F537.36%20%28KHTML%2C%20like%20Gecko%29%20Chrome%2F129.0.0.0%20Safari%2F537.36%20Edg%2F128.0.2739.79&cookie_enabled=true&device_platform=web_pc&focus_state=true&from_page=&history_len=5&is_fullscreen=false&is_page_visible=true&screen_height=2048&screen_width=1152&tz_name=America/Jamaica&channel=tiktok_web&data_collection_enabled=true&os=mac&priority_region=JM&region=JM&user_is_login=false&webcast_language=en&msToken=&referer=https://www.tiktok.com/@user9836661800791/live&root_referer=https://www.tiktok.com/@user9836661800791/live&device_id=49395996361320491050&room_id=7587003846677777173 "HTTP/1.1 200 OK"
2025-12-23 23:57:07,411 - httpx - INFO - HTTP Request: GET https://webcast.tiktok.com/webcast/gift/list/?aid=1988&app_language=en&app_name=tiktok_web&browser_language=en-JM&browser_name=Mozilla&browser_online=true&browser_platform=MacIntel&browser_version=5.0%20%28Macintosh%3B%20Intel%20Mac%20OS%20X%2010_15_7%29%20AppleWebKit%2F537.36%20%28KHTML%2C%20like%20Gecko%29%20Chrome%2F129.0.0.0%20Safari%2F537.36%20Edg%2F128.0.2739.79&cookie_enabled=true&device_platform=web_pc&focus_state=true&from_page=&history_len=5&is_fullscreen=false&is_page_visible=true&screen_height=2048&screen_width=1152&tz_name=America/Jamaica&channel=tiktok_web&data_collection_enabled=true&os=mac&priority_region=JM&region=JM&user_is_login=false&webcast_language=en&msToken=&referer=https://www.tiktok.com/@user9836661800791/live&root_referer=https://www.tiktok.com/@user9836661800791/live&device_id=99236450537926118597&room_id=7587003846677777173 "HTTP/1.1 200 OK"
2025-12-23 23:57:07,593 - __main__ - INFO - 检查 @user9836661800791 是否在直播...
2025-12-23 23:57:07,594 - __main__ - INFO - 开始监控 @user9836661800791 的直播...
2025-12-23 23:57:07,918 - httpx - INFO - HTTP Request: GET https://webcast.tiktok.com/webcast/room/check_alive/?aid=1988&app_language=en&app_name=tiktok_web&browser_language=en-JM&browser_name=Mozilla&browser_online=true&browser_platform=MacIntel&browser_version=5.0%20%28Macintosh%3B%20Intel%20Mac%20OS%20X%2010_15_7%29%20AppleWebKit%2F537.36%20%28KHTML%2C%20like%20Gecko%29%20Chrome%2F129.0.0.0%20Safari%2F537.36%20Edg%2F128.0.2739.79&cookie_enabled=true&device_platform=web_pc&focus_state=true&from_page=&history_len=5&is_fullscreen=false&is_page_visible=true&screen_height=2048&screen_width=1152&tz_name=America/Jamaica&channel=tiktok_web&data_collection_enabled=true&os=mac&priority_region=JM&region=JM&user_is_login=false&webcast_language=en&msToken=&referer=https://www.tiktok.com/@user9836661800791/live&root_referer=https://www.tiktok.com/@user9836661800791/live&device_id=61546734245658681936&room_id=7587003846677777173&room_ids=7587003846677777173 "HTTP/1.1 200 OK"
2025-12-23 23:57:08,330 - httpx - INFO - HTTP Request: GET https://webcast.tiktok.com/webcast/room/info/?aid=1988&app_language=en&app_name=tiktok_web&browser_language=en-JM&browser_name=Mozilla&browser_online=true&browser_platform=MacIntel&browser_version=5.0%20%28Macintosh%3B%20Intel%20Mac%20OS%20X%2010_15_7%29%20AppleWebKit%2F537.36%20%28KHTML%2C%20like%20Gecko%29%20Chrome%2F129.0.0.0%20Safari%2F537.36%20Edg%2F128.0.2739.79&cookie_enabled=true&device_platform=web_pc&focus_state=true&from_page=&history_len=5&is_fullscreen=false&is_page_visible=true&screen_height=2048&screen_width=1152&tz_name=America/Jamaica&channel=tiktok_web&data_collection_enabled=true&os=mac&priority_region=JM&region=JM&user_is_login=false&webcast_language=en&msToken=&referer=https://www.tiktok.com/@user9836661800791/live&root_referer=https://www.tiktok.com/@user9836661800791/live&device_id=83192856974277944126&room_id=7587003846677777173 "HTTP/1.1 200 OK"
2025-12-23 23:57:08,906 - httpx - INFO - HTTP Request: GET https://webcast.tiktok.com/webcast/gift/list/?aid=1988&app_language=en&app_name=tiktok_web&browser_language=en-JM&browser_name=Mozilla&browser_online=true&browser_platform=MacIntel&browser_version=5.0%20%28Macintosh%3B%20Intel%20Mac%20OS%20X%2010_15_7%29%20AppleWebKit%2F537.36%20%28KHTML%2C%20like%20Gecko%29%20Chrome%2F129.0.0.0%20Safari%2F537.36%20Edg%2F128.0.2739.79&cookie_enabled=true&device_platform=web_pc&focus_state=true&from_page=&history_len=5&is_fullscreen=false&is_page_visible=true&screen_height=2048&screen_width=1152&tz_name=America/Jamaica&channel=tiktok_web&data_collection_enabled=true&os=mac&priority_region=JM&region=JM&user_is_login=false&webcast_language=en&msToken=&referer=https://www.tiktok.com/@user9836661800791/live&root_referer=https://www.tiktok.com/@user9836661800791/live&device_id=36135391312177872473&room_id=7587003846677777173 "HTTP/1.1 200 OK"
2025-12-23 23:57:14,900 - httpx - INFO - HTTP Request: GET https://tiktok.eulerstream.com/webcast/fetch/?client=ttlive-python&room_id=7587003846677777173&user_agent=Mozilla%2F5.0+%28Macintosh%3B+Intel+Mac+OS+X+10_15_7%29+AppleWebKit%2F537.36+%28KHTML%2C+like+Gecko%29+Chrome%2F129.0.0.0+Safari%2F537.36+Edg%2F128.0.2739.79&platform=web&client_enter=true "HTTP/1.1 200 OK"
2025-12-23 23:57:14,972 - __main__ - INFO - @user9836661800791 连接成功，开始监控
2025-12-23 23:57:16,249 - httpx - INFO - HTTP Request: GET https://www.tiktok.com/@user9836661800791/live? "HTTP/1.1 200 OK"
2025-12-23 23:57:16,991 - httpx - INFO - HTTP Request: GET https://webcast.tiktok.com/webcast/room/info/?aid=1988&app_language=en&app_name=tiktok_web&browser_language=en-JM&browser_name=Mozilla&browser_online=true&browser_platform=MacIntel&browser_version=5.0%20%28Macintosh%3B%20Intel%20Mac%20OS%20X%2010_15_7%29%20AppleWebKit%2F537.36%20%28KHTML%2C%20like%20Gecko%29%20Chrome%2F129.0.0.0%20Safari%2F537.36%20Edg%2F128.0.2739.79&cookie_enabled=true&device_platform=web_pc&focus_state=true&from_page=&history_len=5&is_fullscreen=false&is_page_visible=true&screen_height=2048&screen_width=1152&tz_name=America/Jamaica&channel=tiktok_web&data_collection_enabled=true&os=mac&priority_region=JM&region=JM&user_is_login=false&webcast_language=en&msToken=&referer=https://www.tiktok.com/@user9836661800791/live&root_referer=https://www.tiktok.com/@user9836661800791/live&device_id=57404102770542158886&room_id=7587003846677777173 "HTTP/1.1 200 OK"
2025-12-23 23:57:17,623 - httpx - INFO - HTTP Request: GET https://webcast.tiktok.com/webcast/gift/list/?aid=1988&app_language=en&app_name=tiktok_web&browser_language=en-JM&browser_name=Mozilla&browser_online=true&browser_platform=MacIntel&browser_version=5.0%20%28Macintosh%3B%20Intel%20Mac%20OS%20X%2010_15_7%29%20AppleWebKit%2F537.36%20%28KHTML%2C%20like%20Gecko%29%20Chrome%2F129.0.0.0%20Safari%2F537.36%20Edg%2F128.0.2739.79&cookie_enabled=true&device_platform=web_pc&focus_state=true&from_page=&history_len=5&is_fullscreen=false&is_page_visible=true&screen_height=2048&screen_width=1152&tz_name=America/Jamaica&channel=tiktok_web&data_collection_enabled=true&os=mac&priority_region=JM&region=JM&user_is_login=false&webcast_language=en&msToken=&referer=https://www.tiktok.com/@user9836661800791/live&root_referer=https://www.tiktok.com/@user9836661800791/live&device_id=26097467022508209503&room_id=7587003846677777173 "HTTP/1.1 200 OK"
2025-12-23 23:57:18,003 - __main__ - INFO - 检查 @user9836661800791 是否在直播...
2025-12-23 23:57:18,006 - __main__ - INFO - 开始监控 @user9836661800791 的直播...
2025-12-23 23:57:18,318 - httpx - INFO - HTTP Request: GET https://webcast.tiktok.com/webcast/room/check_alive/?aid=1988&app_language=en&app_name=tiktok_web&browser_language=en-JM&browser_name=Mozilla&browser_online=true&browser_platform=MacIntel&browser_version=5.0%20%28Macintosh%3B%20Intel%20Mac%20OS%20X%2010_15_7%29%20AppleWebKit%2F537.36%20%28KHTML%2C%20like%20Gecko%29%20Chrome%2F129.0.0.0%20Safari%2F537.36%20Edg%2F128.0.2739.79&cookie_enabled=true&device_platform=web_pc&focus_state=true&from_page=&history_len=5&is_fullscreen=false&is_page_visible=true&screen_height=2048&screen_width=1152&tz_name=America/Jamaica&channel=tiktok_web&data_collection_enabled=true&os=mac&priority_region=JM&region=JM&user_is_login=false&webcast_language=en&msToken=&referer=https://www.tiktok.com/@user9836661800791/live&root_referer=https://www.tiktok.com/@user9836661800791/live&device_id=49245953514908716664&room_id=7587003846677777173&room_ids=7587003846677777173 "HTTP/1.1 200 OK"
2025-12-23 23:57:18,703 - httpx - INFO - HTTP Request: GET https://webcast.tiktok.com/webcast/room/info/?aid=1988&app_language=en&app_name=tiktok_web&browser_language=en-JM&browser_name=Mozilla&browser_online=true&browser_platform=MacIntel&browser_version=5.0%20%28Macintosh%3B%20Intel%20Mac%20OS%20X%2010_15_7%29%20AppleWebKit%2F537.36%20%28KHTML%2C%20like%20Gecko%29%20Chrome%2F129.0.0.0%20Safari%2F537.36%20Edg%2F128.0.2739.79&cookie_enabled=true&device_platform=web_pc&focus_state=true&from_page=&history_len=5&is_fullscreen=false&is_page_visible=true&screen_height=2048&screen_width=1152&tz_name=America/Jamaica&channel=tiktok_web&data_collection_enabled=true&os=mac&priority_region=JM&region=JM&user_is_login=false&webcast_language=en&msToken=&referer=https://www.tiktok.com/@user9836661800791/live&root_referer=https://www.tiktok.com/@user9836661800791/live&device_id=39513208354584146138&room_id=7587003846677777173 "HTTP/1.1 200 OK"
2025-12-23 23:57:19,242 - httpx - INFO - HTTP Request: GET https://webcast.tiktok.com/webcast/gift/list/?aid=1988&app_language=en&app_name=tiktok_web&browser_language=en-JM&browser_name=Mozilla&browser_online=true&browser_platform=MacIntel&browser_version=5.0%20%28Macintosh%3B%20Intel%20Mac%20OS%20X%2010_15_7%29%20AppleWebKit%2F537.36%20%28KHTML%2C%20like%20Gecko%29%20Chrome%2F129.0.0.0%20Safari%2F537.36%20Edg%2F128.0.2739.79&cookie_enabled=true&device_platform=web_pc&focus_state=true&from_page=&history_len=5&is_fullscreen=false&is_page_visible=true&screen_height=2048&screen_width=1152&tz_name=America/Jamaica&channel=tiktok_web&data_collection_enabled=true&os=mac&priority_region=JM&region=JM&user_is_login=false&webcast_language=en&msToken=&referer=https://www.tiktok.com/@user9836661800791/live&root_referer=https://www.tiktok.com/@user9836661800791/live&device_id=80877959525485322232&room_id=7587003846677777173 "HTTP/1.1 200 OK"
2025-12-23 23:57:19,673 - asyncio - ERROR - Task exception was never retrieved
future: <Task finished name='Task-603' coro=<TikTokLiveClient._ws_client_loop() done, defined at C:\Users\zilai\AppData\Local\Programs\Python\Python311\Lib\site-packages\TikTokLive\client\client.py:308> exception=TimeoutError()>
Traceback (most recent call last):
  File "C:\Users\zilai\AppData\Local\Programs\Python\Python311\Lib\site-packages\websockets\legacy\client.py", line 652, in __await_impl__
    _transport, protocol = await self._create_connection()
                           ^^^^^^^^^^^^^^^^^^^^^^^^^^^^^^^
  File "C:\Users\zilai\AppData\Local\Programs\Python\Python311\Lib\asyncio\base_events.py", line 1070, in create_connection
    sock = await self._connect_sock(
           ^^^^^^^^^^^^^^^^^^^^^^^^^
  File "C:\Users\zilai\AppData\Local\Programs\Python\Python311\Lib\asyncio\base_events.py", line 974, in _connect_sock
    await self.sock_connect(sock, address)
  File "C:\Users\zilai\AppData\Local\Programs\Python\Python311\Lib\asyncio\proactor_events.py", line 726, in sock_connect
    return await self._proactor.connect(sock, address)
           ^^^^^^^^^^^^^^^^^^^^^^^^^^^^^^^^^^^^^^^^^^^
asyncio.exceptions.CancelledError

The above exception was the direct cause of the following exception:

Traceback (most recent call last):
  File "C:\Users\zilai\AppData\Local\Programs\Python\Python311\Lib\site-packages\TikTokLive\client\client.py", line 325, in _ws_client_loop
    async for webcast_response in self._ws.connect(
  File "C:\Users\zilai\AppData\Local\Programs\Python\Python311\Lib\site-packages\TikTokLive\client\ws\ws_client.py", line 256, in connect
    async for webcast_push_frame, webcast_response in typing.cast(WebcastIterator, self._connection_generator):
  File "C:\Users\zilai\AppData\Local\Programs\Python\Python311\Lib\site-packages\TikTokLive\client\ws\ws_connect.py", line 83, in __aiter__
    async with self as protocol:
  File "C:\Users\zilai\AppData\Local\Programs\Python\Python311\Lib\site-packages\websockets\legacy\client.py", line 633, in __aenter__
    return await self
           ^^^^^^^^^^
  File "C:\Users\zilai\AppData\Local\Programs\Python\Python311\Lib\site-packages\websockets\legacy\client.py", line 650, in __await_impl__
    async with asyncio_timeout(self.open_timeout):
  File "C:\Users\zilai\AppData\Local\Programs\Python\Python311\Lib\asyncio\timeouts.py", line 115, in __aexit__
    raise TimeoutError from exc_val
TimeoutError
2025-12-23 23:57:19,676 - asyncio - ERROR - Task exception was never retrieved
future: <Task finished name='Task-607' coro=<TikTokLiveClient._ws_client_loop() done, defined at C:\Users\zilai\AppData\Local\Programs\Python\Python311\Lib\site-packages\TikTokLive\client\client.py:308> exception=TimeoutError()>
Traceback (most recent call last):
  File "C:\Users\zilai\AppData\Local\Programs\Python\Python311\Lib\site-packages\websockets\legacy\client.py", line 652, in __await_impl__
    _transport, protocol = await self._create_connection()
                           ^^^^^^^^^^^^^^^^^^^^^^^^^^^^^^^
  File "C:\Users\zilai\AppData\Local\Programs\Python\Python311\Lib\asyncio\base_events.py", line 1070, in create_connection
    sock = await self._connect_sock(
           ^^^^^^^^^^^^^^^^^^^^^^^^^
  File "C:\Users\zilai\AppData\Local\Programs\Python\Python311\Lib\asyncio\base_events.py", line 974, in _connect_sock
    await self.sock_connect(sock, address)
  File "C:\Users\zilai\AppData\Local\Programs\Python\Python311\Lib\asyncio\proactor_events.py", line 726, in sock_connect
    return await self._proactor.connect(sock, address)
           ^^^^^^^^^^^^^^^^^^^^^^^^^^^^^^^^^^^^^^^^^^^
asyncio.exceptions.CancelledError

The above exception was the direct cause of the following exception:

Traceback (most recent call last):
  File "C:\Users\zilai\AppData\Local\Programs\Python\Python311\Lib\site-packages\TikTokLive\client\client.py", line 325, in _ws_client_loop
    async for webcast_response in self._ws.connect(
  File "C:\Users\zilai\AppData\Local\Programs\Python\Python311\Lib\site-packages\TikTokLive\client\ws\ws_client.py", line 256, in connect
    async for webcast_push_frame, webcast_response in typing.cast(WebcastIterator, self._connection_generator):
  File "C:\Users\zilai\AppData\Local\Programs\Python\Python311\Lib\site-packages\TikTokLive\client\ws\ws_connect.py", line 83, in __aiter__
    async with self as protocol:
  File "C:\Users\zilai\AppData\Local\Programs\Python\Python311\Lib\site-packages\websockets\legacy\client.py", line 633, in __aenter__
    return await self
           ^^^^^^^^^^
  File "C:\Users\zilai\AppData\Local\Programs\Python\Python311\Lib\site-packages\websockets\legacy\client.py", line 650, in __await_impl__
    async with asyncio_timeout(self.open_timeout):
  File "C:\Users\zilai\AppData\Local\Programs\Python\Python311\Lib\asyncio\timeouts.py", line 115, in __aexit__
    raise TimeoutError from exc_val
TimeoutError
2025-12-23 23:57:19,678 - asyncio - ERROR - Task exception was never retrieved
future: <Task finished name='Task-608' coro=<TikTokLiveClient._ws_client_loop() done, defined at C:\Users\zilai\AppData\Local\Programs\Python\Python311\Lib\site-packages\TikTokLive\client\client.py:308> exception=TimeoutError()>
Traceback (most recent call last):
  File "C:\Users\zilai\AppData\Local\Programs\Python\Python311\Lib\site-packages\websockets\legacy\client.py", line 652, in __await_impl__
    _transport, protocol = await self._create_connection()
                           ^^^^^^^^^^^^^^^^^^^^^^^^^^^^^^^
  File "C:\Users\zilai\AppData\Local\Programs\Python\Python311\Lib\asyncio\base_events.py", line 1070, in create_connection
    sock = await self._connect_sock(
           ^^^^^^^^^^^^^^^^^^^^^^^^^
  File "C:\Users\zilai\AppData\Local\Programs\Python\Python311\Lib\asyncio\base_events.py", line 974, in _connect_sock
    await self.sock_connect(sock, address)
  File "C:\Users\zilai\AppData\Local\Programs\Python\Python311\Lib\asyncio\proactor_events.py", line 726, in sock_connect
    return await self._proactor.connect(sock, address)
           ^^^^^^^^^^^^^^^^^^^^^^^^^^^^^^^^^^^^^^^^^^^
asyncio.exceptions.CancelledError

The above exception was the direct cause of the following exception:

Traceback (most recent call last):
  File "C:\Users\zilai\AppData\Local\Programs\Python\Python311\Lib\site-packages\TikTokLive\client\client.py", line 325, in _ws_client_loop
    async for webcast_response in self._ws.connect(
  File "C:\Users\zilai\AppData\Local\Programs\Python\Python311\Lib\site-packages\TikTokLive\client\ws\ws_client.py", line 256, in connect
    async for webcast_push_frame, webcast_response in typing.cast(WebcastIterator, self._connection_generator):
  File "C:\Users\zilai\AppData\Local\Programs\Python\Python311\Lib\site-packages\TikTokLive\client\ws\ws_connect.py", line 83, in __aiter__
    async with self as protocol:
  File "C:\Users\zilai\AppData\Local\Programs\Python\Python311\Lib\site-packages\websockets\legacy\client.py", line 633, in __aenter__
    return await self
           ^^^^^^^^^^
  File "C:\Users\zilai\AppData\Local\Programs\Python\Python311\Lib\site-packages\websockets\legacy\client.py", line 650, in __await_impl__
    async with asyncio_timeout(self.open_timeout):
  File "C:\Users\zilai\AppData\Local\Programs\Python\Python311\Lib\asyncio\timeouts.py", line 115, in __aexit__
    raise TimeoutError from exc_val
TimeoutError
2025-12-23 23:57:19,681 - asyncio - ERROR - Task exception was never retrieved
future: <Task finished name='Task-609' coro=<TikTokLiveClient._ws_client_loop() done, defined at C:\Users\zilai\AppData\Local\Programs\Python\Python311\Lib\site-packages\TikTokLive\client\client.py:308> exception=TimeoutError()>
Traceback (most recent call last):
  File "C:\Users\zilai\AppData\Local\Programs\Python\Python311\Lib\site-packages\websockets\legacy\client.py", line 652, in __await_impl__
    _transport, protocol = await self._create_connection()
                           ^^^^^^^^^^^^^^^^^^^^^^^^^^^^^^^
  File "C:\Users\zilai\AppData\Local\Programs\Python\Python311\Lib\asyncio\base_events.py", line 1070, in create_connection
    sock = await self._connect_sock(
           ^^^^^^^^^^^^^^^^^^^^^^^^^
  File "C:\Users\zilai\AppData\Local\Programs\Python\Python311\Lib\asyncio\base_events.py", line 974, in _connect_sock
    await self.sock_connect(sock, address)
  File "C:\Users\zilai\AppData\Local\Programs\Python\Python311\Lib\asyncio\proactor_events.py", line 726, in sock_connect
    return await self._proactor.connect(sock, address)
           ^^^^^^^^^^^^^^^^^^^^^^^^^^^^^^^^^^^^^^^^^^^
asyncio.exceptions.CancelledError

The above exception was the direct cause of the following exception:

Traceback (most recent call last):
  File "C:\Users\zilai\AppData\Local\Programs\Python\Python311\Lib\site-packages\TikTokLive\client\client.py", line 325, in _ws_client_loop
    async for webcast_response in self._ws.connect(
  File "C:\Users\zilai\AppData\Local\Programs\Python\Python311\Lib\site-packages\TikTokLive\client\ws\ws_client.py", line 256, in connect
    async for webcast_push_frame, webcast_response in typing.cast(WebcastIterator, self._connection_generator):
  File "C:\Users\zilai\AppData\Local\Programs\Python\Python311\Lib\site-packages\TikTokLive\client\ws\ws_connect.py", line 83, in __aiter__
    async with self as protocol:
  File "C:\Users\zilai\AppData\Local\Programs\Python\Python311\Lib\site-packages\websockets\legacy\client.py", line 633, in __aenter__
    return await self
           ^^^^^^^^^^
  File "C:\Users\zilai\AppData\Local\Programs\Python\Python311\Lib\site-packages\websockets\legacy\client.py", line 650, in __await_impl__
    async with asyncio_timeout(self.open_timeout):
  File "C:\Users\zilai\AppData\Local\Programs\Python\Python311\Lib\asyncio\timeouts.py", line 115, in __aexit__
    raise TimeoutError from exc_val
TimeoutError
2025-12-23 23:57:20,550 - httpx - INFO - HTTP Request: GET https://tiktok.eulerstream.com/webcast/fetch/?client=ttlive-python&room_id=7587003846677777173&user_agent=Mozilla%2F5.0+%28Macintosh%3B+Intel+Mac+OS+X+10_15_7%29+AppleWebKit%2F537.36+%28KHTML%2C+like+Gecko%29+Chrome%2F129.0.0.0+Safari%2F537.36+Edg%2F128.0.2739.79&platform=web&client_enter=true "HTTP/1.1 429 Too Many Requests"
2025-12-23 23:57:20,551 - __main__ - ERROR - 连接直播间失败: TikTokLive v6.6.5 -> [RATE_LIMIT] (rate_limit_account_hour) Too many connections started, try again in 0 seconds. 
	|
	+---------------------------------------- SIGN SERVER MESSAGE ----------------------------------------+
	| You have reached the rate limit. Sign up for a free API key at https://www.eulerstream.com/pricing. |
	+-----------------------------------------------------------------------------------------------------+
2025-12-23 23:57:20,552 - __main__ - INFO - @user9836661800791 连接失败，30秒后重试 (连续失败: 1次)
2025-12-23 23:57:51,754 - httpx - INFO - HTTP Request: GET https://www.tiktok.com/@user9836661800791/live? "HTTP/1.1 200 OK"
2025-12-23 23:57:52,541 - httpx - INFO - HTTP Request: GET https://webcast.tiktok.com/webcast/room/info/?aid=1988&app_language=en&app_name=tiktok_web&browser_language=en-JM&browser_name=Mozilla&browser_online=true&browser_platform=MacIntel&browser_version=5.0%20%28Macintosh%3B%20Intel%20Mac%20OS%20X%2010_15_7%29%20AppleWebKit%2F537.36%20%28KHTML%2C%20like%20Gecko%29%20Chrome%2F129.0.0.0%20Safari%2F537.36%20Edg%2F128.0.2739.79&cookie_enabled=true&device_platform=web_pc&focus_state=true&from_page=&history_len=5&is_fullscreen=false&is_page_visible=true&screen_height=2048&screen_width=1152&tz_name=America/Jamaica&channel=tiktok_web&data_collection_enabled=true&os=mac&priority_region=JM&region=JM&user_is_login=false&webcast_language=en&msToken=&referer=https://www.tiktok.com/@user9836661800791/live&root_referer=https://www.tiktok.com/@user9836661800791/live&device_id=16272723315442319744&room_id=7587003846677777173 "HTTP/1.1 200 OK"
2025-12-23 23:57:53,218 - httpx - INFO - HTTP Request: GET https://webcast.tiktok.com/webcast/gift/list/?aid=1988&app_language=en&app_name=tiktok_web&browser_language=en-JM&browser_name=Mozilla&browser_online=true&browser_platform=MacIntel&browser_version=5.0%20%28Macintosh%3B%20Intel%20Mac%20OS%20X%2010_15_7%29%20AppleWebKit%2F537.36%20%28KHTML%2C%20like%20Gecko%29%20Chrome%2F129.0.0.0%20Safari%2F537.36%20Edg%2F128.0.2739.79&cookie_enabled=true&device_platform=web_pc&focus_state=true&from_page=&history_len=5&is_fullscreen=false&is_page_visible=true&screen_height=2048&screen_width=1152&tz_name=America/Jamaica&channel=tiktok_web&data_collection_enabled=true&os=mac&priority_region=JM&region=JM&user_is_login=false&webcast_language=en&msToken=&referer=https://www.tiktok.com/@user9836661800791/live&root_referer=https://www.tiktok.com/@user9836661800791/live&device_id=10738115269868182680&room_id=7587003846677777173 "HTTP/1.1 200 OK"
2025-12-23 23:57:53,530 - __main__ - INFO - 检查 @user9836661800791 是否在直播...
2025-12-23 23:57:53,531 - __main__ - INFO - 开始监控 @user9836661800791 的直播...
2025-12-23 23:57:54,266 - httpx - INFO - HTTP Request: GET https://webcast.tiktok.com/webcast/room/check_alive/?aid=1988&app_language=en&app_name=tiktok_web&browser_language=en-JM&browser_name=Mozilla&browser_online=true&browser_platform=MacIntel&browser_version=5.0%20%28Macintosh%3B%20Intel%20Mac%20OS%20X%2010_15_7%29%20AppleWebKit%2F537.36%20%28KHTML%2C%20like%20Gecko%29%20Chrome%2F129.0.0.0%20Safari%2F537.36%20Edg%2F128.0.2739.79&cookie_enabled=true&device_platform=web_pc&focus_state=true&from_page=&history_len=5&is_fullscreen=false&is_page_visible=true&screen_height=2048&screen_width=1152&tz_name=America/Jamaica&channel=tiktok_web&data_collection_enabled=true&os=mac&priority_region=JM&region=JM&user_is_login=false&webcast_language=en&msToken=&referer=https://www.tiktok.com/@user9836661800791/live&root_referer=https://www.tiktok.com/@user9836661800791/live&device_id=89541759673463258063&room_id=7587003846677777173&room_ids=7587003846677777173 "HTTP/1.1 200 OK"
2025-12-23 23:57:54,643 - httpx - INFO - HTTP Request: GET https://webcast.tiktok.com/webcast/room/info/?aid=1988&app_language=en&app_name=tiktok_web&browser_language=en-JM&browser_name=Mozilla&browser_online=true&browser_platform=MacIntel&browser_version=5.0%20%28Macintosh%3B%20Intel%20Mac%20OS%20X%2010_15_7%29%20AppleWebKit%2F537.36%20%28KHTML%2C%20like%20Gecko%29%20Chrome%2F129.0.0.0%20Safari%2F537.36%20Edg%2F128.0.2739.79&cookie_enabled=true&device_platform=web_pc&focus_state=true&from_page=&history_len=5&is_fullscreen=false&is_page_visible=true&screen_height=2048&screen_width=1152&tz_name=America/Jamaica&channel=tiktok_web&data_collection_enabled=true&os=mac&priority_region=JM&region=JM&user_is_login=false&webcast_language=en&msToken=&referer=https://www.tiktok.com/@user9836661800791/live&root_referer=https://www.tiktok.com/@user9836661800791/live&device_id=73055944104699129960&room_id=7587003846677777173 "HTTP/1.1 200 OK"
2025-12-23 23:57:55,169 - httpx - INFO - HTTP Request: GET https://webcast.tiktok.com/webcast/gift/list/?aid=1988&app_language=en&app_name=tiktok_web&browser_language=en-JM&browser_name=Mozilla&browser_online=true&browser_platform=MacIntel&browser_version=5.0%20%28Macintosh%3B%20Intel%20Mac%20OS%20X%2010_15_7%29%20AppleWebKit%2F537.36%20%28KHTML%2C%20like%20Gecko%29%20Chrome%2F129.0.0.0%20Safari%2F537.36%20Edg%2F128.0.2739.79&cookie_enabled=true&device_platform=web_pc&focus_state=true&from_page=&history_len=5&is_fullscreen=false&is_page_visible=true&screen_height=2048&screen_width=1152&tz_name=America/Jamaica&channel=tiktok_web&data_collection_enabled=true&os=mac&priority_region=JM&region=JM&user_is_login=false&webcast_language=en&msToken=&referer=https://www.tiktok.com/@user9836661800791/live&root_referer=https://www.tiktok.com/@user9836661800791/live&device_id=83088219902581298133&room_id=7587003846677777173 "HTTP/1.1 200 OK"
2025-12-23 23:57:56,004 - httpx - INFO - HTTP Request: GET https://tiktok.eulerstream.com/webcast/fetch/?client=ttlive-python&room_id=7587003846677777173&user_agent=Mozilla%2F5.0+%28Macintosh%3B+Intel+Mac+OS+X+10_15_7%29+AppleWebKit%2F537.36+%28KHTML%2C+like+Gecko%29+Chrome%2F129.0.0.0+Safari%2F537.36+Edg%2F128.0.2739.79&platform=web&client_enter=true "HTTP/1.1 429 Too Many Requests"
2025-12-23 23:57:56,006 - __main__ - ERROR - 连接直播间失败: TikTokLive v6.6.5 -> [RATE_LIMIT] (rate_limit_account_hour) Too many connections started, try again in 0 seconds. 
	|
	+---------------------------------------- SIGN SERVER MESSAGE ----------------------------------------+
	| You have reached the rate limit. Sign up for a free API key at https://www.eulerstream.com/pricing. |
	+-----------------------------------------------------------------------------------------------------+
2025-12-23 23:57:56,008 - __main__ - INFO - @user9836661800791 连接失败，60秒后重试 (连续失败: 2次)
2025-12-23 23:58:02,845 - httpx - INFO - HTTP Request: GET https://www.tiktok.com/@kikisquishyjp2/live? "HTTP/1.1 200 OK"
2025-12-23 23:58:03,803 - httpx - INFO - HTTP Request: GET https://webcast.tiktok.com/webcast/room/info/?aid=1988&app_language=en&app_name=tiktok_web&browser_language=en-JM&browser_name=Mozilla&browser_online=true&browser_platform=MacIntel&browser_version=5.0%20%28Macintosh%3B%20Intel%20Mac%20OS%20X%2010_15_7%29%20AppleWebKit%2F537.36%20%28KHTML%2C%20like%20Gecko%29%20Chrome%2F129.0.0.0%20Safari%2F537.36%20Edg%2F128.0.2739.79&cookie_enabled=true&device_platform=web_pc&focus_state=true&from_page=&history_len=5&is_fullscreen=false&is_page_visible=true&screen_height=2048&screen_width=1152&tz_name=America/Jamaica&channel=tiktok_web&data_collection_enabled=true&os=mac&priority_region=JM&region=JM&user_is_login=false&webcast_language=en&msToken=&referer=https://www.tiktok.com/@kikisquishyjp2/live&root_referer=https://www.tiktok.com/@kikisquishyjp2/live&device_id=26472469297377740454&room_id=7586977888377867028 "HTTP/1.1 200 OK"
2025-12-23 23:58:04,559 - httpx - INFO - HTTP Request: GET https://webcast.tiktok.com/webcast/gift/list/?aid=1988&app_language=en&app_name=tiktok_web&browser_language=en-JM&browser_name=Mozilla&browser_online=true&browser_platform=MacIntel&browser_version=5.0%20%28Macintosh%3B%20Intel%20Mac%20OS%20X%2010_15_7%29%20AppleWebKit%2F537.36%20%28KHTML%2C%20like%20Gecko%29%20Chrome%2F129.0.0.0%20Safari%2F537.36%20Edg%2F128.0.2739.79&cookie_enabled=true&device_platform=web_pc&focus_state=true&from_page=&history_len=5&is_fullscreen=false&is_page_visible=true&screen_height=2048&screen_width=1152&tz_name=America/Jamaica&channel=tiktok_web&data_collection_enabled=true&os=mac&priority_region=JM&region=JM&user_is_login=false&webcast_language=en&msToken=&referer=https://www.tiktok.com/@kikisquishyjp2/live&root_referer=https://www.tiktok.com/@kikisquishyjp2/live&device_id=97453765050109364773&room_id=7586977888377867028 "HTTP/1.1 200 OK"
2025-12-23 23:58:04,786 - __main__ - INFO - 检查 @kikisquishyjp2 是否在直播...
2025-12-23 23:58:04,788 - __main__ - INFO - 开始监控 @kikisquishyjp2 的直播...
2025-12-23 23:58:05,096 - httpx - INFO - HTTP Request: GET https://webcast.tiktok.com/webcast/room/check_alive/?aid=1988&app_language=en&app_name=tiktok_web&browser_language=en-JM&browser_name=Mozilla&browser_online=true&browser_platform=MacIntel&browser_version=5.0%20%28Macintosh%3B%20Intel%20Mac%20OS%20X%2010_15_7%29%20AppleWebKit%2F537.36%20%28KHTML%2C%20like%20Gecko%29%20Chrome%2F129.0.0.0%20Safari%2F537.36%20Edg%2F128.0.2739.79&cookie_enabled=true&device_platform=web_pc&focus_state=true&from_page=&history_len=5&is_fullscreen=false&is_page_visible=true&screen_height=2048&screen_width=1152&tz_name=America/Jamaica&channel=tiktok_web&data_collection_enabled=true&os=mac&priority_region=JM&region=JM&user_is_login=false&webcast_language=en&msToken=&referer=https://www.tiktok.com/@kikisquishyjp2/live&root_referer=https://www.tiktok.com/@kikisquishyjp2/live&device_id=54812539895076812920&room_id=7586977888377867028&room_ids=7586977888377867028 "HTTP/1.1 200 OK"
2025-12-23 23:58:05,585 - httpx - INFO - HTTP Request: GET https://webcast.tiktok.com/webcast/room/info/?aid=1988&app_language=en&app_name=tiktok_web&browser_language=en-JM&browser_name=Mozilla&browser_online=true&browser_platform=MacIntel&browser_version=5.0%20%28Macintosh%3B%20Intel%20Mac%20OS%20X%2010_15_7%29%20AppleWebKit%2F537.36%20%28KHTML%2C%20like%20Gecko%29%20Chrome%2F129.0.0.0%20Safari%2F537.36%20Edg%2F128.0.2739.79&cookie_enabled=true&device_platform=web_pc&focus_state=true&from_page=&history_len=5&is_fullscreen=false&is_page_visible=true&screen_height=2048&screen_width=1152&tz_name=America/Jamaica&channel=tiktok_web&data_collection_enabled=true&os=mac&priority_region=JM&region=JM&user_is_login=false&webcast_language=en&msToken=&referer=https://www.tiktok.com/@kikisquishyjp2/live&root_referer=https://www.tiktok.com/@kikisquishyjp2/live&device_id=14636547379795397685&room_id=7586977888377867028 "HTTP/1.1 200 OK"
2025-12-23 23:58:06,381 - httpx - INFO - HTTP Request: GET https://webcast.tiktok.com/webcast/gift/list/?aid=1988&app_language=en&app_name=tiktok_web&browser_language=en-JM&browser_name=Mozilla&browser_online=true&browser_platform=MacIntel&browser_version=5.0%20%28Macintosh%3B%20Intel%20Mac%20OS%20X%2010_15_7%29%20AppleWebKit%2F537.36%20%28KHTML%2C%20like%20Gecko%29%20Chrome%2F129.0.0.0%20Safari%2F537.36%20Edg%2F128.0.2739.79&cookie_enabled=true&device_platform=web_pc&focus_state=true&from_page=&history_len=5&is_fullscreen=false&is_page_visible=true&screen_height=2048&screen_width=1152&tz_name=America/Jamaica&channel=tiktok_web&data_collection_enabled=true&os=mac&priority_region=JM&region=JM&user_is_login=false&webcast_language=en&msToken=&referer=https://www.tiktok.com/@kikisquishyjp2/live&root_referer=https://www.tiktok.com/@kikisquishyjp2/live&device_id=70476015917865674777&room_id=7586977888377867028 "HTTP/1.1 200 OK"
2025-12-23 23:58:07,559 - httpx - INFO - HTTP Request: GET https://tiktok.eulerstream.com/webcast/fetch/?client=ttlive-python&room_id=7586977888377867028&user_agent=Mozilla%2F5.0+%28Macintosh%3B+Intel+Mac+OS+X+10_15_7%29+AppleWebKit%2F537.36+%28KHTML%2C+like+Gecko%29+Chrome%2F129.0.0.0+Safari%2F537.36+Edg%2F128.0.2739.79&platform=web&client_enter=true "HTTP/1.1 429 Too Many Requests"
2025-12-23 23:58:07,563 - __main__ - ERROR - 连接直播间失败: TikTokLive v6.6.5 -> [RATE_LIMIT] (rate_limit_account_hour) Too many connections started, try again in 0 seconds. 
	|
	+---------------------------------------- SIGN SERVER MESSAGE ----------------------------------------+
	| You have reached the rate limit. Sign up for a free API key at https://www.eulerstream.com/pricing. |
	+-----------------------------------------------------------------------------------------------------+
2025-12-23 23:58:07,564 - __main__ - INFO - @kikisquishyjp2 连接失败，300秒后重试 (连续失败: 13次)
2025-12-23 23:58:56,846 - httpx - INFO - HTTP Request: GET https://www.tiktok.com/@user9836661800791/live? "HTTP/1.1 200 OK"
2025-12-23 23:58:58,773 - httpx - INFO - HTTP Request: GET https://webcast.tiktok.com/webcast/room/info/?aid=1988&app_language=en&app_name=tiktok_web&browser_language=en-JM&browser_name=Mozilla&browser_online=true&browser_platform=MacIntel&browser_version=5.0%20%28Macintosh%3B%20Intel%20Mac%20OS%20X%2010_15_7%29%20AppleWebKit%2F537.36%20%28KHTML%2C%20like%20Gecko%29%20Chrome%2F129.0.0.0%20Safari%2F537.36%20Edg%2F128.0.2739.79&cookie_enabled=true&device_platform=web_pc&focus_state=true&from_page=&history_len=5&is_fullscreen=false&is_page_visible=true&screen_height=2048&screen_width=1152&tz_name=America/Jamaica&channel=tiktok_web&data_collection_enabled=true&os=mac&priority_region=JM&region=JM&user_is_login=false&webcast_language=en&msToken=&referer=https://www.tiktok.com/@user9836661800791/live&root_referer=https://www.tiktok.com/@user9836661800791/live&device_id=89794154218151162844&room_id=7587003846677777173 "HTTP/1.1 200 OK"
2025-12-23 23:58:59,433 - httpx - INFO - HTTP Request: GET https://webcast.tiktok.com/webcast/gift/list/?aid=1988&app_language=en&app_name=tiktok_web&browser_language=en-JM&browser_name=Mozilla&browser_online=true&browser_platform=MacIntel&browser_version=5.0%20%28Macintosh%3B%20Intel%20Mac%20OS%20X%2010_15_7%29%20AppleWebKit%2F537.36%20%28KHTML%2C%20like%20Gecko%29%20Chrome%2F129.0.0.0%20Safari%2F537.36%20Edg%2F128.0.2739.79&cookie_enabled=true&device_platform=web_pc&focus_state=true&from_page=&history_len=5&is_fullscreen=false&is_page_visible=true&screen_height=2048&screen_width=1152&tz_name=America/Jamaica&channel=tiktok_web&data_collection_enabled=true&os=mac&priority_region=JM&region=JM&user_is_login=false&webcast_language=en&msToken=&referer=https://www.tiktok.com/@user9836661800791/live&root_referer=https://www.tiktok.com/@user9836661800791/live&device_id=32368406802856132333&room_id=7587003846677777173 "HTTP/1.1 200 OK"
2025-12-23 23:58:59,653 - __main__ - INFO - 检查 @user9836661800791 是否在直播...
2025-12-23 23:58:59,655 - __main__ - INFO - 开始监控 @user9836661800791 的直播...
2025-12-23 23:58:59,953 - httpx - INFO - HTTP Request: GET https://webcast.tiktok.com/webcast/room/check_alive/?aid=1988&app_language=en&app_name=tiktok_web&browser_language=en-JM&browser_name=Mozilla&browser_online=true&browser_platform=MacIntel&browser_version=5.0%20%28Macintosh%3B%20Intel%20Mac%20OS%20X%2010_15_7%29%20AppleWebKit%2F537.36%20%28KHTML%2C%20like%20Gecko%29%20Chrome%2F129.0.0.0%20Safari%2F537.36%20Edg%2F128.0.2739.79&cookie_enabled=true&device_platform=web_pc&focus_state=true&from_page=&history_len=5&is_fullscreen=false&is_page_visible=true&screen_height=2048&screen_width=1152&tz_name=America/Jamaica&channel=tiktok_web&data_collection_enabled=true&os=mac&priority_region=JM&region=JM&user_is_login=false&webcast_language=en&msToken=&referer=https://www.tiktok.com/@user9836661800791/live&root_referer=https://www.tiktok.com/@user9836661800791/live&device_id=81926072491202931859&room_id=7587003846677777173&room_ids=7587003846677777173 "HTTP/1.1 200 OK"
2025-12-23 23:59:00,366 - httpx - INFO - HTTP Request: GET https://webcast.tiktok.com/webcast/room/info/?aid=1988&app_language=en&app_name=tiktok_web&browser_language=en-JM&browser_name=Mozilla&browser_online=true&browser_platform=MacIntel&browser_version=5.0%20%28Macintosh%3B%20Intel%20Mac%20OS%20X%2010_15_7%29%20AppleWebKit%2F537.36%20%28KHTML%2C%20like%20Gecko%29%20Chrome%2F129.0.0.0%20Safari%2F537.36%20Edg%2F128.0.2739.79&cookie_enabled=true&device_platform=web_pc&focus_state=true&from_page=&history_len=5&is_fullscreen=false&is_page_visible=true&screen_height=2048&screen_width=1152&tz_name=America/Jamaica&channel=tiktok_web&data_collection_enabled=true&os=mac&priority_region=JM&region=JM&user_is_login=false&webcast_language=en&msToken=&referer=https://www.tiktok.com/@user9836661800791/live&root_referer=https://www.tiktok.com/@user9836661800791/live&device_id=43202641204882824747&room_id=7587003846677777173 "HTTP/1.1 200 OK"
2025-12-23 23:59:00,959 - httpx - INFO - HTTP Request: GET https://webcast.tiktok.com/webcast/gift/list/?aid=1988&app_language=en&app_name=tiktok_web&browser_language=en-JM&browser_name=Mozilla&browser_online=true&browser_platform=MacIntel&browser_version=5.0%20%28Macintosh%3B%20Intel%20Mac%20OS%20X%2010_15_7%29%20AppleWebKit%2F537.36%20%28KHTML%2C%20like%20Gecko%29%20Chrome%2F129.0.0.0%20Safari%2F537.36%20Edg%2F128.0.2739.79&cookie_enabled=true&device_platform=web_pc&focus_state=true&from_page=&history_len=5&is_fullscreen=false&is_page_visible=true&screen_height=2048&screen_width=1152&tz_name=America/Jamaica&channel=tiktok_web&data_collection_enabled=true&os=mac&priority_region=JM&region=JM&user_is_login=false&webcast_language=en&msToken=&referer=https://www.tiktok.com/@user9836661800791/live&root_referer=https://www.tiktok.com/@user9836661800791/live&device_id=47782509473280485734&room_id=7587003846677777173 "HTTP/1.1 200 OK"
2025-12-23 23:59:02,055 - httpx - INFO - HTTP Request: GET https://tiktok.eulerstream.com/webcast/fetch/?client=ttlive-python&room_id=7587003846677777173&user_agent=Mozilla%2F5.0+%28Macintosh%3B+Intel+Mac+OS+X+10_15_7%29+AppleWebKit%2F537.36+%28KHTML%2C+like+Gecko%29+Chrome%2F129.0.0.0+Safari%2F537.36+Edg%2F128.0.2739.79&platform=web&client_enter=true "HTTP/1.1 429 Too Many Requests"
2025-12-23 23:59:02,058 - __main__ - ERROR - 连接直播间失败: TikTokLive v6.6.5 -> [RATE_LIMIT] (rate_limit_account_hour) Too many connections started, try again in 0 seconds. 
	|
	+---------------------------------------- SIGN SERVER MESSAGE ----------------------------------------+
	| You have reached the rate limit. Sign up for a free API key at https://www.eulerstream.com/pricing. |
	+-----------------------------------------------------------------------------------------------------+
2025-12-23 23:59:02,058 - __main__ - INFO - @user9836661800791 连接失败，120秒后重试 (连续失败: 3次)
2025-12-23 23:59:06,647 - httpx - INFO - HTTP Request: GET https://www.tiktok.com/@diyladodo/live? "HTTP/1.1 200 OK"
2025-12-23 23:59:07,114 - __main__ - INFO - @diyladodo 当前离线或不存在，10分钟后重试
2025-12-23 23:59:07,116 - __main__ - INFO - @diyladodo 无法获取房间信息
2025-12-23 23:59:07,118 - __main__ - INFO - @diyladodo 连接失败，300秒后重试 (连续失败: 15次)
2025-12-24 00:01:02,744 - httpx - INFO - HTTP Request: GET https://www.tiktok.com/@user9836661800791/live? "HTTP/1.1 200 OK"
2025-12-24 00:01:03,526 - httpx - INFO - HTTP Request: GET https://webcast.tiktok.com/webcast/room/info/?aid=1988&app_language=en&app_name=tiktok_web&browser_language=en-JM&browser_name=Mozilla&browser_online=true&browser_platform=MacIntel&browser_version=5.0%20%28Macintosh%3B%20Intel%20Mac%20OS%20X%2010_15_7%29%20AppleWebKit%2F537.36%20%28KHTML%2C%20like%20Gecko%29%20Chrome%2F129.0.0.0%20Safari%2F537.36%20Edg%2F128.0.2739.79&cookie_enabled=true&device_platform=web_pc&focus_state=true&from_page=&history_len=5&is_fullscreen=false&is_page_visible=true&screen_height=2048&screen_width=1152&tz_name=America/Jamaica&channel=tiktok_web&data_collection_enabled=true&os=mac&priority_region=JM&region=JM&user_is_login=false&webcast_language=en&msToken=&referer=https://www.tiktok.com/@user9836661800791/live&root_referer=https://www.tiktok.com/@user9836661800791/live&device_id=35057737016675130926&room_id=7587003846677777173 "HTTP/1.1 200 OK"
2025-12-24 00:01:04,118 - httpx - INFO - HTTP Request: GET https://webcast.tiktok.com/webcast/gift/list/?aid=1988&app_language=en&app_name=tiktok_web&browser_language=en-JM&browser_name=Mozilla&browser_online=true&browser_platform=MacIntel&browser_version=5.0%20%28Macintosh%3B%20Intel%20Mac%20OS%20X%2010_15_7%29%20AppleWebKit%2F537.36%20%28KHTML%2C%20like%20Gecko%29%20Chrome%2F129.0.0.0%20Safari%2F537.36%20Edg%2F128.0.2739.79&cookie_enabled=true&device_platform=web_pc&focus_state=true&from_page=&history_len=5&is_fullscreen=false&is_page_visible=true&screen_height=2048&screen_width=1152&tz_name=America/Jamaica&channel=tiktok_web&data_collection_enabled=true&os=mac&priority_region=JM&region=JM&user_is_login=false&webcast_language=en&msToken=&referer=https://www.tiktok.com/@user9836661800791/live&root_referer=https://www.tiktok.com/@user9836661800791/live&device_id=18252344663579759586&room_id=7587003846677777173 "HTTP/1.1 200 OK"
2025-12-24 00:01:04,376 - __main__ - INFO - 检查 @user9836661800791 是否在直播...
2025-12-24 00:01:04,378 - __main__ - INFO - 开始监控 @user9836661800791 的直播...
2025-12-24 00:01:04,679 - httpx - INFO - HTTP Request: GET https://webcast.tiktok.com/webcast/room/check_alive/?aid=1988&app_language=en&app_name=tiktok_web&browser_language=en-JM&browser_name=Mozilla&browser_online=true&browser_platform=MacIntel&browser_version=5.0%20%28Macintosh%3B%20Intel%20Mac%20OS%20X%2010_15_7%29%20AppleWebKit%2F537.36%20%28KHTML%2C%20like%20Gecko%29%20Chrome%2F129.0.0.0%20Safari%2F537.36%20Edg%2F128.0.2739.79&cookie_enabled=true&device_platform=web_pc&focus_state=true&from_page=&history_len=5&is_fullscreen=false&is_page_visible=true&screen_height=2048&screen_width=1152&tz_name=America/Jamaica&channel=tiktok_web&data_collection_enabled=true&os=mac&priority_region=JM&region=JM&user_is_login=false&webcast_language=en&msToken=&referer=https://www.tiktok.com/@user9836661800791/live&root_referer=https://www.tiktok.com/@user9836661800791/live&device_id=58883007643960051458&room_id=7587003846677777173&room_ids=7587003846677777173 "HTTP/1.1 200 OK"
2025-12-24 00:01:05,102 - httpx - INFO - HTTP Request: GET https://webcast.tiktok.com/webcast/room/info/?aid=1988&app_language=en&app_name=tiktok_web&browser_language=en-JM&browser_name=Mozilla&browser_online=true&browser_platform=MacIntel&browser_version=5.0%20%28Macintosh%3B%20Intel%20Mac%20OS%20X%2010_15_7%29%20AppleWebKit%2F537.36%20%28KHTML%2C%20like%20Gecko%29%20Chrome%2F129.0.0.0%20Safari%2F537.36%20Edg%2F128.0.2739.79&cookie_enabled=true&device_platform=web_pc&focus_state=true&from_page=&history_len=5&is_fullscreen=false&is_page_visible=true&screen_height=2048&screen_width=1152&tz_name=America/Jamaica&channel=tiktok_web&data_collection_enabled=true&os=mac&priority_region=JM&region=JM&user_is_login=false&webcast_language=en&msToken=&referer=https://www.tiktok.com/@user9836661800791/live&root_referer=https://www.tiktok.com/@user9836661800791/live&device_id=91826109053739075425&room_id=7587003846677777173 "HTTP/1.1 200 OK"
2025-12-24 00:01:05,752 - httpx - INFO - HTTP Request: GET https://webcast.tiktok.com/webcast/gift/list/?aid=1988&app_language=en&app_name=tiktok_web&browser_language=en-JM&browser_name=Mozilla&browser_online=true&browser_platform=MacIntel&browser_version=5.0%20%28Macintosh%3B%20Intel%20Mac%20OS%20X%2010_15_7%29%20AppleWebKit%2F537.36%20%28KHTML%2C%20like%20Gecko%29%20Chrome%2F129.0.0.0%20Safari%2F537.36%20Edg%2F128.0.2739.79&cookie_enabled=true&device_platform=web_pc&focus_state=true&from_page=&history_len=5&is_fullscreen=false&is_page_visible=true&screen_height=2048&screen_width=1152&tz_name=America/Jamaica&channel=tiktok_web&data_collection_enabled=true&os=mac&priority_region=JM&region=JM&user_is_login=false&webcast_language=en&msToken=&referer=https://www.tiktok.com/@user9836661800791/live&root_referer=https://www.tiktok.com/@user9836661800791/live&device_id=38083724669440589351&room_id=7587003846677777173 "HTTP/1.1 200 OK"
2025-12-24 00:01:06,963 - httpx - INFO - HTTP Request: GET https://tiktok.eulerstream.com/webcast/fetch/?client=ttlive-python&room_id=7587003846677777173&user_agent=Mozilla%2F5.0+%28Macintosh%3B+Intel+Mac+OS+X+10_15_7%29+AppleWebKit%2F537.36+%28KHTML%2C+like+Gecko%29+Chrome%2F129.0.0.0+Safari%2F537.36+Edg%2F128.0.2739.79&platform=web&client_enter=true "HTTP/1.1 429 Too Many Requests"
2025-12-24 00:01:06,965 - __main__ - ERROR - 连接直播间失败: TikTokLive v6.6.5 -> [RATE_LIMIT] (rate_limit_account_hour) Too many connections started, try again in 0 seconds. 
	|
	+---------------------------------------- SIGN SERVER MESSAGE ----------------------------------------+
	| You have reached the rate limit. Sign up for a free API key at https://www.eulerstream.com/pricing. |
	+-----------------------------------------------------------------------------------------------------+
2025-12-24 00:01:06,966 - __main__ - INFO - @user9836661800791 连接失败，240秒后重试 (连续失败: 4次)
2025-12-24 00:01:53,468 - httpx - INFO - HTTP Request: GET https://www.tiktok.com/@momoskye_/live? "HTTP/1.1 200 OK"
2025-12-24 00:01:53,767 - __main__ - INFO - @momoskye_ 当前离线或不存在，10分钟后重试
2025-12-24 00:01:53,768 - __main__ - INFO - @momoskye_ 无法获取房间信息
2025-12-24 00:01:53,769 - __main__ - INFO - @momoskye_ 连接失败，300秒后重试 (连续失败: 16次)
2025-12-24 00:03:08,593 - httpx - INFO - HTTP Request: GET https://www.tiktok.com/@kikisquishyjp2/live? "HTTP/1.1 200 OK"
2025-12-24 00:03:09,410 - httpx - INFO - HTTP Request: GET https://webcast.tiktok.com/webcast/room/info/?aid=1988&app_language=en&app_name=tiktok_web&browser_language=en-JM&browser_name=Mozilla&browser_online=true&browser_platform=MacIntel&browser_version=5.0%20%28Macintosh%3B%20Intel%20Mac%20OS%20X%2010_15_7%29%20AppleWebKit%2F537.36%20%28KHTML%2C%20like%20Gecko%29%20Chrome%2F129.0.0.0%20Safari%2F537.36%20Edg%2F128.0.2739.79&cookie_enabled=true&device_platform=web_pc&focus_state=true&from_page=&history_len=5&is_fullscreen=false&is_page_visible=true&screen_height=2048&screen_width=1152&tz_name=America/Jamaica&channel=tiktok_web&data_collection_enabled=true&os=mac&priority_region=JM&region=JM&user_is_login=false&webcast_language=en&msToken=&referer=https://www.tiktok.com/@kikisquishyjp2/live&root_referer=https://www.tiktok.com/@kikisquishyjp2/live&device_id=91338519187689627109&room_id=7586977888377867028 "HTTP/1.1 200 OK"
2025-12-24 00:03:10,374 - httpx - INFO - HTTP Request: GET https://webcast.tiktok.com/webcast/gift/list/?aid=1988&app_language=en&app_name=tiktok_web&browser_language=en-JM&browser_name=Mozilla&browser_online=true&browser_platform=MacIntel&browser_version=5.0%20%28Macintosh%3B%20Intel%20Mac%20OS%20X%2010_15_7%29%20AppleWebKit%2F537.36%20%28KHTML%2C%20like%20Gecko%29%20Chrome%2F129.0.0.0%20Safari%2F537.36%20Edg%2F128.0.2739.79&cookie_enabled=true&device_platform=web_pc&focus_state=true&from_page=&history_len=5&is_fullscreen=false&is_page_visible=true&screen_height=2048&screen_width=1152&tz_name=America/Jamaica&channel=tiktok_web&data_collection_enabled=true&os=mac&priority_region=JM&region=JM&user_is_login=false&webcast_language=en&msToken=&referer=https://www.tiktok.com/@kikisquishyjp2/live&root_referer=https://www.tiktok.com/@kikisquishyjp2/live&device_id=28872611093927042223&room_id=7586977888377867028 "HTTP/1.1 200 OK"
2025-12-24 00:03:10,606 - __main__ - INFO - 检查 @kikisquishyjp2 是否在直播...
2025-12-24 00:03:10,607 - __main__ - INFO - 开始监控 @kikisquishyjp2 的直播...
2025-12-24 00:03:11,329 - httpx - INFO - HTTP Request: GET https://webcast.tiktok.com/webcast/room/check_alive/?aid=1988&app_language=en&app_name=tiktok_web&browser_language=en-JM&browser_name=Mozilla&browser_online=true&browser_platform=MacIntel&browser_version=5.0%20%28Macintosh%3B%20Intel%20Mac%20OS%20X%2010_15_7%29%20AppleWebKit%2F537.36%20%28KHTML%2C%20like%20Gecko%29%20Chrome%2F129.0.0.0%20Safari%2F537.36%20Edg%2F128.0.2739.79&cookie_enabled=true&device_platform=web_pc&focus_state=true&from_page=&history_len=5&is_fullscreen=false&is_page_visible=true&screen_height=2048&screen_width=1152&tz_name=America/Jamaica&channel=tiktok_web&data_collection_enabled=true&os=mac&priority_region=JM&region=JM&user_is_login=false&webcast_language=en&msToken=&referer=https://www.tiktok.com/@kikisquishyjp2/live&root_referer=https://www.tiktok.com/@kikisquishyjp2/live&device_id=13688172232825188516&room_id=7586977888377867028&room_ids=7586977888377867028 "HTTP/1.1 200 OK"
2025-12-24 00:03:11,740 - httpx - INFO - HTTP Request: GET https://webcast.tiktok.com/webcast/room/info/?aid=1988&app_language=en&app_name=tiktok_web&browser_language=en-JM&browser_name=Mozilla&browser_online=true&browser_platform=MacIntel&browser_version=5.0%20%28Macintosh%3B%20Intel%20Mac%20OS%20X%2010_15_7%29%20AppleWebKit%2F537.36%20%28KHTML%2C%20like%20Gecko%29%20Chrome%2F129.0.0.0%20Safari%2F537.36%20Edg%2F128.0.2739.79&cookie_enabled=true&device_platform=web_pc&focus_state=true&from_page=&history_len=5&is_fullscreen=false&is_page_visible=true&screen_height=2048&screen_width=1152&tz_name=America/Jamaica&channel=tiktok_web&data_collection_enabled=true&os=mac&priority_region=JM&region=JM&user_is_login=false&webcast_language=en&msToken=&referer=https://www.tiktok.com/@kikisquishyjp2/live&root_referer=https://www.tiktok.com/@kikisquishyjp2/live&device_id=51163565583299646100&room_id=7586977888377867028 "HTTP/1.1 200 OK"
2025-12-24 00:03:12,494 - httpx - INFO - HTTP Request: GET https://webcast.tiktok.com/webcast/gift/list/?aid=1988&app_language=en&app_name=tiktok_web&browser_language=en-JM&browser_name=Mozilla&browser_online=true&browser_platform=MacIntel&browser_version=5.0%20%28Macintosh%3B%20Intel%20Mac%20OS%20X%2010_15_7%29%20AppleWebKit%2F537.36%20%28KHTML%2C%20like%20Gecko%29%20Chrome%2F129.0.0.0%20Safari%2F537.36%20Edg%2F128.0.2739.79&cookie_enabled=true&device_platform=web_pc&focus_state=true&from_page=&history_len=5&is_fullscreen=false&is_page_visible=true&screen_height=2048&screen_width=1152&tz_name=America/Jamaica&channel=tiktok_web&data_collection_enabled=true&os=mac&priority_region=JM&region=JM&user_is_login=false&webcast_language=en&msToken=&referer=https://www.tiktok.com/@kikisquishyjp2/live&root_referer=https://www.tiktok.com/@kikisquishyjp2/live&device_id=13558028562493339106&room_id=7586977888377867028 "HTTP/1.1 200 OK"
2025-12-24 00:03:13,779 - httpx - INFO - HTTP Request: GET https://tiktok.eulerstream.com/webcast/fetch/?client=ttlive-python&room_id=7586977888377867028&user_agent=Mozilla%2F5.0+%28Macintosh%3B+Intel+Mac+OS+X+10_15_7%29+AppleWebKit%2F537.36+%28KHTML%2C+like+Gecko%29+Chrome%2F129.0.0.0+Safari%2F537.36+Edg%2F128.0.2739.79&platform=web&client_enter=true "HTTP/1.1 429 Too Many Requests"
2025-12-24 00:03:13,782 - __main__ - ERROR - 连接直播间失败: TikTokLive v6.6.5 -> [RATE_LIMIT] (rate_limit_account_hour) Too many connections started, try again in 0 seconds. 
	|
	+---------------------------------------- SIGN SERVER MESSAGE ----------------------------------------+
	| You have reached the rate limit. Sign up for a free API key at https://www.eulerstream.com/pricing. |
	+-----------------------------------------------------------------------------------------------------+
2025-12-24 00:03:13,782 - __main__ - INFO - @kikisquishyjp2 连接失败，300秒后重试 (连续失败: 14次)
2025-12-24 00:04:07,930 - httpx - INFO - HTTP Request: GET https://www.tiktok.com/@diyladodo/live? "HTTP/1.1 200 OK"
2025-12-24 00:04:08,289 - __main__ - INFO - @diyladodo 当前离线或不存在，10分钟后重试
2025-12-24 00:04:08,289 - __main__ - INFO - @diyladodo 无法获取房间信息
2025-12-24 00:04:08,291 - __main__ - INFO - @diyladodo 连接失败，300秒后重试 (连续失败: 16次)
2025-12-24 00:04:19,834 - httpx - INFO - HTTP Request: GET https://www.tiktok.com/@dokidokidiy01/live? "HTTP/1.1 200 OK"
2025-12-24 00:04:20,063 - __main__ - INFO - @dokidokidiy01 当前离线或不存在，10分钟后重试
2025-12-24 00:04:20,070 - __main__ - INFO - @dokidokidiy01 无法获取房间信息
2025-12-24 00:04:20,072 - __main__ - INFO - @dokidokidiy01 离线中，10分钟后重新检查
2025-12-24 00:05:07,800 - httpx - INFO - HTTP Request: GET https://www.tiktok.com/@user9836661800791/live? "HTTP/1.1 200 OK"
2025-12-24 00:05:08,807 - httpx - INFO - HTTP Request: GET https://webcast.tiktok.com/webcast/room/info/?aid=1988&app_language=en&app_name=tiktok_web&browser_language=en-JM&browser_name=Mozilla&browser_online=true&browser_platform=MacIntel&browser_version=5.0%20%28Macintosh%3B%20Intel%20Mac%20OS%20X%2010_15_7%29%20AppleWebKit%2F537.36%20%28KHTML%2C%20like%20Gecko%29%20Chrome%2F129.0.0.0%20Safari%2F537.36%20Edg%2F128.0.2739.79&cookie_enabled=true&device_platform=web_pc&focus_state=true&from_page=&history_len=5&is_fullscreen=false&is_page_visible=true&screen_height=2048&screen_width=1152&tz_name=America/Jamaica&channel=tiktok_web&data_collection_enabled=true&os=mac&priority_region=JM&region=JM&user_is_login=false&webcast_language=en&msToken=&referer=https://www.tiktok.com/@user9836661800791/live&root_referer=https://www.tiktok.com/@user9836661800791/live&device_id=39360021893565265306&room_id=7587003846677777173 "HTTP/1.1 200 OK"
2025-12-24 00:05:09,383 - httpx - INFO - HTTP Request: GET https://webcast.tiktok.com/webcast/gift/list/?aid=1988&app_language=en&app_name=tiktok_web&browser_language=en-JM&browser_name=Mozilla&browser_online=true&browser_platform=MacIntel&browser_version=5.0%20%28Macintosh%3B%20Intel%20Mac%20OS%20X%2010_15_7%29%20AppleWebKit%2F537.36%20%28KHTML%2C%20like%20Gecko%29%20Chrome%2F129.0.0.0%20Safari%2F537.36%20Edg%2F128.0.2739.79&cookie_enabled=true&device_platform=web_pc&focus_state=true&from_page=&history_len=5&is_fullscreen=false&is_page_visible=true&screen_height=2048&screen_width=1152&tz_name=America/Jamaica&channel=tiktok_web&data_collection_enabled=true&os=mac&priority_region=JM&region=JM&user_is_login=false&webcast_language=en&msToken=&referer=https://www.tiktok.com/@user9836661800791/live&root_referer=https://www.tiktok.com/@user9836661800791/live&device_id=84608533219400394992&room_id=7587003846677777173 "HTTP/1.1 200 OK"
2025-12-24 00:05:09,724 - __main__ - INFO - 检查 @user9836661800791 是否在直播...
2025-12-24 00:05:09,726 - __main__ - INFO - 开始监控 @user9836661800791 的直播...
2025-12-24 00:05:10,032 - httpx - INFO - HTTP Request: GET https://webcast.tiktok.com/webcast/room/check_alive/?aid=1988&app_language=en&app_name=tiktok_web&browser_language=en-JM&browser_name=Mozilla&browser_online=true&browser_platform=MacIntel&browser_version=5.0%20%28Macintosh%3B%20Intel%20Mac%20OS%20X%2010_15_7%29%20AppleWebKit%2F537.36%20%28KHTML%2C%20like%20Gecko%29%20Chrome%2F129.0.0.0%20Safari%2F537.36%20Edg%2F128.0.2739.79&cookie_enabled=true&device_platform=web_pc&focus_state=true&from_page=&history_len=5&is_fullscreen=false&is_page_visible=true&screen_height=2048&screen_width=1152&tz_name=America/Jamaica&channel=tiktok_web&data_collection_enabled=true&os=mac&priority_region=JM&region=JM&user_is_login=false&webcast_language=en&msToken=&referer=https://www.tiktok.com/@user9836661800791/live&root_referer=https://www.tiktok.com/@user9836661800791/live&device_id=91955136813868487222&room_id=7587003846677777173&room_ids=7587003846677777173 "HTTP/1.1 200 OK"
2025-12-24 00:05:10,432 - httpx - INFO - HTTP Request: GET https://webcast.tiktok.com/webcast/room/info/?aid=1988&app_language=en&app_name=tiktok_web&browser_language=en-JM&browser_name=Mozilla&browser_online=true&browser_platform=MacIntel&browser_version=5.0%20%28Macintosh%3B%20Intel%20Mac%20OS%20X%2010_15_7%29%20AppleWebKit%2F537.36%20%28KHTML%2C%20like%20Gecko%29%20Chrome%2F129.0.0.0%20Safari%2F537.36%20Edg%2F128.0.2739.79&cookie_enabled=true&device_platform=web_pc&focus_state=true&from_page=&history_len=5&is_fullscreen=false&is_page_visible=true&screen_height=2048&screen_width=1152&tz_name=America/Jamaica&channel=tiktok_web&data_collection_enabled=true&os=mac&priority_region=JM&region=JM&user_is_login=false&webcast_language=en&msToken=&referer=https://www.tiktok.com/@user9836661800791/live&root_referer=https://www.tiktok.com/@user9836661800791/live&device_id=79836841291737660061&room_id=7587003846677777173 "HTTP/1.1 200 OK"
2025-12-24 00:05:11,002 - httpx - INFO - HTTP Request: GET https://webcast.tiktok.com/webcast/gift/list/?aid=1988&app_language=en&app_name=tiktok_web&browser_language=en-JM&browser_name=Mozilla&browser_online=true&browser_platform=MacIntel&browser_version=5.0%20%28Macintosh%3B%20Intel%20Mac%20OS%20X%2010_15_7%29%20AppleWebKit%2F537.36%20%28KHTML%2C%20like%20Gecko%29%20Chrome%2F129.0.0.0%20Safari%2F537.36%20Edg%2F128.0.2739.79&cookie_enabled=true&device_platform=web_pc&focus_state=true&from_page=&history_len=5&is_fullscreen=false&is_page_visible=true&screen_height=2048&screen_width=1152&tz_name=America/Jamaica&channel=tiktok_web&data_collection_enabled=true&os=mac&priority_region=JM&region=JM&user_is_login=false&webcast_language=en&msToken=&referer=https://www.tiktok.com/@user9836661800791/live&root_referer=https://www.tiktok.com/@user9836661800791/live&device_id=37571612583022235469&room_id=7587003846677777173 "HTTP/1.1 200 OK"
2025-12-24 00:05:11,828 - httpx - INFO - HTTP Request: GET https://tiktok.eulerstream.com/webcast/fetch/?client=ttlive-python&room_id=7587003846677777173&user_agent=Mozilla%2F5.0+%28Macintosh%3B+Intel+Mac+OS+X+10_15_7%29+AppleWebKit%2F537.36+%28KHTML%2C+like+Gecko%29+Chrome%2F129.0.0.0+Safari%2F537.36+Edg%2F128.0.2739.79&platform=web&client_enter=true "HTTP/1.1 429 Too Many Requests"
2025-12-24 00:05:11,832 - __main__ - ERROR - 连接直播间失败: TikTokLive v6.6.5 -> [RATE_LIMIT] (rate_limit_account_hour) Too many connections started, try again in 0 seconds. 
	|
	+---------------------------------------- SIGN SERVER MESSAGE ----------------------------------------+
	| You have reached the rate limit. Sign up for a free API key at https://www.eulerstream.com/pricing. |
	+-----------------------------------------------------------------------------------------------------+
2025-12-24 00:05:11,832 - __main__ - INFO - @user9836661800791 连接失败，300秒后重试 (连续失败: 5次)
2025-12-24 00:06:54,622 - httpx - INFO - HTTP Request: GET https://www.tiktok.com/@momoskye_/live? "HTTP/1.1 200 OK"
2025-12-24 00:06:54,893 - __main__ - INFO - @momoskye_ 当前离线或不存在，10分钟后重试
2025-12-24 00:06:54,896 - __main__ - INFO - @momoskye_ 无法获取房间信息
2025-12-24 00:06:54,898 - __main__ - INFO - @momoskye_ 连接失败，300秒后重试 (连续失败: 17次)
2025-12-24 00:08:14,724 - httpx - INFO - HTTP Request: GET https://www.tiktok.com/@kikisquishyjp2/live? "HTTP/1.1 200 OK"
2025-12-24 00:08:15,601 - httpx - INFO - HTTP Request: GET https://webcast.tiktok.com/webcast/room/info/?aid=1988&app_language=en&app_name=tiktok_web&browser_language=en-JM&browser_name=Mozilla&browser_online=true&browser_platform=MacIntel&browser_version=5.0%20%28Macintosh%3B%20Intel%20Mac%20OS%20X%2010_15_7%29%20AppleWebKit%2F537.36%20%28KHTML%2C%20like%20Gecko%29%20Chrome%2F129.0.0.0%20Safari%2F537.36%20Edg%2F128.0.2739.79&cookie_enabled=true&device_platform=web_pc&focus_state=true&from_page=&history_len=5&is_fullscreen=false&is_page_visible=true&screen_height=2048&screen_width=1152&tz_name=America/Jamaica&channel=tiktok_web&data_collection_enabled=true&os=mac&priority_region=JM&region=JM&user_is_login=false&webcast_language=en&msToken=&referer=https://www.tiktok.com/@kikisquishyjp2/live&root_referer=https://www.tiktok.com/@kikisquishyjp2/live&device_id=10040513222497097200&room_id=7586977888377867028 "HTTP/1.1 200 OK"
2025-12-24 00:08:16,355 - httpx - INFO - HTTP Request: GET https://webcast.tiktok.com/webcast/gift/list/?aid=1988&app_language=en&app_name=tiktok_web&browser_language=en-JM&browser_name=Mozilla&browser_online=true&browser_platform=MacIntel&browser_version=5.0%20%28Macintosh%3B%20Intel%20Mac%20OS%20X%2010_15_7%29%20AppleWebKit%2F537.36%20%28KHTML%2C%20like%20Gecko%29%20Chrome%2F129.0.0.0%20Safari%2F537.36%20Edg%2F128.0.2739.79&cookie_enabled=true&device_platform=web_pc&focus_state=true&from_page=&history_len=5&is_fullscreen=false&is_page_visible=true&screen_height=2048&screen_width=1152&tz_name=America/Jamaica&channel=tiktok_web&data_collection_enabled=true&os=mac&priority_region=JM&region=JM&user_is_login=false&webcast_language=en&msToken=&referer=https://www.tiktok.com/@kikisquishyjp2/live&root_referer=https://www.tiktok.com/@kikisquishyjp2/live&device_id=96845413052662612051&room_id=7586977888377867028 "HTTP/1.1 200 OK"
2025-12-24 00:08:16,703 - __main__ - INFO - 检查 @kikisquishyjp2 是否在直播...
2025-12-24 00:08:16,704 - __main__ - INFO - 开始监控 @kikisquishyjp2 的直播...
2025-12-24 00:08:17,020 - httpx - INFO - HTTP Request: GET https://webcast.tiktok.com/webcast/room/check_alive/?aid=1988&app_language=en&app_name=tiktok_web&browser_language=en-JM&browser_name=Mozilla&browser_online=true&browser_platform=MacIntel&browser_version=5.0%20%28Macintosh%3B%20Intel%20Mac%20OS%20X%2010_15_7%29%20AppleWebKit%2F537.36%20%28KHTML%2C%20like%20Gecko%29%20Chrome%2F129.0.0.0%20Safari%2F537.36%20Edg%2F128.0.2739.79&cookie_enabled=true&device_platform=web_pc&focus_state=true&from_page=&history_len=5&is_fullscreen=false&is_page_visible=true&screen_height=2048&screen_width=1152&tz_name=America/Jamaica&channel=tiktok_web&data_collection_enabled=true&os=mac&priority_region=JM&region=JM&user_is_login=false&webcast_language=en&msToken=&referer=https://www.tiktok.com/@kikisquishyjp2/live&root_referer=https://www.tiktok.com/@kikisquishyjp2/live&device_id=81236614484328326652&room_id=7586977888377867028&room_ids=7586977888377867028 "HTTP/1.1 200 OK"
2025-12-24 00:08:17,432 - httpx - INFO - HTTP Request: GET https://webcast.tiktok.com/webcast/room/info/?aid=1988&app_language=en&app_name=tiktok_web&browser_language=en-JM&browser_name=Mozilla&browser_online=true&browser_platform=MacIntel&browser_version=5.0%20%28Macintosh%3B%20Intel%20Mac%20OS%20X%2010_15_7%29%20AppleWebKit%2F537.36%20%28KHTML%2C%20like%20Gecko%29%20Chrome%2F129.0.0.0%20Safari%2F537.36%20Edg%2F128.0.2739.79&cookie_enabled=true&device_platform=web_pc&focus_state=true&from_page=&history_len=5&is_fullscreen=false&is_page_visible=true&screen_height=2048&screen_width=1152&tz_name=America/Jamaica&channel=tiktok_web&data_collection_enabled=true&os=mac&priority_region=JM&region=JM&user_is_login=false&webcast_language=en&msToken=&referer=https://www.tiktok.com/@kikisquishyjp2/live&root_referer=https://www.tiktok.com/@kikisquishyjp2/live&device_id=73874757803205916153&room_id=7586977888377867028 "HTTP/1.1 200 OK"
2025-12-24 00:08:18,167 - httpx - INFO - HTTP Request: GET https://webcast.tiktok.com/webcast/gift/list/?aid=1988&app_language=en&app_name=tiktok_web&browser_language=en-JM&browser_name=Mozilla&browser_online=true&browser_platform=MacIntel&browser_version=5.0%20%28Macintosh%3B%20Intel%20Mac%20OS%20X%2010_15_7%29%20AppleWebKit%2F537.36%20%28KHTML%2C%20like%20Gecko%29%20Chrome%2F129.0.0.0%20Safari%2F537.36%20Edg%2F128.0.2739.79&cookie_enabled=true&device_platform=web_pc&focus_state=true&from_page=&history_len=5&is_fullscreen=false&is_page_visible=true&screen_height=2048&screen_width=1152&tz_name=America/Jamaica&channel=tiktok_web&data_collection_enabled=true&os=mac&priority_region=JM&region=JM&user_is_login=false&webcast_language=en&msToken=&referer=https://www.tiktok.com/@kikisquishyjp2/live&root_referer=https://www.tiktok.com/@kikisquishyjp2/live&device_id=88953788500987170164&room_id=7586977888377867028 "HTTP/1.1 200 OK"
2025-12-24 00:08:19,477 - httpx - INFO - HTTP Request: GET https://tiktok.eulerstream.com/webcast/fetch/?client=ttlive-python&room_id=7586977888377867028&user_agent=Mozilla%2F5.0+%28Macintosh%3B+Intel+Mac+OS+X+10_15_7%29+AppleWebKit%2F537.36+%28KHTML%2C+like+Gecko%29+Chrome%2F129.0.0.0+Safari%2F537.36+Edg%2F128.0.2739.79&platform=web&client_enter=true "HTTP/1.1 429 Too Many Requests"
2025-12-24 00:08:19,478 - __main__ - ERROR - 连接直播间失败: TikTokLive v6.6.5 -> [RATE_LIMIT] (rate_limit_account_hour) Too many connections started, try again in 0 seconds. 
	|
	+---------------------------------------- SIGN SERVER MESSAGE ----------------------------------------+
	| You have reached the rate limit. Sign up for a free API key at https://www.eulerstream.com/pricing. |
	+-----------------------------------------------------------------------------------------------------+
2025-12-24 00:08:19,478 - __main__ - INFO - @kikisquishyjp2 连接失败，300秒后重试 (连续失败: 15次)
2025-12-24 00:09:13,305 - __main__ - ERROR - 获取房间信息失败: 
2025-12-24 00:09:13,363 - __main__ - INFO - @diyladodo 无法获取房间信息
2025-12-24 00:09:13,364 - __main__ - INFO - @diyladodo 连接失败，300秒后重试 (连续失败: 17次)
2025-12-24 00:10:12,583 - httpx - INFO - HTTP Request: GET https://www.tiktok.com/@user9836661800791/live? "HTTP/1.1 200 OK"
2025-12-24 00:10:13,437 - httpx - INFO - HTTP Request: GET https://webcast.tiktok.com/webcast/room/info/?aid=1988&app_language=en&app_name=tiktok_web&browser_language=en-JM&browser_name=Mozilla&browser_online=true&browser_platform=MacIntel&browser_version=5.0%20%28Macintosh%3B%20Intel%20Mac%20OS%20X%2010_15_7%29%20AppleWebKit%2F537.36%20%28KHTML%2C%20like%20Gecko%29%20Chrome%2F129.0.0.0%20Safari%2F537.36%20Edg%2F128.0.2739.79&cookie_enabled=true&device_platform=web_pc&focus_state=true&from_page=&history_len=5&is_fullscreen=false&is_page_visible=true&screen_height=2048&screen_width=1152&tz_name=America/Jamaica&channel=tiktok_web&data_collection_enabled=true&os=mac&priority_region=JM&region=JM&user_is_login=false&webcast_language=en&msToken=&referer=https://www.tiktok.com/@user9836661800791/live&root_referer=https://www.tiktok.com/@user9836661800791/live&device_id=31003140957365342875&room_id=7587003846677777173 "HTTP/1.1 200 OK"
2025-12-24 00:10:14,085 - httpx - INFO - HTTP Request: GET https://webcast.tiktok.com/webcast/gift/list/?aid=1988&app_language=en&app_name=tiktok_web&browser_language=en-JM&browser_name=Mozilla&browser_online=true&browser_platform=MacIntel&browser_version=5.0%20%28Macintosh%3B%20Intel%20Mac%20OS%20X%2010_15_7%29%20AppleWebKit%2F537.36%20%28KHTML%2C%20like%20Gecko%29%20Chrome%2F129.0.0.0%20Safari%2F537.36%20Edg%2F128.0.2739.79&cookie_enabled=true&device_platform=web_pc&focus_state=true&from_page=&history_len=5&is_fullscreen=false&is_page_visible=true&screen_height=2048&screen_width=1152&tz_name=America/Jamaica&channel=tiktok_web&data_collection_enabled=true&os=mac&priority_region=JM&region=JM&user_is_login=false&webcast_language=en&msToken=&referer=https://www.tiktok.com/@user9836661800791/live&root_referer=https://www.tiktok.com/@user9836661800791/live&device_id=74142266457705202850&room_id=7587003846677777173 "HTTP/1.1 200 OK"
2025-12-24 00:10:14,380 - __main__ - INFO - 检查 @user9836661800791 是否在直播...
2025-12-24 00:10:14,383 - __main__ - INFO - 开始监控 @user9836661800791 的直播...
2025-12-24 00:10:14,673 - httpx - INFO - HTTP Request: GET https://webcast.tiktok.com/webcast/room/check_alive/?aid=1988&app_language=en&app_name=tiktok_web&browser_language=en-JM&browser_name=Mozilla&browser_online=true&browser_platform=MacIntel&browser_version=5.0%20%28Macintosh%3B%20Intel%20Mac%20OS%20X%2010_15_7%29%20AppleWebKit%2F537.36%20%28KHTML%2C%20like%20Gecko%29%20Chrome%2F129.0.0.0%20Safari%2F537.36%20Edg%2F128.0.2739.79&cookie_enabled=true&device_platform=web_pc&focus_state=true&from_page=&history_len=5&is_fullscreen=false&is_page_visible=true&screen_height=2048&screen_width=1152&tz_name=America/Jamaica&channel=tiktok_web&data_collection_enabled=true&os=mac&priority_region=JM&region=JM&user_is_login=false&webcast_language=en&msToken=&referer=https://www.tiktok.com/@user9836661800791/live&root_referer=https://www.tiktok.com/@user9836661800791/live&device_id=26904401202144959356&room_id=7587003846677777173&room_ids=7587003846677777173 "HTTP/1.1 200 OK"
2025-12-24 00:10:15,049 - httpx - INFO - HTTP Request: GET https://webcast.tiktok.com/webcast/room/info/?aid=1988&app_language=en&app_name=tiktok_web&browser_language=en-JM&browser_name=Mozilla&browser_online=true&browser_platform=MacIntel&browser_version=5.0%20%28Macintosh%3B%20Intel%20Mac%20OS%20X%2010_15_7%29%20AppleWebKit%2F537.36%20%28KHTML%2C%20like%20Gecko%29%20Chrome%2F129.0.0.0%20Safari%2F537.36%20Edg%2F128.0.2739.79&cookie_enabled=true&device_platform=web_pc&focus_state=true&from_page=&history_len=5&is_fullscreen=false&is_page_visible=true&screen_height=2048&screen_width=1152&tz_name=America/Jamaica&channel=tiktok_web&data_collection_enabled=true&os=mac&priority_region=JM&region=JM&user_is_login=false&webcast_language=en&msToken=&referer=https://www.tiktok.com/@user9836661800791/live&root_referer=https://www.tiktok.com/@user9836661800791/live&device_id=75212928781738712144&room_id=7587003846677777173 "HTTP/1.1 200 OK"
2025-12-24 00:10:15,611 - httpx - INFO - HTTP Request: GET https://webcast.tiktok.com/webcast/gift/list/?aid=1988&app_language=en&app_name=tiktok_web&browser_language=en-JM&browser_name=Mozilla&browser_online=true&browser_platform=MacIntel&browser_version=5.0%20%28Macintosh%3B%20Intel%20Mac%20OS%20X%2010_15_7%29%20AppleWebKit%2F537.36%20%28KHTML%2C%20like%20Gecko%29%20Chrome%2F129.0.0.0%20Safari%2F537.36%20Edg%2F128.0.2739.79&cookie_enabled=true&device_platform=web_pc&focus_state=true&from_page=&history_len=5&is_fullscreen=false&is_page_visible=true&screen_height=2048&screen_width=1152&tz_name=America/Jamaica&channel=tiktok_web&data_collection_enabled=true&os=mac&priority_region=JM&region=JM&user_is_login=false&webcast_language=en&msToken=&referer=https://www.tiktok.com/@user9836661800791/live&root_referer=https://www.tiktok.com/@user9836661800791/live&device_id=26000302427685741971&room_id=7587003846677777173 "HTTP/1.1 200 OK"
2025-12-24 00:10:16,996 - httpx - INFO - HTTP Request: GET https://tiktok.eulerstream.com/webcast/fetch/?client=ttlive-python&room_id=7587003846677777173&user_agent=Mozilla%2F5.0+%28Macintosh%3B+Intel+Mac+OS+X+10_15_7%29+AppleWebKit%2F537.36+%28KHTML%2C+like+Gecko%29+Chrome%2F129.0.0.0+Safari%2F537.36+Edg%2F128.0.2739.79&platform=web&client_enter=true "HTTP/1.1 429 Too Many Requests"
2025-12-24 00:10:16,997 - __main__ - ERROR - 连接直播间失败: TikTokLive v6.6.5 -> [RATE_LIMIT] (rate_limit_account_hour) Too many connections started, try again in 0 seconds. 
	|
	+---------------------------------------- SIGN SERVER MESSAGE ----------------------------------------+
	| You have reached the rate limit. Sign up for a free API key at https://www.eulerstream.com/pricing. |
	+-----------------------------------------------------------------------------------------------------+
2025-12-24 00:10:17,002 - __main__ - INFO - @user9836661800791 连接失败，300秒后重试 (连续失败: 6次)
2025-12-24 00:11:55,608 - httpx - INFO - HTTP Request: GET https://www.tiktok.com/@momoskye_/live? "HTTP/1.1 200 OK"
2025-12-24 00:11:55,793 - __main__ - INFO - @momoskye_ 当前离线或不存在，10分钟后重试
2025-12-24 00:11:55,796 - __main__ - INFO - @momoskye_ 无法获取房间信息
2025-12-24 00:11:55,797 - __main__ - INFO - @momoskye_ 连接失败，300秒后重试 (连续失败: 18次)
2025-12-24 00:13:20,291 - httpx - INFO - HTTP Request: GET https://www.tiktok.com/@kikisquishyjp2/live? "HTTP/1.1 200 OK"
2025-12-24 00:13:21,289 - httpx - INFO - HTTP Request: GET https://webcast.tiktok.com/webcast/room/info/?aid=1988&app_language=en&app_name=tiktok_web&browser_language=en-JM&browser_name=Mozilla&browser_online=true&browser_platform=MacIntel&browser_version=5.0%20%28Macintosh%3B%20Intel%20Mac%20OS%20X%2010_15_7%29%20AppleWebKit%2F537.36%20%28KHTML%2C%20like%20Gecko%29%20Chrome%2F129.0.0.0%20Safari%2F537.36%20Edg%2F128.0.2739.79&cookie_enabled=true&device_platform=web_pc&focus_state=true&from_page=&history_len=5&is_fullscreen=false&is_page_visible=true&screen_height=2048&screen_width=1152&tz_name=America/Jamaica&channel=tiktok_web&data_collection_enabled=true&os=mac&priority_region=JM&region=JM&user_is_login=false&webcast_language=en&msToken=&referer=https://www.tiktok.com/@kikisquishyjp2/live&root_referer=https://www.tiktok.com/@kikisquishyjp2/live&device_id=88728558985799854421&room_id=7586977888377867028 "HTTP/1.1 200 OK"
2025-12-24 00:13:22,112 - httpx - INFO - HTTP Request: GET https://webcast.tiktok.com/webcast/gift/list/?aid=1988&app_language=en&app_name=tiktok_web&browser_language=en-JM&browser_name=Mozilla&browser_online=true&browser_platform=MacIntel&browser_version=5.0%20%28Macintosh%3B%20Intel%20Mac%20OS%20X%2010_15_7%29%20AppleWebKit%2F537.36%20%28KHTML%2C%20like%20Gecko%29%20Chrome%2F129.0.0.0%20Safari%2F537.36%20Edg%2F128.0.2739.79&cookie_enabled=true&device_platform=web_pc&focus_state=true&from_page=&history_len=5&is_fullscreen=false&is_page_visible=true&screen_height=2048&screen_width=1152&tz_name=America/Jamaica&channel=tiktok_web&data_collection_enabled=true&os=mac&priority_region=JM&region=JM&user_is_login=false&webcast_language=en&msToken=&referer=https://www.tiktok.com/@kikisquishyjp2/live&root_referer=https://www.tiktok.com/@kikisquishyjp2/live&device_id=29394888926290803552&room_id=7586977888377867028 "HTTP/1.1 200 OK"
2025-12-24 00:13:22,467 - __main__ - INFO - 检查 @kikisquishyjp2 是否在直播...
2025-12-24 00:13:22,479 - __main__ - INFO - 开始监控 @kikisquishyjp2 的直播...
2025-12-24 00:13:22,787 - httpx - INFO - HTTP Request: GET https://webcast.tiktok.com/webcast/room/check_alive/?aid=1988&app_language=en&app_name=tiktok_web&browser_language=en-JM&browser_name=Mozilla&browser_online=true&browser_platform=MacIntel&browser_version=5.0%20%28Macintosh%3B%20Intel%20Mac%20OS%20X%2010_15_7%29%20AppleWebKit%2F537.36%20%28KHTML%2C%20like%20Gecko%29%20Chrome%2F129.0.0.0%20Safari%2F537.36%20Edg%2F128.0.2739.79&cookie_enabled=true&device_platform=web_pc&focus_state=true&from_page=&history_len=5&is_fullscreen=false&is_page_visible=true&screen_height=2048&screen_width=1152&tz_name=America/Jamaica&channel=tiktok_web&data_collection_enabled=true&os=mac&priority_region=JM&region=JM&user_is_login=false&webcast_language=en&msToken=&referer=https://www.tiktok.com/@kikisquishyjp2/live&root_referer=https://www.tiktok.com/@kikisquishyjp2/live&device_id=48630017721282948545&room_id=7586977888377867028&room_ids=7586977888377867028 "HTTP/1.1 200 OK"
2025-12-24 00:13:23,211 - httpx - INFO - HTTP Request: GET https://webcast.tiktok.com/webcast/room/info/?aid=1988&app_language=en&app_name=tiktok_web&browser_language=en-JM&browser_name=Mozilla&browser_online=true&browser_platform=MacIntel&browser_version=5.0%20%28Macintosh%3B%20Intel%20Mac%20OS%20X%2010_15_7%29%20AppleWebKit%2F537.36%20%28KHTML%2C%20like%20Gecko%29%20Chrome%2F129.0.0.0%20Safari%2F537.36%20Edg%2F128.0.2739.79&cookie_enabled=true&device_platform=web_pc&focus_state=true&from_page=&history_len=5&is_fullscreen=false&is_page_visible=true&screen_height=2048&screen_width=1152&tz_name=America/Jamaica&channel=tiktok_web&data_collection_enabled=true&os=mac&priority_region=JM&region=JM&user_is_login=false&webcast_language=en&msToken=&referer=https://www.tiktok.com/@kikisquishyjp2/live&root_referer=https://www.tiktok.com/@kikisquishyjp2/live&device_id=35204014823776079978&room_id=7586977888377867028 "HTTP/1.1 200 OK"
2025-12-24 00:13:23,988 - httpx - INFO - HTTP Request: GET https://webcast.tiktok.com/webcast/gift/list/?aid=1988&app_language=en&app_name=tiktok_web&browser_language=en-JM&browser_name=Mozilla&browser_online=true&browser_platform=MacIntel&browser_version=5.0%20%28Macintosh%3B%20Intel%20Mac%20OS%20X%2010_15_7%29%20AppleWebKit%2F537.36%20%28KHTML%2C%20like%20Gecko%29%20Chrome%2F129.0.0.0%20Safari%2F537.36%20Edg%2F128.0.2739.79&cookie_enabled=true&device_platform=web_pc&focus_state=true&from_page=&history_len=5&is_fullscreen=false&is_page_visible=true&screen_height=2048&screen_width=1152&tz_name=America/Jamaica&channel=tiktok_web&data_collection_enabled=true&os=mac&priority_region=JM&region=JM&user_is_login=false&webcast_language=en&msToken=&referer=https://www.tiktok.com/@kikisquishyjp2/live&root_referer=https://www.tiktok.com/@kikisquishyjp2/live&device_id=60263085148853027119&room_id=7586977888377867028 "HTTP/1.1 200 OK"
2025-12-24 00:13:24,762 - httpx - INFO - HTTP Request: GET https://tiktok.eulerstream.com/webcast/fetch/?client=ttlive-python&room_id=7586977888377867028&user_agent=Mozilla%2F5.0+%28Macintosh%3B+Intel+Mac+OS+X+10_15_7%29+AppleWebKit%2F537.36+%28KHTML%2C+like+Gecko%29+Chrome%2F129.0.0.0+Safari%2F537.36+Edg%2F128.0.2739.79&platform=web&client_enter=true "HTTP/1.1 429 Too Many Requests"
2025-12-24 00:13:24,766 - __main__ - ERROR - 连接直播间失败: TikTokLive v6.6.5 -> [RATE_LIMIT] (rate_limit_account_hour) Too many connections started, try again in 0 seconds. 
	|
	+---------------------------------------- SIGN SERVER MESSAGE ----------------------------------------+
	| You have reached the rate limit. Sign up for a free API key at https://www.eulerstream.com/pricing. |
	+-----------------------------------------------------------------------------------------------------+
2025-12-24 00:13:24,766 - __main__ - INFO - @kikisquishyjp2 连接失败，300秒后重试 (连续失败: 16次)
2025-12-24 00:14:14,164 - httpx - INFO - HTTP Request: GET https://www.tiktok.com/@diyladodo/live? "HTTP/1.1 200 OK"
2025-12-24 00:14:14,361 - __main__ - INFO - @diyladodo 当前离线或不存在，10分钟后重试
2025-12-24 00:14:14,363 - __main__ - INFO - @diyladodo 无法获取房间信息
2025-12-24 00:14:14,364 - __main__ - INFO - @diyladodo 连接失败，300秒后重试 (连续失败: 18次)
2025-12-24 00:14:20,975 - httpx - INFO - HTTP Request: GET https://www.tiktok.com/@dokidokidiy01/live? "HTTP/1.1 200 OK"
2025-12-24 00:14:21,210 - __main__ - INFO - @dokidokidiy01 当前离线或不存在，10分钟后重试
2025-12-24 00:14:21,214 - __main__ - INFO - @dokidokidiy01 无法获取房间信息
2025-12-24 00:14:21,214 - __main__ - INFO - @dokidokidiy01 离线中，10分钟后重新检查
2025-12-24 00:15:18,594 - httpx - INFO - HTTP Request: GET https://www.tiktok.com/@user9836661800791/live? "HTTP/1.1 200 OK"
2025-12-24 00:15:18,815 - __main__ - INFO - @user9836661800791 当前离线或不存在，10分钟后重试
2025-12-24 00:15:18,816 - __main__ - INFO - @user9836661800791 无法获取房间信息
2025-12-24 00:15:18,816 - __main__ - INFO - @user9836661800791 连接失败，300秒后重试 (连续失败: 7次)
